-- phpMyAdmin SQL Dump
-- version 5.2.1
-- https://www.phpmyadmin.net/
--
-- Host: 127.0.0.1
-- Generation Time: Apr 09, 2024 at 07:31 PM
-- Wersja serwera: 10.4.32-MariaDB
-- Wersja PHP: 8.2.12

SET SQL_MODE = "NO_AUTO_VALUE_ON_ZERO";
START TRANSACTION;
SET time_zone = "+00:00";


/*!40101 SET @OLD_CHARACTER_SET_CLIENT=@@CHARACTER_SET_CLIENT */;
/*!40101 SET @OLD_CHARACTER_SET_RESULTS=@@CHARACTER_SET_RESULTS */;
/*!40101 SET @OLD_COLLATION_CONNECTION=@@COLLATION_CONNECTION */;
/*!40101 SET NAMES utf8mb4 */;

--
-- Database: `sklepik`
--

-- --------------------------------------------------------

--
-- Struktura tabeli dla tabeli `activities`
--

CREATE TABLE `activities` (
  `id` int(11) NOT NULL,
  `name` text DEFAULT NULL
) ENGINE=InnoDB DEFAULT CHARSET=utf8mb4 COLLATE=utf8mb4_general_ci;

--
-- Dumping data for table `activities`
--

INSERT INTO `activities` (`id`, `name`) VALUES
(1, 'Inne'),
(2, 'Bułki'),
(3, 'Kasa'),
(4, 'HotDogi'),
(5, 'Sprzątanie'),
(6, 'Księgowość'),
(7, 'Dostawa');

-- --------------------------------------------------------

--
-- Struktura tabeli dla tabeli `articles`
--

CREATE TABLE `articles` (
  `id` int(11) NOT NULL,
  `price` decimal(10,2) DEFAULT NULL,
  `code` text DEFAULT NULL,
  `type` enum('article','product','discount','promotion') DEFAULT NULL,
  `short_name` text DEFAULT NULL,
  `full_name` text DEFAULT NULL,
  `company_id` int(11) DEFAULT NULL
) ENGINE=InnoDB DEFAULT CHARSET=utf8mb4 COLLATE=utf8mb4_general_ci;

--
-- Dumping data for table `articles`
--

INSERT INTO `articles` (`id`, `price`, `code`, `type`, `short_name`, `full_name`, `company_id`) VALUES
(1, 0.50, '11', 'article', 'Papier jadalny', 'Papier Jadalny', NULL),
(2, 2.00, '41', 'product', 'Bułka z masłem', 'Bułka z masłem', NULL),
(3, 3.00, '42', 'product', 'Bułka z szynką', 'Bułka z szynką', NULL),
(4, 3.00, '43', 'product', 'Bułka z serem', 'Bułka z serem', NULL),
(5, 4.00, '44', 'product', 'Bułka z serem i szynką', 'Bułka z serem i szynką', NULL),
(6, 6.00, '45', 'product', 'Bułka Gołosza', 'Bułka Gołosza', NULL),
(7, 1.00, '48', 'product', 'Bułka HotDog', 'Bułka HotDog', NULL),
(8, 1.00, '49', 'product', 'Bułka', 'Bułka', NULL),
(9, 2.00, '21', 'product', 'Tost z masłem', 'Tost z masłem', NULL),
(10, 3.00, '22', 'product', 'Tost z szynką', 'Tost z szynką', NULL),
(11, 3.00, '23', 'product', 'Tost z serem', 'Tost z serem', NULL),
(12, 4.00, '24', 'product', 'Tost z serem i szynką', 'Tost z serem i szynką', NULL),
(13, 5.00, '51', 'product', 'Kawa Kubek', 'Kawa Kubek', NULL),
(14, 4.00, '52', 'product', 'Kawa Kubek Własny', 'Kawa w kubku klienta', NULL),
(15, 5.00, '30', 'product', 'HotDog', 'HotDog', NULL),
(16, 0.00, '61', 'product', 'Ciemna wersja', 'Ciemna wersja bułki', NULL),
(17, 0.50, '62', 'product', 'Podgrzanie bułki', 'Podgrzanie bułki', NULL),
(18, 4.00, '81', 'product', 'Płatki', 'Płatki', NULL),
(19, 1.00, '71', 'article', 'Długopis niebieski', 'Długopis niebieski', NULL),
(20, 1.00, '72', 'article', 'Długopis czarny', 'Długopis czarny', NULL),
(21, 4.00, '4025500253905', 'article', 'MM Ciasteczkowy', 'MullerMilch Ciasteczkowy', NULL),
(22, 4.00, '4025500132477', 'article', 'MM Czekoladowy', 'MullerMilch Czekoladowy', NULL),
(23, 4.00, '4025500135645', 'article', 'MM Truskawkowy', 'MullerMilch Truskowkowy', NULL),
(24, 4.00, '4025500132446', 'article', 'MM Pistacjowy', 'MullerMilch Pistacjowy', NULL),
(25, 5.00, '4025500260132', 'article', 'MMS Truskawkowy', 'MullerMilch Truskawkowy', NULL),
(26, 5.00, '4025500269166', 'article', 'MMS Bananowy', 'MullerMilch Shake Bananowy', NULL),
(27, 5.00, '4025500269180', 'article', 'MMS Waniliowy', 'MullerMilch Shake Waniliowy', NULL),
(28, 5.00, '4025500260187', 'article', 'MMS Czekoladowy', 'MullerMilch Shake Czekoladowy', NULL),
(29, 5.00, '5901939103099', 'article', 'Skyr Jagodowy', 'Skyr Jagodowy', NULL),
(30, 5.00, '5901939103075', 'article', 'Skyr Waniliowy', 'Skyr Waniliowy', NULL),
(31, 5.00, '5901939103235', 'article', 'Skyr Tru-Kiwi', 'Skyr Truskawka-Kiwi', NULL),
(32, 2.50, '4014500021560', 'article', 'Jogurt Truskawkowy', 'Jogurt Truskawkowy', NULL),
(33, 2.50, '4014500021560', 'article', 'Jogurt Jabłkowy', 'Jogurt Jabłkowy', NULL),
(34, 2.50, '4014500021560', 'article', 'Jogurt Jagodowy', 'Jogurt Jagodowy', NULL),
(35, 2.50, '4014500006093', 'article', 'Jogurt Brzoskwiniowy', 'Jogurt Brzoskiwniowy', NULL),
(36, 2.50, '5900334010544', 'article', 'Tym 0,25l Jab-Kiwi', 'Tymbark Sok 0,25l Jabłko-Kiwi', NULL),
(37, 2.50, '5900334000859', 'article', 'Tym 0,25l Jab-Mie', 'Tymbark Sok 0,25l Jabłko-Mięta', NULL),
(38, 2.50, '5900334015747', 'article', 'Tym 0,25l Man-Mie', 'Tymbark Sok 0,25l Mango-Mięta', NULL),
(39, 2.50, '5900334000767', 'article', 'Tym 0,25l Mal-Mie', 'Tymbark Sok 0,25l Malina-Mięta', NULL),
(40, 2.50, '5900334000880', 'article', 'Tym 0,25l Jab-Wis', 'Tymbark Sok 0,25l Jabłko-Wiśnia', NULL),
(41, 2.50, '5900334005625', 'article', 'Tym 0,25l Jab-Arb', 'Tymbark Sok 0,25l Jabłko-Arbuz', NULL),
(42, 3.50, '5900334000279', 'article', 'Tym 0,5l Jab-Brz', 'Tymbark Sok 0,5l Jabłko-Brzoskwinia', NULL),
(43, 3.50, '5900334000255', 'article', 'Tym 0,5l Jab-Mie', 'Tymbark Sok 0,5l Jabłko-Mięta', NULL),
(44, 3.50, '5900334000286', 'article', 'Tym 0,5l Jab-Wis', 'Tymbark Sok 0,5l Jabłko-Wiśnia', NULL),
(45, 5.50, '5900334012753', 'article', 'Tym 1l Jab Karton', 'Tymbark Sok 1l Jabłko Karton', NULL),
(46, 5.50, '5900334005939', 'article', 'Tym 1l Jab Butelka', 'Tymbark Sok 1l Jabłko Butelka', NULL),
(47, 5.50, '5900334013378', 'article', 'Tym 1l Multi', 'Tymbark Sok 1l Multiwitamina', NULL),
(48, 4.50, '5900334001047', 'article', 'Tym 1l Kaktus', 'Tymbark Sok 1l Kaktus', NULL),
(49, 2.00, '20820701', 'article', 'Pałeczki kukurydziane', 'Pałeczki kukurydziane', NULL),
(50, 2.00, '20981136', 'article', 'Chrupki kukurydziane', 'Chrupki kukurydziane', NULL),
(51, 5.00, '5900334006233', 'article', 'Tym 2L Jab-Wis', 'Tymbark Sok 2l Jabłko-Wiśnia', NULL),
(52, 5.00, '5900334000910', 'article', 'Tym 2L Jab-Brz', 'Tymbark Sok 2l Jabłko-Brzoskwinia', NULL),
(53, 6.00, '5900334017734', 'article', 'Nest 1,5L Lem', 'Nestea 1,5l Lemon', NULL),
(54, 6.00, '5900334017741', 'article', 'Nest 1,5L Peach', 'Nestea 1,5l Peach', NULL),
(55, 6.00, '5900334017758', 'article', 'Nest GT Citrus', 'Nestea 1,5l Green Tea Citrus', NULL),
(56, 2.00, '5904017396079', 'article', 'Zeszyt', 'Zeszyt', NULL),
(57, 1.50, '5904215157847', 'article', 'Chusteczki', 'Chusteczki', NULL),
(58, 2.50, '5902078000201', 'article', 'Cisowianka ngaz', 'Cisowianka niegazowana', NULL),
(59, 3.00, '5900541000017', 'article', 'Żywiec mocny', 'Żywiec zdrój mocny gaz', NULL),
(60, 5.50, '5900334020406', 'article', 'tym 1l jab-gru', 'tymbark 1l jabłko-gruszka', NULL),
(61, 5.50, '5900334020390', 'article', 'tym 1l jab-śli', 'tymbark 1l jabłko-śliwka', NULL),
(62, 1.00, '12', 'article', 'Pałeczka lodowa', 'Pałeczka lodowa', NULL),
(63, 5.00, '5900334006257', 'article', 'Tym 2L Jab-Mie', 'Tymbark Sok 2l Jabłko Mięta', NULL),
(64, 4.00, '4025500268121', 'article', 'MM Biała Czekolda', 'MullerMilch Biała Czekolada', NULL),
(65, 6.00, '5900497043366', 'article', 'Lip 1,5L Peach', 'Lipton 1,5L Peach', NULL),
(66, 5.50, '5900334012685', 'article', 'Tym 1l Pom', 'Tymbark 1l Pomarańcz', NULL),
(67, 5.00, '5900334006240', 'article', 'Tym 2L Pom-Brz', 'Tymbark Sok 2l Pomarańcza Brzoskwinia', NULL),
(68, 7.00, '31', 'product', 'Double-dog', 'Double-dog', NULL),
(69, 3.00, '5907691082092', 'article', 'Oblaty Kawowe', 'Oblaty Kawowe', NULL),
(70, 3.00, '5907666575376', 'article', 'Oblaty Light', 'Oblaty Light', NULL),
(71, 3.00, '5907666575154', 'article', 'Oblaty Słodkie', 'Oblaty Słodkie', NULL),
(72, 3.00, '5907666575017', 'article', 'Oblaty Czosnkowe', 'Oblaty Czosnkowe', NULL),
(73, 3.00, '5907666575321', 'article', 'Oblaty Waniliowe', 'Oblaty Waniliowe', NULL),
(74, 6.00, '5900497043342', 'article', 'Lip 1,5L Lemon', 'Lipton 1,5L Lemon', NULL),
(75, 6.00, '5900497043380', 'article', 'Lip 1,5L Green Tea', 'Lipton 1,5L Green Tea', NULL),
(76, 5.00, '5900334006264', 'article', 'Tym 2L Jab-Brz', 'Tymbark Sok 2l Jabłko Brzoskwinia', NULL),
(77, 4.00, '4025500132415', 'article', 'MM Waniliowy', 'MullerMilch Waniliowy', NULL),
(78, 20.00, '5900854001367', 'product', 'Sos 1000 Wysp', 'Sos 1000 Wysp 0,95kg', NULL),
(79, 20.00, '5900854008588', 'product', 'Sos Remulada', 'Sos Remulada 0,95kg', NULL),
(80, 20.00, '5900854013674', 'product', 'Sos Amerykański', 'Sos Amerykański 0,95kg', NULL),
(81, 5.00, '5900334001566', 'article', 'Tym 2L Jab-Gru', 'Tymbark Sok 2l Jabłko Gruszka', NULL),
(82, 4.00, '73', 'article', 'Brelok', 'Brelok Logo ZS4', NULL),
(83, -0.50, '25195078985541290000', 'discount', 'Zniżka pracownicza - Manoryk', 'Zniżka pracownicza - Igor Manoryk', NULL),
(84, -0.50, '88999588853491610000', 'discount', 'Zniżka pracownicza - Gołata', 'Zniżka pracownicza - Monika Gołata', NULL),
(85, -0.50, '19651767413181338000', 'discount', 'Zniżka pracownicza - Bartosz', 'Zniżka pracownicza - Bartosz Szypuła', NULL),
(86, -0.50, '33214551463626187000', 'discount', 'Zniżka pracownicza - Wołyniec', 'Zniżka pracownicza - Maksym Wołyniec', NULL),
(87, -0.50, '88860848104549780000', 'discount', 'Zniżka pracownicza - Kozyra', 'Zniżka pracownicza - Jakub Kozyra', NULL),
(88, -0.50, '74727891292913040000', 'discount', 'Zniżka pracownicza - Skorek', 'Zniżka pracownicza - Kacper Skorek', NULL),
(89, -0.50, '12341997520896573000', 'discount', 'Zniżka pracownicza - Balcerek', 'Zniżka pracownicza - Jakub Balcerek', NULL),
(90, -0.50, '93475913292790050000', 'discount', 'Zniżka pracownicza - Topczewski', 'Zniżka pracownicza - Dawid Topczewski', NULL),
(91, -0.50, '80169573023885850000', 'discount', 'Zniżka pracownicza - Ross', 'Zniżka pracownicza - Matteo Ross', NULL),
(92, -0.50, '27545222944903830000', 'discount', 'Zniżka pracownicza - Załóg', 'Zniżka pracownicza - Mateusz Załóg', NULL),
(93, -0.50, '11359012908727558000', 'discount', 'Zniżka pracownicza - Zdziarski', 'Zniżka pracownicza - Konrad Zdziarski', NULL),
(94, -0.50, '66562183352196850000', 'discount', 'Zniżka pracownicza - Zarzycki', 'Zniżka pracownicza - Patryk Zarzycki', NULL),
(95, -0.50, '35267370689892260000', 'discount', 'Zniżka pracownicza - Łukasz', 'Zniżka pracownicza - Szymon Łukasz', NULL),
(96, -0.50, '67685136012979905000', 'discount', 'Zniżka pracownicza - Studniarz', 'Zniżka pracownicza - Grzegorz Studniarz', NULL),
(97, -0.50, '54927617596020560000', 'discount', 'Zniżka pracownicza - Małek', 'Zniżka pracownicza - Paweł Małek', NULL),
(98, -0.50, '50341815695976554000', 'discount', 'Zniżka pracownicza - Partyka', 'Zniżka pracownicza - Kacper Partyka', NULL),
(99, -0.50, '81874491055002450000', 'discount', 'Zniżka pracownicza - Bednarek', 'Zniżka pracownicza - Patryk Bednarek', NULL),
(100, -0.50, '40869971777828360000', 'discount', 'Zniżka pracownicza - Wróbel', 'Zniżka pracownicza - Fabian Wróbel', NULL),
(101, -0.50, '34733070962346918000', 'discount', 'Zniżka pracownicza - Czop', 'Zniżka pracownicza - Sebastian Czop', NULL),
(102, -0.50, '79791923339733700000', 'discount', 'Zniżka pracownicza - Śliwa', 'Zniżka pracownicza - Szymon Śliwa', NULL),
(103, -0.50, '71500804350329280000', 'discount', 'Zniżka pracownicza - Bieniek', 'Zniżka pracownicza - Mateusz Bieniek', NULL),
(104, -0.50, '19943832648463570000', 'discount', 'Zniżka pracownicza - Patryk Kula', 'Zniżka pracownicza - Patryk Kula', NULL),
(105, -0.50, '54923387415633390000', 'discount', 'Zniżka pracownicza - Tobiasz Stefaniuk', 'Zniżka pracownicza - Tobiasz Stefaniuk', NULL),
(106, -0.50, '33116754656132604000', 'discount', 'Zniżka pracownicza - Szymon Wójcik', 'Zniżka pracownicza - Szymon Wójcik', NULL),
(107, -0.50, '10881661829915027000', 'discount', 'Zniżka pracownicza - Franciszek Gołąbek', 'Zniżka pracownicza - Franciszek Gołąbek', NULL),
(108, 0.50, '63', 'product', 'Priorytet', 'Priorytet', NULL),
(109, 5.50, '5900334005526', 'article', 'Tym 1l Banan', 'Tymbark Sok 1l Banan', NULL),
(110, 2.50, '5900334000835', 'article', 'Tym 0.25l Brzos Pomar', 'Tymbark 0.25l Brzoskwinia Pomarańcza', NULL),
(111, -0.50, '31733948591396225000', 'discount', 'Zniżka pracownicza - Poloczek', 'Zniżka pracownicza - Poloczek Ania', NULL),
(112, -0.50, '2137420691337', 'discount', 'Zniżka pracownicza - Szmurło', 'Zniżka pracownicza - Szmurło Oskar', NULL),
(113, 7.00, '32', 'product', 'ZegDog', 'Hot Dog Zegowski', NULL),
(114, 1.00, '13', 'article', 'Papier Jadalny 3x', 'Papier Jadalny 3x', NULL),
(115, 5.00, '5900334006738', 'article', 'Tym 2L Jab-Wis', 'Tymbark 2L Jabłko Wiśnia', NULL),
(116, 5.00, '5900334004307', 'article', 'Tym 2L Jab-Mie', 'Tymbark 2L Jabłko Mięta', NULL),
(117, 5.00, '5900334000910', 'article', 'Tym 2L Jab-Brz', 'Tymbark 2L Jabłko Brzoskwinia', NULL);

-- --------------------------------------------------------

--
-- Struktura tabeli dla tabeli `articles_sellment`
--

CREATE TABLE `articles_sellment` (
  `id` int(11) NOT NULL,
  `article_id` int(11) DEFAULT NULL,
  `order_id` int(11) DEFAULT NULL,
  `price` decimal(10,2) DEFAULT NULL,
  `amount` int(11) DEFAULT NULL
) ENGINE=InnoDB DEFAULT CHARSET=utf8mb4 COLLATE=utf8mb4_general_ci;

--
-- Dumping data for table `articles_sellment`
--

INSERT INTO `articles_sellment` (`id`, `article_id`, `order_id`, `price`, `amount`) VALUES
(1, 13, 1, 3.00, 1),
(2, 44, 2, 3.50, 1),
(3, 48, 2, 4.50, 1),
(4, 47, 2, 5.50, 1),
(5, 56, 3, 2.00, 2),
(6, 5, 4, 4.00, 1),
(7, 39, 5, 2.50, 1),
(8, 6, 6, 6.00, 1),
(9, 6, 7, 6.00, 1),
(10, 15, 8, 5.00, 1),
(11, 51, 9, 5.00, 1),
(12, 15, 10, 5.00, 1),
(13, 15, 11, 5.00, 2),
(14, 6, 12, 6.00, 1),
(15, 15, 13, 5.00, 1),
(16, 5, 14, 4.00, 1),
(17, 5, 15, 4.00, 1),
(18, 46, 16, 5.50, 1),
(19, 12, 17, 4.00, 2),
(20, 6, 17, 6.00, 1),
(21, 37, 18, 2.50, 1),
(22, 6, 19, 6.00, 1),
(23, 52, 20, 5.00, 1),
(24, 15, 21, 5.00, 1),
(25, 15, 22, 5.00, 1),
(26, 5, 23, 4.00, 1),
(27, 15, 24, 5.00, 1),
(28, 12, 25, 4.00, 1),
(29, 48, 26, 4.50, 1),
(30, 15, 27, 5.00, 1),
(31, 15, 28, 5.00, 2),
(32, 15, 29, 5.00, 1),
(33, 15, 30, 5.00, 1),
(34, 15, 31, 5.00, 2),
(35, 6, 32, 6.00, 1),
(36, 43, 33, 3.50, 1),
(37, 5, 34, 4.00, 1),
(38, 29, 35, 5.00, 1),
(39, 48, 36, 4.50, 1),
(40, 6, 37, 6.00, 1),
(41, 16, 37, 0.00, 1),
(42, 44, 38, 3.50, 1),
(43, 43, 39, 3.50, 1),
(44, 15, 40, 5.00, 1),
(45, 21, 40, 4.00, 1),
(46, 15, 41, 5.00, 1),
(47, 15, 42, 5.00, 1),
(48, 6, 43, 6.00, 1),
(49, 16, 43, 0.00, 1),
(50, 6, 44, 6.00, 1),
(51, 16, 44, 0.00, 1),
(52, 6, 45, 6.00, 1),
(53, 16, 45, 0.00, 1),
(54, 52, 46, 5.00, 1),
(55, 17, 47, 0.50, 1),
(56, 52, 48, 5.00, 1),
(57, 15, 49, 5.00, 1),
(58, 15, 50, 5.00, 1),
(59, 51, 51, 5.00, 1),
(60, 6, 52, 6.00, 1),
(61, 36, 53, 2.50, 1),
(62, 5, 54, 4.00, 1),
(63, 44, 55, 3.50, 1),
(64, 13, 56, 3.00, 1),
(65, 6, 57, 6.00, 1),
(66, 17, 57, 0.50, 1),
(67, 6, 58, 6.00, 1),
(68, 17, 58, 0.50, 1),
(69, 6, 59, 6.00, 1),
(70, 15, 60, 5.00, 1),
(71, 21, 60, 4.00, 1),
(72, 6, 61, 6.00, 1),
(73, 6, 62, 6.00, 1),
(74, 17, 62, 0.50, 1),
(75, 15, 63, 5.00, 1),
(76, 15, 64, 5.00, 1),
(77, 15, 65, 5.00, 3),
(78, 21, 65, 4.00, 1),
(79, 51, 66, 5.00, 2),
(80, 15, 67, 5.00, 1),
(81, 44, 68, 3.50, 1),
(82, 6, 69, 6.00, 2),
(83, 29, 69, 5.00, 1),
(84, 52, 70, 5.00, 1),
(85, 15, 71, 5.00, 1),
(86, 15, 72, 5.00, 1),
(87, 43, 73, 3.50, 1),
(88, 15, 74, 5.00, 1),
(89, 15, 75, 5.00, 1),
(90, 15, 76, 5.00, 1),
(91, 15, 77, 5.00, 2),
(92, 51, 78, 5.00, 1),
(93, 51, 79, 5.00, 1),
(94, 12, 80, 4.00, 1),
(95, 15, 81, 5.00, 1),
(96, 54, 82, 6.00, 1),
(97, 30, 83, 5.00, 1),
(98, 53, 84, 6.00, 1),
(99, 39, 85, 2.50, 1),
(100, 48, 86, 4.50, 1),
(101, 12, 87, 4.00, 1),
(102, 47, 87, 5.50, 1),
(103, 15, 88, 5.00, 1),
(104, 42, 89, 3.50, 1),
(105, 5, 90, 4.00, 1),
(106, 4, 91, 3.00, 1),
(107, 15, 92, 5.00, 1),
(108, 15, 93, 5.00, 1),
(109, 28, 93, 5.00, 1),
(110, 15, 94, 5.00, 1),
(111, 6, 95, 6.00, 1),
(112, 17, 95, 0.50, 1),
(113, 22, 96, 4.00, 1),
(114, 42, 97, 3.50, 1),
(115, 44, 98, 3.50, 1),
(116, 15, 99, 5.00, 1),
(117, 17, 100, 0.50, 1),
(118, 4, 101, 3.00, 1),
(119, 15, 102, 5.00, 1),
(120, 15, 103, 5.00, 1),
(121, 22, 104, 4.00, 1),
(122, 15, 105, 5.00, 1),
(123, 15, 106, 5.00, 1),
(124, 22, 107, 4.00, 1),
(125, 47, 108, 5.50, 1),
(126, 21, 109, 4.00, 1),
(127, 44, 110, 3.50, 1),
(128, 11, 111, 3.00, 2),
(129, 15, 111, 5.00, 1),
(130, 48, 111, 4.50, 1),
(131, 15, 112, 5.00, 2),
(132, 15, 113, 5.00, 1),
(133, 15, 114, 5.00, 1),
(134, 44, 115, 3.50, 1),
(135, 39, 116, 2.50, 1),
(136, 31, 117, 5.00, 1),
(137, 44, 118, 3.50, 1),
(138, 15, 119, 5.00, 1),
(139, 44, 120, 3.50, 1),
(140, 52, 121, 5.00, 1),
(141, 13, 122, 3.00, 3),
(142, 36, 123, 2.50, 1),
(143, 44, 124, 3.50, 1),
(144, 52, 125, 5.00, 1),
(145, 14, 126, 2.00, 1),
(146, 15, 127, 5.00, 1),
(147, 44, 127, 3.50, 1),
(148, 43, 127, 3.50, 1),
(149, 6, 128, 6.00, 1),
(150, 43, 129, 3.50, 1),
(151, 6, 130, 6.00, 1),
(152, 4, 131, 3.00, 1),
(153, 6, 132, 6.00, 1),
(154, 12, 133, 4.00, 1),
(155, 39, 134, 2.50, 1),
(156, 15, 135, 5.00, 1),
(157, 53, 136, 6.00, 1),
(158, 15, 136, 5.00, 1),
(159, 15, 137, 5.00, 4),
(160, 51, 137, 5.00, 1),
(161, 52, 137, 5.00, 1),
(162, 52, 138, 5.00, 1),
(163, 15, 139, 5.00, 1),
(164, 6, 140, 6.00, 1),
(165, 15, 141, 5.00, 1),
(166, 47, 142, 5.50, 1),
(167, 5, 143, 4.00, 1),
(168, 15, 144, 5.00, 1),
(169, 15, 145, 5.00, 2),
(170, 6, 146, 6.00, 1),
(171, 17, 146, 0.50, 1),
(172, 15, 147, 5.00, 1),
(173, 15, 148, 5.00, 1),
(174, 15, 149, 5.00, 1),
(175, 6, 150, 6.00, 1),
(176, 15, 151, 5.00, 1),
(177, 15, 152, 5.00, 1),
(178, 15, 153, 5.00, 1),
(179, 36, 154, 2.50, 1),
(180, 15, 155, 5.00, 1),
(181, 15, 156, 5.00, 1),
(182, 15, 157, 5.00, 1),
(183, 12, 158, 4.00, 1),
(184, 15, 159, 5.00, 1),
(185, 15, 160, 5.00, 1),
(186, 15, 161, 5.00, 1),
(187, 4, 162, 3.00, 1),
(188, 15, 163, 5.00, 1),
(189, 15, 164, 5.00, 1),
(190, 5, 165, 4.00, 1),
(191, 48, 165, 4.50, 1),
(192, 12, 166, 4.00, 1),
(193, 6, 167, 6.00, 1),
(194, 21, 167, 4.00, 1),
(195, 31, 168, 5.00, 1),
(196, 11, 169, 3.00, 2),
(197, 36, 169, 2.50, 1),
(198, 12, 170, 4.00, 1),
(199, 15, 171, 5.00, 1),
(200, 11, 172, 3.00, 1),
(201, 42, 173, 3.50, 1),
(202, 12, 174, 4.00, 2),
(203, 44, 175, 3.50, 2),
(204, 6, 176, 6.00, 1),
(205, 16, 176, 0.00, 1),
(206, 14, 177, 2.00, 2),
(207, 5, 178, 4.00, 1),
(208, 16, 178, 0.00, 1),
(209, 37, 179, 2.50, 1),
(210, 14, 180, 2.00, 1),
(211, 15, 181, 5.00, 1),
(212, 53, 182, 6.00, 1),
(213, 58, 183, 2.50, 1),
(214, 29, 183, 5.00, 1),
(215, 7, 184, 1.00, 6),
(216, 14, 185, 2.00, 1),
(217, 53, 186, 6.00, 1),
(218, 30, 187, 5.00, 1),
(219, 4, 188, 3.00, 1),
(220, 51, 189, 5.00, 1),
(221, 23, 190, 4.00, 1),
(222, 15, 191, 5.00, 4),
(223, 15, 192, 5.00, 4),
(224, 15, 193, 5.00, 1),
(225, 15, 194, 5.00, 1),
(226, 6, 195, 6.00, 1),
(227, 58, 196, 2.50, 1),
(228, 15, 196, 5.00, 1),
(229, 15, 197, 5.00, 1),
(230, 15, 198, 5.00, 1),
(231, 15, 199, 5.00, 1),
(232, 15, 200, 5.00, 1),
(233, 52, 201, 5.00, 1),
(234, 48, 202, 4.50, 1),
(235, 39, 203, 2.50, 1),
(236, 48, 203, 4.50, 1),
(237, 58, 204, 2.50, 1),
(238, 56, 205, 2.00, 1),
(239, 58, 205, 2.50, 1),
(240, 58, 206, 2.50, 1),
(241, 58, 207, 2.50, 1),
(242, 52, 208, 5.00, 1),
(243, 51, 209, 5.00, 1),
(244, 15, 210, 5.00, 1),
(245, 15, 211, 5.00, 1),
(246, 13, 212, 3.00, 1),
(247, 15, 213, 5.00, 1),
(248, 15, 214, 5.00, 1),
(249, 44, 215, 3.50, 1),
(250, 6, 215, 6.00, 1),
(251, 52, 216, 5.00, 1),
(252, 1, 217, 0.50, 2),
(253, 38, 218, 2.50, 1),
(254, 6, 219, 6.00, 1),
(255, 16, 219, 0.00, 1),
(256, 15, 220, 5.00, 1),
(257, 15, 221, 5.00, 1),
(258, 15, 222, 5.00, 1),
(259, 15, 223, 5.00, 1),
(260, 12, 224, 4.00, 2),
(261, 53, 225, 6.00, 1),
(262, 15, 226, 5.00, 1),
(263, 15, 227, 5.00, 1),
(264, 15, 228, 5.00, 1),
(265, 6, 229, 6.00, 1),
(266, 17, 229, 0.50, 1),
(267, 6, 230, 6.00, 1),
(268, 17, 230, 0.50, 1),
(269, 11, 231, 3.00, 2),
(270, 42, 232, 3.50, 1),
(271, 28, 233, 5.00, 1),
(272, 24, 234, 4.00, 1),
(273, 48, 235, 4.50, 1),
(274, 12, 236, 4.00, 2),
(275, 39, 237, 2.50, 1),
(276, 53, 238, 6.00, 1),
(277, 6, 239, 6.00, 1),
(278, 6, 240, 6.00, 1),
(279, 6, 241, 6.00, 1),
(280, 5, 242, 4.00, 1),
(281, 42, 242, 3.50, 1),
(282, 58, 243, 2.50, 1),
(283, 5, 243, 4.00, 1),
(284, 6, 243, 6.00, 1),
(285, 4, 243, 3.00, 1),
(286, 44, 243, 3.50, 1),
(287, 24, 244, 4.00, 1),
(288, 15, 244, 5.00, 1),
(289, 15, 245, 5.00, 1),
(290, 48, 245, 4.50, 1),
(291, 6, 246, 6.00, 1),
(292, 17, 246, 0.50, 1),
(293, 6, 247, 6.00, 1),
(294, 17, 247, 0.50, 1),
(295, 15, 248, 5.00, 1),
(296, 15, 249, 5.00, 1),
(297, 15, 250, 5.00, 1),
(298, 15, 251, 5.00, 1),
(299, 58, 252, 2.50, 1),
(300, 51, 253, 5.00, 1),
(301, 15, 254, 5.00, 1),
(302, 44, 255, 3.50, 1),
(303, 4, 256, 3.00, 1),
(304, 15, 257, 5.00, 2),
(305, 6, 258, 6.00, 1),
(306, 17, 258, 0.50, 1),
(307, 15, 259, 5.00, 2),
(308, 15, 260, 5.00, 1),
(309, 5, 261, 4.00, 2),
(310, 15, 262, 5.00, 1),
(311, 15, 263, 5.00, 1),
(312, 15, 264, 5.00, 1),
(313, 59, 265, 3.00, 1),
(314, 60, 266, 5.50, 1),
(315, 15, 267, 5.00, 1),
(316, 5, 268, 4.00, 2),
(317, 6, 269, 6.00, 1),
(318, 16, 269, 0.00, 1),
(319, 15, 270, 5.00, 1),
(320, 51, 271, 5.00, 1),
(321, 48, 272, 4.50, 1),
(322, 15, 273, 5.00, 1),
(323, 15, 274, 5.00, 1),
(324, 15, 275, 5.00, 1),
(325, 43, 276, 3.50, 1),
(326, 22, 277, 4.00, 1),
(327, 52, 278, 5.00, 1),
(328, 15, 279, 5.00, 1),
(329, 15, 280, 5.00, 1),
(330, 27, 281, 5.00, 1),
(331, 31, 282, 5.00, 1),
(332, 58, 283, 2.50, 1),
(333, 15, 284, 5.00, 1),
(334, 48, 285, 4.50, 1),
(335, 48, 286, 4.50, 1),
(336, 36, 287, 2.50, 1),
(337, 12, 288, 4.00, 2),
(338, 15, 289, 5.00, 1),
(339, 61, 290, 5.50, 1),
(340, 15, 290, 5.00, 2),
(341, 36, 291, 2.50, 1),
(342, 15, 292, 5.00, 2),
(343, 15, 293, 5.00, 1),
(344, 39, 294, 2.50, 1),
(345, 6, 295, 6.00, 1),
(346, 17, 295, 0.50, 1),
(347, 16, 295, 0.00, 1),
(348, 28, 295, 5.00, 1),
(349, 15, 296, 5.00, 1),
(350, 15, 297, 5.00, 1),
(351, 15, 298, 5.00, 1),
(352, 51, 298, 5.00, 1),
(353, 15, 299, 5.00, 1),
(354, 15, 300, 5.00, 1),
(355, 12, 301, 4.00, 1),
(356, 58, 302, 2.50, 1),
(357, 44, 303, 3.50, 1),
(358, 11, 304, 3.00, 1),
(359, 6, 305, 6.00, 1),
(360, 16, 305, 0.00, 1),
(361, 15, 306, 5.00, 4),
(362, 44, 306, 3.50, 1),
(363, 42, 306, 3.50, 1),
(364, 37, 306, 2.50, 1),
(365, 22, 307, 4.00, 1),
(366, 12, 308, 4.00, 1),
(367, 39, 309, 2.50, 1),
(368, 48, 310, 4.50, 1),
(369, 15, 311, 5.00, 1),
(370, 6, 312, 6.00, 1),
(371, 58, 313, 2.50, 1),
(372, 58, 314, 2.50, 1),
(373, 4, 315, 3.00, 1),
(374, 15, 316, 5.00, 2),
(375, 60, 316, 5.50, 1),
(376, 22, 317, 4.00, 1),
(377, 13, 318, 3.00, 1),
(378, 15, 319, 5.00, 1),
(379, 15, 320, 5.00, 2),
(380, 11, 321, 3.00, 1),
(381, 17, 321, 0.50, 1),
(382, 15, 322, 5.00, 1),
(383, 15, 323, 5.00, 2),
(384, 15, 324, 5.00, 1),
(385, 6, 325, 6.00, 1),
(386, 17, 325, 0.50, 1),
(387, 43, 326, 3.50, 1),
(388, 36, 327, 2.50, 1),
(389, 53, 328, 6.00, 1),
(390, 37, 328, 2.50, 1),
(391, 4, 329, 3.00, 1),
(392, 12, 330, 4.00, 2),
(393, 6, 331, 6.00, 1),
(394, 25, 332, 4.00, 1),
(395, 6, 333, 6.00, 1),
(396, 17, 333, 0.50, 1),
(397, 6, 334, 6.00, 1),
(398, 6, 335, 6.00, 1),
(399, 6, 336, 6.00, 1),
(400, 17, 336, 0.50, 1),
(401, 15, 337, 5.00, 1),
(402, 36, 338, 2.50, 1),
(403, 53, 339, 6.00, 1),
(404, 15, 340, 5.00, 1),
(405, 36, 341, 2.50, 1),
(406, 48, 342, 4.50, 1),
(407, 49, 343, 2.00, 1),
(408, 48, 344, 4.50, 1),
(409, 15, 345, 5.00, 1),
(410, 15, 346, 5.00, 1),
(411, 15, 347, 5.00, 1),
(412, 15, 348, 5.00, 1),
(413, 12, 349, 4.00, 1),
(414, 15, 350, 5.00, 1),
(415, 48, 351, 4.50, 1),
(416, 15, 352, 5.00, 1),
(417, 46, 353, 5.50, 1),
(418, 5, 354, 4.00, 1),
(419, 15, 355, 5.00, 1),
(420, 15, 356, 5.00, 1),
(421, 46, 357, 5.50, 1),
(422, 42, 358, 3.50, 1),
(423, 15, 358, 5.00, 2),
(424, 15, 359, 5.00, 1),
(425, 15, 360, 5.00, 1),
(426, 15, 361, 5.00, 1),
(427, 15, 362, 5.00, 1),
(428, 15, 363, 5.00, 1),
(429, 27, 364, 5.00, 1),
(430, 48, 365, 4.50, 1),
(431, 15, 365, 5.00, 1),
(432, 15, 366, 5.00, 1),
(433, 41, 367, 2.50, 1),
(434, 40, 368, 2.50, 1),
(435, 46, 369, 5.50, 1),
(436, 15, 369, 5.00, 1),
(437, 23, 370, 4.00, 1),
(438, 42, 371, 3.50, 1),
(439, 15, 372, 5.00, 1),
(440, 11, 373, 3.00, 2),
(441, 43, 373, 3.50, 1),
(442, 41, 374, 2.50, 1),
(443, 59, 375, 3.00, 1),
(444, 6, 376, 6.00, 1),
(445, 6, 377, 6.00, 1),
(446, 16, 377, 0.00, 1),
(447, 17, 377, 0.50, 1),
(448, 15, 378, 5.00, 1),
(449, 13, 379, 3.00, 1),
(450, 13, 380, 3.00, 1),
(451, 15, 381, 5.00, 1),
(452, 58, 382, 2.50, 1),
(453, 15, 383, 5.00, 1),
(454, 42, 384, 3.50, 1),
(455, 23, 385, 4.00, 1),
(456, 45, 386, 5.50, 1),
(457, 41, 387, 2.50, 1),
(458, 14, 388, 2.00, 1),
(459, 6, 389, 6.00, 1),
(460, 48, 389, 4.50, 1),
(461, 48, 390, 4.50, 1),
(462, 43, 391, 3.50, 1),
(463, 38, 392, 2.50, 1),
(464, 20, 393, 1.00, 1),
(465, 13, 394, 3.00, 1),
(466, 6, 395, 6.00, 1),
(467, 16, 395, 0.00, 1),
(468, 17, 395, 0.50, 1),
(469, 44, 395, 3.50, 1),
(470, 11, 396, 3.00, 2),
(471, 15, 397, 5.00, 1),
(472, 13, 398, 3.00, 1),
(473, 15, 399, 5.00, 1),
(474, 6, 400, 6.00, 1),
(475, 17, 400, 0.50, 1),
(476, 6, 401, 6.00, 1),
(477, 17, 401, 0.50, 1),
(478, 26, 402, 5.00, 1),
(479, 4, 403, 3.00, 1),
(480, 15, 404, 5.00, 1),
(481, 6, 405, 6.00, 1),
(482, 17, 405, 0.50, 1),
(483, 16, 405, 0.00, 1),
(484, 15, 406, 5.00, 1),
(485, 15, 407, 5.00, 1),
(486, 15, 408, 5.00, 1),
(487, 15, 409, 5.00, 1),
(488, 15, 410, 5.00, 1),
(489, 55, 411, 6.00, 1),
(490, 6, 412, 6.00, 1),
(491, 17, 412, 0.50, 1),
(492, 43, 412, 3.50, 1),
(493, 42, 413, 3.50, 1),
(494, 23, 414, 4.00, 1),
(495, 15, 415, 5.00, 1),
(496, 15, 416, 5.00, 1),
(497, 47, 417, 5.50, 1),
(498, 38, 418, 2.50, 1),
(499, 15, 419, 5.00, 1),
(500, 15, 420, 5.00, 1),
(501, 47, 420, 5.50, 1),
(502, 15, 421, 5.00, 1),
(503, 20, 422, 1.00, 1),
(504, 15, 422, 5.00, 1),
(505, 4, 423, 3.00, 1),
(506, 17, 423, 0.50, 1),
(507, 15, 424, 5.00, 1),
(508, 36, 425, 2.50, 1),
(509, 61, 426, 5.50, 1),
(510, 15, 426, 5.00, 1),
(511, 6, 427, 6.00, 1),
(512, 16, 427, 0.00, 1),
(513, 17, 427, 0.50, 1),
(514, 62, 428, 1.00, 1),
(515, 6, 429, 6.00, 1),
(516, 15, 430, 5.00, 1),
(517, 15, 431, 5.00, 1),
(518, 25, 431, 4.00, 1),
(519, 1, 431, 0.50, 1),
(520, 15, 432, 5.00, 1),
(521, 15, 433, 5.00, 1),
(522, 58, 434, 2.50, 1),
(523, 62, 434, 1.00, 2),
(524, 41, 435, 2.50, 1),
(525, 15, 435, 5.00, 1),
(526, 62, 436, 1.00, 1),
(527, 6, 437, 6.00, 1),
(528, 41, 438, 2.50, 1),
(529, 15, 439, 5.00, 1),
(530, 15, 440, 5.00, 1),
(531, 15, 441, 5.00, 1),
(532, 6, 442, 6.00, 2),
(533, 57, 443, 1.50, 2),
(534, 48, 444, 4.50, 1),
(535, 15, 445, 5.00, 1),
(536, 15, 446, 5.00, 1),
(537, 43, 446, 3.50, 1),
(538, 15, 447, 5.00, 1),
(539, 5, 448, 4.00, 2),
(540, 15, 449, 5.00, 1),
(541, 59, 450, 3.00, 1),
(542, 42, 451, 3.50, 1),
(543, 48, 452, 4.50, 1),
(544, 15, 453, 5.00, 1),
(545, 6, 454, 6.00, 1),
(546, 17, 454, 0.50, 1),
(547, 16, 454, 0.00, 1),
(548, 15, 455, 5.00, 1),
(549, 58, 455, 2.50, 1),
(550, 29, 456, 5.00, 1),
(551, 15, 457, 5.00, 1),
(552, 15, 458, 5.00, 1),
(553, 27, 459, 5.00, 1),
(554, 23, 460, 4.00, 1),
(555, 48, 461, 4.50, 1),
(556, 58, 462, 2.50, 1),
(557, 48, 463, 4.50, 1),
(558, 5, 463, 4.00, 1),
(559, 62, 464, 1.00, 2),
(560, 62, 465, 1.00, 1),
(561, 62, 466, 1.00, 1),
(562, 47, 467, 5.50, 1),
(563, 44, 468, 3.50, 1),
(564, 15, 469, 5.00, 1),
(565, 15, 470, 5.00, 1),
(566, 6, 471, 6.00, 1),
(567, 6, 472, 6.00, 1),
(568, 38, 473, 2.50, 1),
(569, 15, 474, 5.00, 1),
(570, 62, 475, 1.00, 1),
(571, 5, 476, 4.00, 1),
(572, 17, 476, 0.50, 1),
(573, 2, 477, 2.00, 1),
(574, 15, 478, 5.00, 1),
(575, 5, 478, 4.00, 1),
(576, 58, 479, 2.50, 1),
(577, 43, 480, 3.50, 1),
(578, 12, 481, 4.00, 2),
(579, 14, 482, 2.00, 1),
(580, 60, 483, 5.50, 1),
(581, 42, 484, 3.50, 1),
(582, 13, 485, 3.00, 1),
(583, 19, 486, 1.00, 2),
(584, 17, 487, 0.50, 1),
(585, 4, 487, 3.00, 1),
(586, 13, 488, 3.00, 1),
(587, 15, 489, 5.00, 1),
(588, 15, 490, 5.00, 1),
(589, 15, 491, 5.00, 1),
(590, 15, 492, 5.00, 1),
(591, 15, 493, 5.00, 1),
(592, 48, 493, 4.50, 1),
(593, 15, 494, 5.00, 1),
(594, 15, 495, 5.00, 1),
(595, 5, 496, 4.00, 1),
(596, 17, 496, 0.50, 1),
(597, 6, 497, 6.00, 1),
(598, 6, 498, 6.00, 1),
(599, 15, 499, 5.00, 1),
(600, 58, 499, 2.50, 1),
(601, 15, 500, 5.00, 2),
(602, 24, 501, 4.00, 1),
(603, 36, 502, 2.50, 1),
(604, 15, 503, 5.00, 2),
(605, 15, 504, 5.00, 1),
(606, 12, 505, 4.00, 1),
(607, 15, 506, 5.00, 1),
(608, 15, 507, 5.00, 1),
(609, 48, 507, 4.50, 1),
(610, 15, 508, 5.00, 1),
(611, 61, 508, 5.50, 1),
(612, 6, 509, 6.00, 1),
(613, 16, 509, 0.00, 1),
(614, 17, 509, 0.50, 1),
(615, 62, 510, 1.00, 1),
(616, 62, 511, 1.00, 1),
(617, 6, 512, 6.00, 1),
(618, 16, 512, 0.00, 1),
(619, 17, 512, 0.50, 1),
(620, 44, 512, 3.50, 1),
(621, 15, 513, 5.00, 1),
(622, 15, 514, 5.00, 1),
(623, 24, 515, 4.00, 1),
(624, 15, 516, 5.00, 1),
(625, 15, 517, 5.00, 1),
(626, 46, 517, 5.50, 1),
(627, 39, 518, 2.50, 1),
(628, 15, 518, 5.00, 1),
(629, 15, 519, 5.00, 1),
(630, 15, 520, 5.00, 1),
(631, 15, 521, 5.00, 1),
(632, 15, 522, 5.00, 1),
(633, 15, 523, 5.00, 1),
(634, 15, 524, 5.00, 1),
(635, 13, 525, 3.00, 1),
(636, 15, 526, 5.00, 1),
(637, 5, 527, 4.00, 2),
(638, 17, 527, 0.50, 2),
(639, 16, 527, 0.00, 2),
(640, 62, 528, 1.00, 1),
(641, 15, 529, 5.00, 2),
(642, 44, 530, 3.50, 1),
(643, 36, 531, 2.50, 1),
(644, 15, 532, 5.00, 1),
(645, 15, 533, 5.00, 1),
(646, 58, 534, 2.50, 1),
(647, 15, 535, 5.00, 1),
(648, 15, 536, 5.00, 1),
(649, 15, 537, 5.00, 1),
(650, 15, 538, 5.00, 1),
(651, 15, 539, 5.00, 2),
(652, 15, 540, 5.00, 1),
(653, 15, 541, 5.00, 1),
(654, 43, 542, 3.50, 1),
(655, 44, 543, 3.50, 1),
(656, 44, 544, 3.50, 1),
(657, 15, 545, 5.00, 1),
(658, 63, 546, 5.00, 1),
(659, 65, 547, 6.00, 1),
(660, 21, 547, 4.00, 1),
(661, 31, 548, 5.00, 1),
(662, 15, 549, 5.00, 1),
(663, 15, 550, 5.00, 1),
(664, 15, 551, 5.00, 1),
(665, 15, 552, 5.00, 1),
(666, 14, 553, 2.00, 1),
(667, 6, 554, 6.00, 1),
(668, 17, 554, 0.50, 1),
(669, 6, 555, 6.00, 1),
(670, 4, 556, 3.00, 2),
(671, 17, 556, 0.50, 1),
(672, 16, 557, 0.00, 2),
(673, 7, 558, 1.00, 5),
(674, 14, 559, 2.00, 1),
(675, 4, 560, 3.00, 1),
(676, 17, 560, 0.50, 1),
(677, 43, 561, 3.50, 1),
(678, 46, 562, 5.50, 1),
(679, 22, 563, 4.00, 1),
(680, 12, 564, 4.00, 2),
(681, 6, 565, 6.00, 1),
(682, 17, 565, 0.50, 1),
(683, 59, 566, 3.00, 1),
(684, 15, 567, 5.00, 1),
(685, 6, 568, 6.00, 1),
(686, 12, 569, 4.00, 1),
(687, 65, 569, 6.00, 1),
(688, 11, 570, 3.00, 2),
(689, 63, 571, 5.00, 1),
(690, 15, 571, 5.00, 1),
(691, 63, 572, 5.00, 1),
(692, 4, 573, 3.00, 1),
(693, 44, 574, 3.50, 1),
(694, 6, 575, 6.00, 1),
(695, 17, 575, 0.50, 1),
(696, 20, 576, 1.00, 1),
(697, 15, 577, 5.00, 1),
(698, 15, 578, 5.00, 1),
(699, 5, 579, 4.00, 1),
(700, 15, 579, 5.00, 1),
(701, 15, 580, 5.00, 1),
(702, 9, 581, 2.00, 2),
(703, 15, 581, 5.00, 2),
(704, 13, 582, 3.00, 1),
(705, 5, 582, 4.00, 1),
(706, 17, 582, 0.50, 2),
(707, 44, 583, 3.50, 1),
(708, 14, 584, 2.00, 1),
(709, 15, 585, 5.00, 1),
(710, 5, 586, 4.00, 2),
(711, 17, 586, 0.50, 4),
(712, 15, 587, 5.00, 1),
(713, 63, 588, 5.00, 1),
(714, 15, 589, 5.00, 1),
(715, 22, 590, 4.00, 1),
(716, 48, 591, 4.50, 1),
(717, 48, 592, 4.50, 1),
(718, 51, 593, 5.00, 1),
(719, 48, 594, 4.50, 1),
(720, 15, 594, 5.00, 1),
(721, 22, 595, 4.00, 1),
(722, 15, 596, 5.00, 1),
(723, 62, 597, 1.00, 3),
(724, 15, 598, 5.00, 1),
(725, 3, 599, 3.00, 3),
(726, 59, 599, 3.00, 1),
(727, 6, 600, 6.00, 1),
(728, 16, 600, 0.00, 1),
(729, 17, 600, 0.50, 1),
(730, 42, 600, 3.50, 1),
(731, 24, 601, 4.00, 1),
(732, 44, 602, 3.50, 1),
(733, 6, 603, 6.00, 1),
(734, 15, 604, 5.00, 1),
(735, 15, 605, 5.00, 1),
(736, 15, 606, 5.00, 1),
(737, 48, 607, 4.50, 1),
(738, 15, 608, 5.00, 2),
(739, 22, 609, 4.00, 1),
(740, 36, 610, 2.50, 1),
(741, 48, 611, 4.50, 1),
(742, 62, 611, 1.00, 1),
(743, 15, 612, 5.00, 1),
(744, 62, 613, 1.00, 1),
(745, 15, 614, 5.00, 1),
(746, 44, 615, 3.50, 1),
(747, 41, 615, 2.50, 1),
(748, 31, 616, 5.00, 1),
(749, 15, 617, 5.00, 1),
(750, 27, 618, 5.00, 1),
(751, 44, 619, 3.50, 1),
(752, 5, 620, 4.00, 1),
(753, 16, 620, 0.00, 1),
(754, 6, 621, 6.00, 1),
(755, 17, 621, 0.50, 1),
(756, 5, 622, 4.00, 1),
(757, 16, 622, 0.00, 1),
(758, 15, 623, 5.00, 1),
(759, 48, 624, 4.50, 1),
(760, 5, 625, 4.00, 1),
(761, 17, 625, 0.50, 1),
(762, 5, 626, 4.00, 1),
(763, 48, 627, 4.50, 1),
(764, 15, 628, 5.00, 1),
(765, 14, 629, 2.00, 1),
(766, 22, 630, 4.00, 1),
(767, 51, 630, 5.00, 1),
(768, 5, 630, 4.00, 1),
(769, 6, 630, 6.00, 1),
(770, 17, 630, 0.50, 1),
(771, 41, 630, 2.50, 1),
(772, 4, 630, 3.00, 1),
(773, 4, 631, 3.00, 8),
(774, 6, 632, 6.00, 1),
(775, 43, 632, 3.50, 1),
(776, 5, 633, 4.00, 1),
(777, 43, 633, 3.50, 1),
(778, 15, 634, 5.00, 1),
(779, 43, 634, 3.50, 1),
(780, 6, 635, 6.00, 1),
(781, 17, 635, 0.50, 1),
(782, 15, 636, 5.00, 1),
(783, 47, 637, 5.50, 1),
(784, 15, 638, 5.00, 1),
(785, 15, 639, 5.00, 1),
(786, 15, 640, 5.00, 1),
(787, 6, 641, 6.00, 1),
(788, 16, 641, 0.00, 1),
(789, 17, 641, 0.50, 1),
(790, 21, 642, 4.00, 1),
(791, 15, 643, 5.00, 1),
(792, 43, 644, 3.50, 1),
(793, 5, 645, 4.00, 1),
(794, 17, 645, 0.50, 1),
(795, 15, 646, 5.00, 1),
(796, 44, 647, 3.50, 1),
(797, 5, 648, 4.00, 1),
(798, 17, 648, 0.50, 1),
(799, 36, 648, 2.50, 1),
(800, 15, 649, 5.00, 1),
(801, 15, 650, 5.00, 1),
(802, 5, 651, 4.00, 1),
(803, 22, 652, 4.00, 1),
(804, 20, 652, 1.00, 1),
(805, 15, 653, 5.00, 1),
(806, 12, 654, 4.00, 1),
(807, 6, 655, 6.00, 1),
(808, 4, 656, 3.00, 1),
(809, 59, 657, 3.00, 1),
(810, 48, 658, 4.50, 1),
(811, 15, 659, 5.00, 1),
(812, 58, 660, 2.50, 1),
(813, 15, 661, 5.00, 1),
(814, 6, 662, 6.00, 1),
(815, 17, 663, 0.50, 1),
(816, 15, 664, 5.00, 1),
(817, 15, 665, 5.00, 1),
(818, 15, 666, 5.00, 1),
(819, 15, 667, 5.00, 1),
(820, 15, 668, 5.00, 1),
(821, 51, 669, 5.00, 1),
(822, 6, 670, 6.00, 1),
(823, 15, 671, 5.00, 1),
(824, 44, 672, 3.50, 1),
(825, 15, 673, 5.00, 2),
(826, 64, 674, 4.00, 1),
(827, 15, 675, 5.00, 2),
(828, 28, 676, 5.00, 1),
(829, 15, 676, 5.00, 1),
(830, 21, 677, 4.00, 1),
(831, 15, 678, 5.00, 1),
(832, 15, 679, 5.00, 1),
(833, 43, 680, 3.50, 1),
(834, 15, 681, 5.00, 1),
(835, 63, 681, 5.00, 1),
(836, 9, 682, 2.00, 2),
(837, 15, 683, 5.00, 1),
(838, 15, 684, 5.00, 1),
(839, 15, 685, 5.00, 1),
(840, 6, 686, 6.00, 1),
(841, 29, 687, 5.00, 1),
(842, 51, 688, 5.00, 1),
(843, 15, 689, 5.00, 1),
(844, 15, 690, 5.00, 2),
(845, 65, 690, 6.00, 1),
(846, 15, 691, 5.00, 2),
(847, 65, 692, 6.00, 1),
(848, 26, 693, 5.00, 1),
(849, 15, 694, 5.00, 1),
(850, 31, 695, 5.00, 1),
(851, 15, 695, 5.00, 1),
(852, 15, 696, 5.00, 1),
(853, 11, 697, 3.00, 1),
(854, 67, 698, 5.00, 1),
(855, 3, 699, 3.00, 1),
(856, 58, 699, 2.50, 1),
(857, 6, 700, 6.00, 1),
(858, 16, 700, 0.00, 1),
(859, 28, 701, 5.00, 1),
(860, 58, 701, 2.50, 1),
(861, 43, 702, 3.50, 1),
(862, 9, 703, 2.00, 2),
(863, 21, 703, 4.00, 1),
(864, 15, 704, 5.00, 2),
(865, 21, 704, 4.00, 1),
(866, 51, 705, 5.00, 1),
(867, 15, 706, 5.00, 1),
(868, 63, 707, 5.00, 1),
(869, 51, 707, 5.00, 1),
(870, 15, 708, 5.00, 3),
(871, 44, 709, 3.50, 1),
(872, 6, 710, 6.00, 1),
(873, 6, 711, 6.00, 1),
(874, 15, 712, 5.00, 1),
(875, 15, 713, 5.00, 1),
(876, 15, 714, 5.00, 2),
(877, 15, 715, 5.00, 1),
(878, 15, 716, 5.00, 1),
(879, 15, 717, 5.00, 1),
(880, 6, 718, 6.00, 1),
(881, 16, 718, 0.00, 1),
(882, 17, 718, 0.50, 1),
(883, 15, 718, 5.00, 1),
(884, 6, 719, 6.00, 1),
(885, 16, 719, 0.00, 1),
(886, 17, 719, 0.50, 1),
(887, 26, 720, 5.00, 1),
(888, 15, 721, 5.00, 1),
(889, 43, 722, 3.50, 1),
(890, 6, 723, 6.00, 2),
(891, 16, 723, 0.00, 2),
(892, 17, 723, 0.50, 2),
(893, 43, 724, 3.50, 1),
(894, 12, 725, 4.00, 1),
(895, 15, 726, 5.00, 1),
(896, 15, 727, 5.00, 1),
(897, 6, 728, 6.00, 1),
(898, 42, 728, 3.50, 1),
(899, 16, 728, 0.00, 1),
(900, 17, 728, 0.50, 1),
(901, 15, 729, 5.00, 1),
(902, 43, 730, 3.50, 1),
(903, 6, 730, 6.00, 1),
(904, 16, 730, 0.00, 1),
(905, 15, 731, 5.00, 2),
(906, 15, 732, 5.00, 1),
(907, 15, 733, 5.00, 1),
(908, 15, 734, 5.00, 1),
(909, 15, 735, 5.00, 1),
(910, 14, 736, 2.00, 1),
(911, 15, 737, 5.00, 1),
(912, 15, 738, 5.00, 1),
(913, 13, 739, 3.00, 1),
(914, 11, 740, 3.00, 1),
(915, 43, 741, 3.50, 1),
(916, 6, 742, 6.00, 1),
(917, 15, 743, 5.00, 1),
(918, 15, 744, 5.00, 1),
(919, 15, 745, 5.00, 1),
(920, 15, 746, 5.00, 1),
(921, 5, 747, 4.00, 1),
(922, 16, 747, 0.00, 1),
(923, 5, 748, 4.00, 1),
(924, 15, 749, 5.00, 2),
(925, 15, 750, 5.00, 1),
(926, 43, 751, 3.50, 2),
(927, 15, 752, 5.00, 1),
(928, 15, 753, 5.00, 1),
(929, 15, 754, 5.00, 1),
(930, 59, 755, 3.00, 1),
(931, 5, 755, 4.00, 1),
(932, 17, 755, 0.50, 1),
(933, 63, 756, 5.00, 1),
(934, 15, 757, 5.00, 1),
(935, 15, 758, 5.00, 2),
(936, 15, 759, 5.00, 1),
(937, 15, 760, 5.00, 1),
(938, 67, 761, 5.00, 1),
(939, 63, 762, 5.00, 1),
(940, 9, 763, 2.00, 1),
(941, 43, 764, 3.50, 1),
(942, 15, 765, 5.00, 1),
(943, 6, 766, 6.00, 1),
(944, 16, 766, 0.00, 1),
(945, 5, 767, 4.00, 1),
(946, 43, 767, 3.50, 1),
(947, 44, 768, 3.50, 1),
(948, 6, 768, 6.00, 1),
(949, 16, 768, 0.00, 1),
(950, 65, 769, 6.00, 1),
(951, 65, 770, 6.00, 1),
(952, 4, 771, 3.00, 1),
(953, 17, 771, 0.50, 1),
(954, 8, 772, 1.00, 1),
(955, 16, 772, 0.00, 1),
(956, 13, 773, 3.00, 1),
(957, 63, 774, 5.00, 1),
(958, 21, 775, 4.00, 1),
(959, 15, 776, 5.00, 1),
(960, 15, 777, 5.00, 1),
(961, 59, 778, 3.00, 1),
(962, 27, 779, 5.00, 1),
(963, 58, 779, 2.50, 1),
(964, 59, 780, 3.00, 1),
(965, 58, 781, 2.50, 1),
(966, 4, 781, 3.00, 1),
(967, 6, 781, 6.00, 1),
(968, 17, 781, 0.50, 1),
(969, 65, 782, 6.00, 1),
(970, 11, 782, 3.00, 1),
(971, 10, 782, 3.00, 1),
(972, 15, 783, 5.00, 1),
(973, 68, 784, 7.00, 1),
(974, 15, 785, 5.00, 2),
(975, 44, 786, 3.50, 1),
(976, 15, 787, 5.00, 1),
(977, 48, 788, 4.50, 1),
(978, 15, 789, 5.00, 2),
(979, 46, 790, 5.50, 1),
(980, 46, 791, 5.50, 1),
(981, 65, 792, 6.00, 1),
(982, 58, 793, 2.50, 1),
(983, 15, 794, 5.00, 1),
(984, 58, 794, 2.50, 1),
(985, 48, 795, 4.50, 1),
(986, 15, 795, 5.00, 1),
(987, 48, 796, 4.50, 1),
(988, 15, 797, 5.00, 1),
(989, 4, 798, 3.00, 1),
(990, 17, 798, 0.50, 1),
(991, 6, 798, 6.00, 1),
(992, 16, 798, 0.00, 1),
(993, 15, 799, 5.00, 1),
(994, 44, 800, 3.50, 1),
(995, 48, 801, 4.50, 1),
(996, 12, 801, 4.00, 1),
(997, 15, 802, 5.00, 2),
(998, 44, 803, 3.50, 1),
(999, 15, 803, 5.00, 1),
(1000, 4, 804, 3.00, 1),
(1001, 43, 805, 3.50, 1),
(1002, 5, 806, 4.00, 1),
(1003, 17, 806, 0.50, 2),
(1004, 14, 806, 2.00, 1),
(1005, 15, 807, 5.00, 1),
(1006, 15, 808, 5.00, 1),
(1007, 15, 809, 5.00, 1),
(1008, 15, 810, 5.00, 1),
(1009, 15, 811, 5.00, 1),
(1010, 15, 812, 5.00, 1),
(1011, 15, 813, 5.00, 1),
(1012, 15, 814, 5.00, 1),
(1013, 15, 815, 5.00, 3),
(1014, 15, 816, 5.00, 1),
(1015, 63, 817, 5.00, 1),
(1016, 15, 817, 5.00, 1),
(1017, 3, 818, 3.00, 1),
(1018, 15, 818, 5.00, 1),
(1019, 67, 819, 5.00, 1),
(1020, 6, 820, 6.00, 1),
(1021, 17, 820, 0.50, 1),
(1022, 15, 821, 5.00, 1),
(1023, 15, 822, 5.00, 1),
(1024, 67, 822, 5.00, 1),
(1025, 15, 823, 5.00, 1),
(1026, 15, 824, 5.00, 1),
(1027, 25, 825, 4.00, 1),
(1028, 44, 825, 3.50, 1),
(1029, 15, 826, 5.00, 1),
(1030, 63, 827, 5.00, 1),
(1031, 25, 828, 4.00, 1),
(1032, 59, 829, 3.00, 1),
(1033, 11, 830, 3.00, 3),
(1034, 44, 830, 3.50, 1),
(1035, 63, 830, 5.00, 1),
(1036, 36, 830, 2.50, 1),
(1037, 47, 830, 5.50, 1),
(1038, 38, 830, 2.50, 1),
(1039, 48, 830, 4.50, 1),
(1040, 7, 831, 1.00, 2),
(1041, 8, 831, 1.00, 5),
(1042, 16, 831, 0.00, 1),
(1043, 13, 832, 3.00, 1),
(1044, 6, 833, 6.00, 1),
(1045, 15, 834, 5.00, 1),
(1046, 5, 835, 4.00, 1),
(1047, 4, 836, 3.00, 1),
(1048, 4, 837, 3.00, 1),
(1049, 17, 837, 0.50, 1),
(1050, 42, 838, 3.50, 1),
(1051, 5, 839, 4.00, 1),
(1052, 16, 839, 0.00, 1),
(1053, 15, 840, 5.00, 1),
(1054, 15, 841, 5.00, 1),
(1055, 15, 842, 5.00, 3),
(1056, 21, 843, 4.00, 1),
(1057, 6, 844, 6.00, 1),
(1058, 17, 844, 0.50, 1),
(1059, 58, 845, 2.50, 1),
(1060, 14, 846, 2.00, 1),
(1061, 23, 847, 4.00, 1),
(1062, 20, 848, 1.00, 1),
(1063, 63, 849, 5.00, 1),
(1064, 67, 850, 5.00, 1),
(1065, 65, 851, 6.00, 1),
(1066, 12, 852, 4.00, 2),
(1067, 6, 853, 6.00, 1),
(1068, 16, 853, 0.00, 1),
(1069, 48, 853, 4.50, 1),
(1070, 6, 854, 6.00, 1),
(1071, 17, 854, 0.50, 1),
(1072, 16, 854, 0.00, 1),
(1073, 43, 854, 3.50, 1),
(1074, 15, 855, 5.00, 1),
(1075, 15, 856, 5.00, 1),
(1076, 15, 857, 5.00, 1),
(1077, 48, 858, 4.50, 1),
(1078, 12, 858, 4.00, 1),
(1079, 15, 859, 5.00, 1),
(1080, 29, 860, 5.00, 1),
(1081, 15, 861, 5.00, 1),
(1082, 15, 862, 5.00, 1),
(1083, 67, 863, 5.00, 1),
(1084, 15, 864, 5.00, 1),
(1085, 6, 865, 6.00, 1),
(1086, 16, 865, 0.00, 1),
(1087, 17, 865, 0.50, 1),
(1088, 59, 866, 3.00, 1),
(1089, 15, 867, 5.00, 1),
(1090, 4, 868, 3.00, 1),
(1091, 15, 869, 5.00, 1),
(1092, 15, 870, 5.00, 1),
(1093, 68, 871, 7.00, 3),
(1094, 15, 872, 5.00, 1),
(1095, 59, 873, 3.00, 1),
(1096, 73, 874, 3.00, 1),
(1097, 14, 875, 2.00, 1),
(1098, 6, 876, 6.00, 1),
(1099, 16, 876, 0.00, 2),
(1100, 8, 876, 1.00, 1),
(1101, 13, 876, 3.00, 1),
(1102, 15, 877, 5.00, 1),
(1103, 15, 878, 5.00, 1),
(1104, 48, 879, 4.50, 1),
(1105, 4, 880, 3.00, 1),
(1106, 42, 881, 3.50, 1),
(1107, 15, 882, 5.00, 1),
(1108, 14, 883, 2.00, 1),
(1109, 15, 884, 5.00, 1),
(1110, 13, 885, 3.00, 1),
(1111, 15, 886, 5.00, 1),
(1112, 6, 887, 6.00, 1),
(1113, 17, 887, 0.50, 1),
(1114, 21, 888, 4.00, 1),
(1115, 13, 889, 3.00, 1),
(1116, 59, 890, 3.00, 1),
(1117, 5, 891, 4.00, 1),
(1118, 62, 892, 1.00, 1),
(1119, 15, 893, 5.00, 1),
(1120, 21, 894, 4.00, 1),
(1121, 44, 895, 3.50, 1),
(1122, 15, 896, 5.00, 1),
(1123, 62, 896, 1.00, 1),
(1124, 68, 897, 7.00, 1),
(1125, 44, 898, 3.50, 1),
(1126, 13, 899, 3.00, 1),
(1127, 15, 900, 5.00, 2),
(1128, 71, 901, 3.00, 1),
(1129, 14, 902, 2.00, 1),
(1130, 14, 903, 2.00, 1),
(1131, 8, 904, 1.00, 2),
(1132, 16, 904, 0.00, 1),
(1133, 6, 905, 6.00, 1),
(1134, 16, 905, 0.00, 1),
(1135, 6, 906, 6.00, 1),
(1136, 16, 906, 0.00, 1),
(1137, 14, 907, 2.00, 1),
(1138, 27, 908, 5.00, 1),
(1139, 62, 909, 1.00, 2),
(1140, 6, 910, 6.00, 1),
(1141, 57, 911, 1.50, 1),
(1142, 44, 912, 3.50, 1),
(1143, 28, 913, 5.00, 1),
(1144, 48, 914, 4.50, 1),
(1145, 4, 915, 3.00, 1),
(1146, 6, 916, 6.00, 1),
(1147, 16, 916, 0.00, 1),
(1148, 17, 916, 0.50, 1),
(1149, 48, 916, 4.50, 1),
(1150, 6, 917, 6.00, 1),
(1151, 14, 917, 2.00, 1),
(1152, 62, 918, 1.00, 1),
(1153, 6, 919, 6.00, 1),
(1154, 17, 919, 0.50, 1),
(1155, 15, 920, 5.00, 2),
(1156, 6, 920, 6.00, 1),
(1157, 68, 921, 7.00, 1),
(1158, 15, 922, 5.00, 1),
(1159, 15, 923, 5.00, 1),
(1160, 51, 924, 5.00, 1),
(1161, 68, 925, 7.00, 1),
(1162, 62, 926, 1.00, 2),
(1163, 3, 927, 3.00, 1),
(1164, 65, 928, 6.00, 1),
(1165, 43, 928, 3.50, 1),
(1166, 51, 929, 5.00, 1),
(1167, 20, 930, 1.00, 1),
(1168, 6, 931, 6.00, 1),
(1169, 17, 931, 0.50, 1),
(1170, 68, 932, 7.00, 1),
(1171, 12, 933, 4.00, 1),
(1172, 48, 933, 4.50, 1),
(1173, 15, 934, 5.00, 1),
(1174, 68, 935, 7.00, 1),
(1175, 15, 936, 5.00, 1),
(1176, 51, 937, 5.00, 1),
(1177, 42, 938, 3.50, 1),
(1178, 57, 938, 1.50, 1),
(1179, 15, 939, 5.00, 1),
(1180, 15, 940, 5.00, 1),
(1181, 5, 941, 4.00, 1),
(1182, 44, 942, 3.50, 1),
(1183, 13, 943, 3.00, 1),
(1184, 14, 944, 2.00, 1),
(1185, 59, 945, 3.00, 1),
(1186, 5, 946, 4.00, 1),
(1187, 6, 947, 6.00, 1),
(1188, 17, 947, 0.50, 1),
(1189, 15, 948, 5.00, 1),
(1190, 68, 949, 7.00, 1),
(1191, 15, 950, 5.00, 1),
(1192, 5, 951, 4.00, 1),
(1193, 42, 951, 3.50, 1),
(1194, 68, 952, 7.00, 1),
(1195, 68, 953, 7.00, 1),
(1196, 15, 954, 5.00, 2),
(1197, 11, 955, 3.00, 1),
(1198, 15, 956, 5.00, 1),
(1199, 8, 957, 1.00, 1),
(1200, 15, 958, 5.00, 1),
(1201, 12, 959, 4.00, 1),
(1202, 4, 960, 3.00, 8),
(1203, 4, 961, 3.00, 1),
(1204, 46, 962, 5.50, 1),
(1205, 42, 963, 3.50, 1),
(1206, 58, 964, 2.50, 1),
(1207, 59, 965, 3.00, 1),
(1208, 4, 966, 3.00, 1),
(1209, 17, 966, 0.50, 1),
(1210, 15, 967, 5.00, 2),
(1211, 43, 968, 3.50, 1),
(1212, 68, 969, 7.00, 1),
(1213, 15, 969, 5.00, 1),
(1214, 15, 970, 5.00, 1),
(1215, 15, 971, 5.00, 1),
(1216, 4, 972, 3.00, 1),
(1217, 57, 973, 1.50, 1),
(1218, 15, 974, 5.00, 1),
(1219, 68, 975, 7.00, 1),
(1220, 59, 976, 3.00, 1),
(1221, 15, 977, 5.00, 1),
(1222, 21, 977, 4.00, 1),
(1223, 58, 978, 2.50, 1),
(1224, 15, 978, 5.00, 1),
(1225, 15, 979, 5.00, 1),
(1226, 15, 980, 5.00, 1),
(1227, 15, 981, 5.00, 1),
(1228, 68, 982, 7.00, 1),
(1229, 15, 983, 5.00, 1),
(1230, 58, 984, 2.50, 1),
(1231, 6, 985, 6.00, 1),
(1232, 15, 986, 5.00, 1),
(1233, 15, 987, 5.00, 1),
(1234, 4, 988, 3.00, 1),
(1235, 24, 989, 4.00, 1),
(1236, 15, 990, 5.00, 1),
(1237, 68, 990, 7.00, 1),
(1238, 15, 991, 5.00, 1),
(1239, 15, 992, 5.00, 1),
(1240, 15, 993, 5.00, 2),
(1241, 44, 993, 3.50, 1),
(1242, 62, 994, 1.00, 1),
(1243, 25, 995, 4.00, 1),
(1244, 68, 996, 7.00, 2),
(1245, 65, 997, 6.00, 1),
(1246, 15, 998, 5.00, 1),
(1247, 57, 999, 1.50, 2),
(1248, 15, 1000, 5.00, 2),
(1249, 15, 1001, 5.00, 1),
(1250, 21, 1002, 4.00, 1),
(1251, 59, 1003, 3.00, 1),
(1252, 42, 1004, 3.50, 1),
(1253, 65, 1004, 6.00, 1),
(1254, 11, 1005, 3.00, 1),
(1255, 7, 1006, 1.00, 5),
(1256, 8, 1006, 1.00, 3),
(1257, 16, 1006, 0.00, 1),
(1258, 58, 1007, 2.50, 1),
(1259, 15, 1008, 5.00, 1),
(1260, 6, 1009, 6.00, 1),
(1261, 16, 1009, 0.00, 1),
(1262, 17, 1009, 0.50, 1),
(1263, 21, 1009, 4.00, 1),
(1264, 15, 1010, 5.00, 1),
(1265, 15, 1011, 5.00, 1),
(1266, 4, 1011, 3.00, 1),
(1267, 17, 1011, 0.50, 1),
(1268, 15, 1012, 5.00, 1),
(1269, 15, 1013, 5.00, 1),
(1270, 68, 1014, 7.00, 1),
(1271, 4, 1015, 3.00, 1),
(1272, 51, 1016, 5.00, 1),
(1273, 51, 1017, 5.00, 1),
(1274, 48, 1018, 4.50, 2),
(1275, 68, 1018, 7.00, 1),
(1276, 76, 1019, 5.00, 2),
(1277, 43, 1020, 3.50, 1),
(1278, 6, 1021, 6.00, 1),
(1279, 16, 1021, 0.00, 1),
(1280, 68, 1022, 7.00, 1),
(1281, 6, 1023, 6.00, 1),
(1282, 16, 1023, 0.00, 1),
(1283, 17, 1023, 0.50, 1),
(1284, 77, 1024, 4.00, 1),
(1285, 28, 1025, 5.00, 1),
(1286, 28, 1026, 5.00, 1),
(1287, 48, 1026, 4.50, 1),
(1288, 11, 1027, 3.00, 1),
(1289, 68, 1028, 7.00, 1),
(1290, 59, 1028, 3.00, 1),
(1291, 65, 1029, 6.00, 1),
(1292, 15, 1030, 5.00, 1),
(1293, 15, 1031, 5.00, 1),
(1294, 68, 1032, 7.00, 1),
(1295, 68, 1033, 7.00, 1),
(1296, 15, 1034, 5.00, 1),
(1297, 15, 1035, 5.00, 1),
(1298, 15, 1036, 5.00, 1),
(1299, 44, 1037, 3.50, 1),
(1300, 15, 1038, 5.00, 1),
(1301, 51, 1039, 5.00, 1),
(1302, 4, 1040, 3.00, 1),
(1303, 15, 1041, 5.00, 2),
(1304, 9, 1041, 2.00, 1),
(1305, 48, 1042, 4.50, 1),
(1306, 66, 1043, 5.50, 1),
(1307, 48, 1044, 4.50, 1),
(1308, 15, 1045, 5.00, 1),
(1309, 15, 1046, 5.00, 1),
(1310, 15, 1047, 5.00, 1),
(1311, 46, 1048, 5.50, 1),
(1312, 68, 1049, 7.00, 1),
(1313, 58, 1049, 2.50, 1),
(1314, 21, 1050, 4.00, 1),
(1315, 58, 1050, 2.50, 1),
(1316, 62, 1051, 1.00, 1),
(1317, 2, 1052, 2.00, 1),
(1318, 8, 1053, 1.00, 1),
(1319, 15, 1054, 5.00, 1),
(1320, 77, 1054, 4.00, 1),
(1321, 21, 1055, 4.00, 1),
(1322, 14, 1056, 2.00, 1),
(1323, 8, 1056, 1.00, 7),
(1324, 16, 1056, 0.00, 5),
(1325, 65, 1057, 6.00, 1),
(1326, 12, 1058, 4.00, 1),
(1327, 5, 1059, 4.00, 1),
(1328, 21, 1059, 4.00, 1),
(1329, 15, 1060, 5.00, 1),
(1330, 2, 1061, 2.00, 1),
(1331, 29, 1062, 5.00, 1),
(1332, 13, 1063, 3.00, 1),
(1333, 15, 1064, 5.00, 1),
(1334, 15, 1065, 5.00, 1),
(1335, 11, 1066, 3.00, 1),
(1336, 10, 1066, 3.00, 1),
(1337, 58, 1066, 2.50, 1),
(1338, 68, 1067, 7.00, 1),
(1339, 48, 1068, 4.50, 1),
(1340, 15, 1069, 5.00, 1),
(1341, 5, 1069, 4.00, 1),
(1342, 17, 1069, 0.50, 1),
(1343, 51, 1070, 5.00, 1),
(1344, 68, 1071, 7.00, 1),
(1345, 15, 1072, 5.00, 1),
(1346, 6, 1073, 6.00, 1),
(1347, 17, 1073, 0.50, 1),
(1348, 13, 1073, 3.00, 1),
(1349, 19, 1074, 1.00, 1),
(1350, 20, 1074, 1.00, 1),
(1351, 21, 1075, 4.00, 1),
(1352, 15, 1076, 5.00, 1),
(1353, 15, 1077, 5.00, 1),
(1354, 15, 1078, 5.00, 2),
(1355, 75, 1079, 6.00, 1),
(1356, 15, 1079, 5.00, 1),
(1357, 15, 1080, 5.00, 2),
(1358, 15, 1081, 5.00, 1),
(1359, 15, 1082, 5.00, 1),
(1360, 63, 1083, 5.00, 1),
(1361, 51, 1084, 5.00, 1),
(1362, 73, 1084, 3.00, 1),
(1363, 5, 1085, 4.00, 1),
(1364, 76, 1086, 5.00, 1),
(1365, 68, 1087, 7.00, 1),
(1366, 21, 1088, 4.00, 1),
(1367, 65, 1089, 6.00, 1),
(1368, 48, 1090, 4.50, 1),
(1369, 23, 1090, 4.00, 1),
(1370, 43, 1091, 3.50, 1),
(1371, 15, 1092, 5.00, 1),
(1372, 65, 1092, 6.00, 1),
(1373, 21, 1093, 4.00, 1),
(1374, 15, 1094, 5.00, 1),
(1375, 6, 1095, 6.00, 1),
(1376, 17, 1095, 0.50, 1),
(1377, 4, 1096, 3.00, 1),
(1378, 17, 1096, 0.50, 1),
(1379, 6, 1097, 6.00, 1),
(1380, 59, 1098, 3.00, 1),
(1381, 64, 1098, 4.00, 1),
(1382, 6, 1099, 6.00, 1),
(1383, 17, 1099, 0.50, 1),
(1384, 16, 1099, 0.00, 1),
(1385, 31, 1099, 5.00, 1),
(1386, 15, 1100, 5.00, 1),
(1387, 63, 1101, 5.00, 1),
(1388, 51, 1102, 5.00, 1),
(1389, 15, 1103, 5.00, 1),
(1390, 8, 1104, 1.00, 2),
(1391, 16, 1104, 0.00, 1),
(1392, 58, 1105, 2.50, 1),
(1393, 5, 1106, 4.00, 1),
(1394, 15, 1107, 5.00, 1),
(1395, 43, 1107, 3.50, 1),
(1396, 6, 1108, 6.00, 1),
(1397, 21, 1108, 4.00, 1),
(1398, 48, 1109, 4.50, 1),
(1399, 21, 1110, 4.00, 1),
(1400, 15, 1111, 5.00, 1),
(1401, 63, 1111, 5.00, 1),
(1402, 15, 1112, 5.00, 1),
(1403, 43, 1112, 3.50, 1),
(1404, 15, 1113, 5.00, 1),
(1405, 4, 1114, 3.00, 1),
(1406, 15, 1115, 5.00, 1),
(1407, 15, 1116, 5.00, 1),
(1408, 15, 1117, 5.00, 1),
(1409, 15, 1118, 5.00, 1),
(1410, 15, 1119, 5.00, 1),
(1411, 15, 1120, 5.00, 1),
(1412, 43, 1121, 3.50, 1),
(1413, 15, 1121, 5.00, 1),
(1414, 15, 1122, 5.00, 2),
(1415, 65, 1122, 6.00, 1),
(1416, 41, 1123, 2.50, 1),
(1417, 15, 1124, 5.00, 1),
(1418, 4, 1125, 3.00, 1),
(1419, 13, 1126, 3.00, 1),
(1420, 49, 1126, 2.00, 1),
(1421, 65, 1127, 6.00, 1),
(1422, 76, 1128, 5.00, 1),
(1423, 63, 1129, 5.00, 1),
(1424, 8, 1130, 1.00, 7),
(1425, 16, 1130, 0.00, 1),
(1426, 15, 1131, 5.00, 1),
(1427, 63, 1132, 5.00, 1),
(1428, 48, 1133, 4.50, 1),
(1429, 4, 1134, 3.00, 1),
(1430, 15, 1135, 5.00, 1),
(1431, 43, 1135, 3.50, 1),
(1432, 15, 1136, 5.00, 1),
(1433, 28, 1137, 5.00, 1),
(1434, 15, 1138, 5.00, 2),
(1435, 48, 1139, 4.50, 1),
(1436, 6, 1139, 6.00, 1),
(1437, 16, 1139, 0.00, 1),
(1438, 17, 1139, 0.50, 1),
(1439, 15, 1140, 5.00, 1),
(1440, 65, 1141, 6.00, 1),
(1441, 71, 1142, 3.00, 1),
(1442, 15, 1143, 5.00, 2),
(1443, 62, 1144, 1.00, 1),
(1444, 15, 1145, 5.00, 1),
(1445, 62, 1146, 1.00, 1),
(1446, 43, 1147, 3.50, 1),
(1447, 6, 1147, 6.00, 1),
(1448, 16, 1147, 0.00, 1),
(1449, 15, 1148, 5.00, 1),
(1450, 15, 1149, 5.00, 1),
(1451, 15, 1150, 5.00, 1),
(1452, 43, 1151, 3.50, 1),
(1453, 25, 1152, 5.00, 1),
(1454, 51, 1153, 5.00, 1),
(1455, 13, 1154, 3.00, 1),
(1456, 14, 1154, 2.00, 1),
(1457, 59, 1155, 3.00, 1),
(1458, 4, 1156, 3.00, 8),
(1459, 8, 1157, 1.00, 3),
(1460, 43, 1158, 3.50, 1),
(1461, 63, 1159, 5.00, 1),
(1462, 4, 1160, 3.00, 1),
(1463, 17, 1160, 0.50, 1),
(1464, 4, 1161, 3.00, 1),
(1465, 17, 1162, 0.50, 1),
(1466, 74, 1163, 6.00, 1),
(1467, 6, 1164, 6.00, 1),
(1468, 16, 1164, 0.00, 1),
(1469, 43, 1164, 3.50, 1),
(1470, 15, 1165, 5.00, 1),
(1471, 15, 1166, 5.00, 1),
(1472, 15, 1167, 5.00, 1),
(1473, 8, 1168, 1.00, 1),
(1474, 75, 1169, 6.00, 1),
(1475, 6, 1170, 6.00, 1),
(1476, 17, 1170, 0.50, 1),
(1477, 6, 1171, 6.00, 1),
(1478, 17, 1171, 0.50, 1),
(1479, 14, 1172, 2.00, 1),
(1480, 48, 1173, 4.50, 1),
(1481, 48, 1174, 4.50, 1),
(1482, 59, 1175, 3.00, 1),
(1483, 15, 1176, 5.00, 1),
(1484, 15, 1177, 5.00, 1),
(1485, 15, 1178, 5.00, 1),
(1486, 11, 1178, 3.00, 2),
(1487, 48, 1178, 4.50, 1),
(1488, 15, 1179, 5.00, 1),
(1489, 15, 1180, 5.00, 1),
(1490, 13, 1180, 3.00, 1),
(1491, 5, 1181, 4.00, 1),
(1492, 4, 1182, 3.00, 1),
(1493, 15, 1183, 5.00, 2),
(1494, 15, 1184, 5.00, 1),
(1495, 8, 1185, 1.00, 2),
(1496, 16, 1185, 0.00, 1),
(1497, 15, 1186, 5.00, 1),
(1498, 15, 1187, 5.00, 2),
(1499, 15, 1188, 5.00, 1),
(1500, 59, 1189, 3.00, 1),
(1501, 68, 1190, 7.00, 1),
(1502, 15, 1191, 5.00, 1),
(1503, 6, 1192, 6.00, 1),
(1504, 6, 1193, 6.00, 1),
(1505, 15, 1194, 5.00, 1),
(1506, 41, 1195, 2.50, 1),
(1507, 24, 1196, 4.00, 1),
(1508, 74, 1197, 6.00, 1),
(1509, 10, 1198, 3.00, 1),
(1510, 15, 1199, 5.00, 1),
(1511, 15, 1200, 5.00, 1),
(1512, 15, 1201, 5.00, 1),
(1513, 58, 1202, 2.50, 1),
(1514, 11, 1203, 3.00, 1),
(1515, 6, 1204, 6.00, 1),
(1516, 15, 1205, 5.00, 1),
(1517, 15, 1206, 5.00, 1),
(1518, 15, 1207, 5.00, 1),
(1519, 48, 1208, 4.50, 1),
(1520, 43, 1209, 3.50, 1),
(1521, 15, 1210, 5.00, 2),
(1522, 62, 1211, 1.00, 1),
(1523, 12, 1212, 4.00, 2),
(1524, 12, 1213, 4.00, 1),
(1525, 62, 1214, 1.00, 1),
(1526, 13, 1215, 3.00, 1),
(1527, 44, 1216, 3.50, 1),
(1528, 8, 1217, 1.00, 3),
(1529, 16, 1217, 0.00, 2),
(1530, 29, 1218, 5.00, 1),
(1531, 43, 1219, 3.50, 1),
(1532, 43, 1220, 3.50, 1),
(1533, 15, 1220, 5.00, 1),
(1534, 63, 1221, 5.00, 1),
(1535, 15, 1221, 5.00, 1),
(1536, 12, 1222, 4.00, 2),
(1537, 15, 1223, 5.00, 1),
(1538, 36, 1224, 2.50, 1),
(1539, 42, 1225, 3.50, 1),
(1540, 48, 1226, 4.50, 1),
(1541, 75, 1227, 6.00, 1),
(1542, 15, 1228, 5.00, 1),
(1543, 15, 1229, 5.00, 1),
(1544, 5, 1230, 4.00, 1),
(1545, 17, 1230, 0.50, 1),
(1546, 15, 1231, 5.00, 1),
(1547, 13, 1232, 3.00, 1),
(1548, 75, 1233, 6.00, 1),
(1549, 62, 1233, 1.00, 1),
(1550, 14, 1234, 2.00, 1),
(1551, 76, 1235, 5.00, 1),
(1552, 68, 1235, 7.00, 1),
(1553, 15, 1236, 5.00, 1),
(1554, 62, 1237, 1.00, 1),
(1555, 15, 1238, 5.00, 1),
(1556, 41, 1239, 2.50, 1),
(1557, 15, 1239, 5.00, 1),
(1558, 15, 1240, 5.00, 1),
(1559, 76, 1241, 5.00, 1),
(1560, 15, 1242, 5.00, 1),
(1561, 15, 1243, 5.00, 2),
(1562, 15, 1244, 5.00, 1),
(1563, 68, 1245, 7.00, 1),
(1564, 12, 1246, 4.00, 1),
(1565, 13, 1247, 3.00, 1),
(1566, 62, 1248, 1.00, 1),
(1567, 63, 1249, 5.00, 1),
(1568, 15, 1250, 5.00, 1),
(1569, 15, 1251, 5.00, 1),
(1570, 23, 1252, 4.00, 1),
(1571, 8, 1253, 1.00, 3),
(1572, 16, 1253, 0.00, 2),
(1573, 11, 1253, 3.00, 1),
(1574, 15, 1254, 5.00, 1),
(1575, 15, 1255, 5.00, 1),
(1576, 21, 1256, 4.00, 1),
(1577, 15, 1256, 5.00, 1),
(1578, 15, 1257, 5.00, 1),
(1579, 15, 1258, 5.00, 1),
(1580, 62, 1259, 1.00, 2),
(1581, 51, 1260, 5.00, 1),
(1582, 8, 1261, 1.00, 1),
(1583, 7, 1261, 1.00, 2),
(1584, 13, 1262, 3.00, 1),
(1585, 13, 1263, 3.00, 1),
(1586, 4, 1263, 3.00, 1),
(1587, 6, 1264, 6.00, 1),
(1588, 63, 1264, 5.00, 1),
(1589, 66, 1265, 5.50, 1),
(1590, 6, 1266, 6.00, 1),
(1591, 48, 1267, 4.50, 1),
(1592, 58, 1267, 2.50, 1),
(1593, 15, 1267, 5.00, 1),
(1594, 15, 1268, 5.00, 1),
(1595, 15, 1269, 5.00, 1),
(1596, 15, 1270, 5.00, 1),
(1597, 15, 1271, 5.00, 1),
(1598, 15, 1272, 5.00, 1),
(1599, 15, 1273, 5.00, 1),
(1600, 51, 1274, 5.00, 1),
(1601, 43, 1275, 3.50, 1),
(1602, 4, 1276, 3.00, 1),
(1603, 15, 1277, 5.00, 1),
(1604, 15, 1278, 5.00, 1),
(1605, 13, 1279, 3.00, 1),
(1606, 68, 1280, 7.00, 1),
(1607, 68, 1281, 7.00, 1),
(1608, 15, 1282, 5.00, 1),
(1609, 15, 1283, 5.00, 1),
(1610, 76, 1284, 5.00, 1),
(1611, 68, 1285, 7.00, 2),
(1612, 6, 1286, 6.00, 1),
(1613, 6, 1287, 6.00, 2),
(1614, 15, 1288, 5.00, 1),
(1615, 15, 1289, 5.00, 1),
(1616, 15, 1290, 5.00, 1),
(1617, 15, 1291, 5.00, 1),
(1618, 15, 1292, 5.00, 1),
(1619, 15, 1293, 5.00, 1),
(1620, 15, 1294, 5.00, 2),
(1621, 44, 1295, 3.50, 1),
(1622, 5, 1295, 4.00, 1),
(1623, 62, 1296, 1.00, 1),
(1624, 62, 1297, 1.00, 1),
(1625, 62, 1298, 1.00, 2),
(1626, 5, 1299, 4.00, 1),
(1627, 17, 1299, 0.50, 1),
(1628, 14, 1300, 2.00, 1),
(1629, 5, 1300, 4.00, 1),
(1630, 62, 1301, 1.00, 1),
(1631, 6, 1301, 6.00, 1),
(1632, 74, 1302, 6.00, 1),
(1633, 62, 1303, 1.00, 1),
(1634, 13, 1304, 3.00, 1),
(1635, 62, 1304, 1.00, 1),
(1636, 62, 1305, 1.00, 1),
(1637, 58, 1305, 2.50, 1),
(1638, 62, 1306, 1.00, 1),
(1639, 31, 1307, 5.00, 1),
(1640, 6, 1308, 6.00, 1),
(1641, 6, 1309, 6.00, 1),
(1642, 16, 1309, 0.00, 1),
(1643, 17, 1309, 0.50, 1),
(1644, 24, 1309, 4.00, 1),
(1645, 6, 1310, 6.00, 1),
(1646, 17, 1310, 0.50, 1),
(1647, 16, 1310, 0.00, 1),
(1648, 62, 1311, 1.00, 1),
(1649, 48, 1312, 4.50, 1),
(1650, 16, 1313, 0.00, 3),
(1651, 73, 1314, 3.00, 1),
(1652, 48, 1315, 4.50, 1),
(1653, 62, 1316, 1.00, 1),
(1654, 62, 1317, 1.00, 1),
(1655, 44, 1318, 3.50, 1),
(1656, 24, 1319, 4.00, 1),
(1657, 4, 1320, 3.00, 1),
(1658, 44, 1321, 3.50, 1),
(1659, 5, 1322, 4.00, 1),
(1660, 19, 1323, 1.00, 1),
(1661, 6, 1324, 6.00, 1),
(1662, 16, 1324, 0.00, 1),
(1663, 17, 1324, 0.50, 1),
(1664, 15, 1325, 5.00, 1),
(1665, 17, 1326, 0.50, 1),
(1666, 17, 1327, 0.50, 2),
(1667, 59, 1328, 3.00, 1),
(1668, 15, 1329, 5.00, 1),
(1669, 15, 1330, 5.00, 1),
(1670, 15, 1331, 5.00, 1),
(1671, 48, 1332, 4.50, 1),
(1672, 48, 1333, 4.50, 1),
(1673, 6, 1333, 6.00, 1),
(1674, 16, 1333, 0.00, 1),
(1675, 17, 1333, 0.50, 1),
(1676, 4, 1334, 3.00, 1),
(1677, 17, 1334, 0.50, 1),
(1678, 62, 1335, 1.00, 1),
(1679, 15, 1336, 5.00, 1),
(1680, 15, 1337, 5.00, 1),
(1681, 58, 1338, 2.50, 1),
(1682, 15, 1338, 5.00, 1),
(1683, 48, 1339, 4.50, 1),
(1684, 15, 1340, 5.00, 1),
(1685, 59, 1341, 3.00, 1),
(1686, 20, 1342, 1.00, 1),
(1687, 58, 1343, 2.50, 1),
(1688, 15, 1344, 5.00, 1),
(1689, 5, 1345, 4.00, 1),
(1690, 17, 1345, 0.50, 1),
(1691, 14, 1346, 2.00, 1),
(1692, 62, 1347, 1.00, 1),
(1693, 4, 1348, 3.00, 1),
(1694, 15, 1349, 5.00, 1),
(1695, 48, 1350, 4.50, 1),
(1696, 15, 1351, 5.00, 1),
(1697, 62, 1352, 1.00, 2),
(1698, 15, 1353, 5.00, 2),
(1699, 15, 1354, 5.00, 1),
(1700, 62, 1354, 1.00, 1),
(1701, 15, 1355, 5.00, 1),
(1702, 15, 1356, 5.00, 1),
(1703, 15, 1357, 5.00, 1),
(1704, 78, 1358, 20.00, 1),
(1705, 66, 1359, 5.50, 1),
(1706, 13, 1360, 3.00, 1),
(1707, 6, 1361, 6.00, 1),
(1708, 15, 1362, 5.00, 1),
(1709, 4, 1363, 3.00, 1),
(1710, 8, 1363, 1.00, 1),
(1711, 6, 1364, 6.00, 1),
(1712, 16, 1364, 0.00, 1),
(1713, 17, 1364, 0.50, 1),
(1714, 48, 1364, 4.50, 1),
(1715, 79, 1365, 20.00, 2),
(1716, 43, 1366, 3.50, 1),
(1717, 36, 1367, 2.50, 1),
(1718, 15, 1368, 5.00, 1),
(1719, 48, 1368, 4.50, 1),
(1720, 23, 1369, 4.00, 1),
(1721, 15, 1370, 5.00, 1),
(1722, 48, 1370, 4.50, 1),
(1723, 62, 1370, 1.00, 1),
(1724, 15, 1371, 5.00, 2),
(1725, 15, 1372, 5.00, 1),
(1726, 62, 1372, 1.00, 1),
(1727, 63, 1373, 5.00, 1),
(1728, 15, 1374, 5.00, 1),
(1729, 6, 1375, 6.00, 1),
(1730, 62, 1375, 1.00, 1),
(1731, 15, 1376, 5.00, 1),
(1732, 15, 1377, 5.00, 1),
(1733, 15, 1378, 5.00, 1),
(1734, 2, 1379, 2.00, 1),
(1735, 17, 1379, 0.50, 1),
(1736, 3, 1380, 3.00, 1),
(1737, 17, 1380, 0.50, 1),
(1738, 15, 1381, 5.00, 1),
(1739, 15, 1382, 5.00, 2),
(1740, 15, 1383, 5.00, 1),
(1741, 15, 1384, 5.00, 1),
(1742, 15, 1385, 5.00, 1),
(1743, 15, 1386, 5.00, 2),
(1744, 15, 1387, 5.00, 1),
(1745, 15, 1388, 5.00, 1),
(1746, 15, 1389, 5.00, 1),
(1747, 15, 1390, 5.00, 1),
(1748, 76, 1391, 5.00, 1),
(1749, 75, 1391, 6.00, 1),
(1750, 68, 1392, 7.00, 1),
(1751, 59, 1392, 3.00, 1),
(1752, 48, 1393, 4.50, 1),
(1753, 15, 1394, 5.00, 1),
(1754, 75, 1395, 6.00, 1),
(1755, 15, 1396, 5.00, 1),
(1756, 13, 1397, 3.00, 2),
(1757, 15, 1398, 5.00, 1),
(1758, 68, 1399, 7.00, 1),
(1759, 15, 1400, 5.00, 1),
(1760, 44, 1401, 3.50, 1),
(1761, 15, 1402, 5.00, 1),
(1762, 13, 1402, 3.00, 1),
(1763, 15, 1403, 5.00, 1),
(1764, 13, 1403, 3.00, 1),
(1765, 15, 1404, 5.00, 1),
(1766, 62, 1405, 1.00, 1),
(1767, 15, 1406, 5.00, 1),
(1768, 23, 1407, 4.00, 1),
(1769, 15, 1408, 5.00, 1),
(1770, 15, 1409, 5.00, 2),
(1771, 80, 1410, 20.00, 1),
(1772, 23, 1411, 4.00, 1),
(1773, 1, 1412, 0.50, 2),
(1774, 4, 1413, 3.00, 6),
(1775, 16, 1413, 0.00, 6),
(1776, 58, 1414, 2.50, 1),
(1777, 6, 1415, 6.00, 1),
(1778, 5, 1416, 4.00, 1),
(1779, 4, 1417, 3.00, 1),
(1780, 6, 1418, 6.00, 1),
(1781, 58, 1418, 2.50, 1),
(1782, 15, 1419, 5.00, 1),
(1783, 58, 1420, 2.50, 1),
(1784, 6, 1421, 6.00, 1),
(1785, 8, 1422, 1.00, 3),
(1786, 23, 1423, 4.00, 1),
(1787, 15, 1424, 5.00, 1),
(1788, 15, 1425, 5.00, 1),
(1789, 29, 1426, 5.00, 1),
(1790, 15, 1427, 5.00, 1),
(1791, 15, 1428, 5.00, 1),
(1792, 15, 1429, 5.00, 1),
(1793, 15, 1430, 5.00, 1),
(1794, 62, 1430, 1.00, 1),
(1795, 62, 1431, 1.00, 1),
(1796, 1, 1431, 0.50, 1),
(1797, 48, 1432, 4.50, 1),
(1798, 5, 1432, 4.00, 1),
(1799, 15, 1433, 5.00, 1),
(1800, 15, 1434, 5.00, 1),
(1801, 15, 1435, 5.00, 1),
(1802, 15, 1436, 5.00, 1),
(1803, 62, 1437, 1.00, 1),
(1804, 62, 1438, 1.00, 2),
(1805, 62, 1439, 1.00, 1),
(1806, 5, 1440, 4.00, 1),
(1807, 16, 1440, 0.00, 1),
(1808, 15, 1441, 5.00, 1),
(1809, 15, 1442, 5.00, 1),
(1810, 4, 1443, 3.00, 1),
(1811, 15, 1444, 5.00, 1),
(1812, 15, 1445, 5.00, 1),
(1813, 15, 1446, 5.00, 1),
(1814, 15, 1447, 5.00, 1),
(1815, 68, 1448, 7.00, 1),
(1816, 68, 1449, 7.00, 1),
(1817, 15, 1450, 5.00, 1),
(1818, 15, 1451, 5.00, 1),
(1819, 15, 1452, 5.00, 2),
(1820, 15, 1453, 5.00, 2),
(1821, 15, 1454, 5.00, 1),
(1822, 15, 1455, 5.00, 1),
(1823, 15, 1456, 5.00, 1),
(1824, 6, 1457, 6.00, 1),
(1825, 63, 1458, 5.00, 1),
(1826, 15, 1459, 5.00, 1),
(1827, 15, 1460, 5.00, 1),
(1828, 20, 1461, 1.00, 3),
(1829, 6, 1461, 6.00, 1),
(1830, 42, 1462, 3.50, 1),
(1831, 23, 1463, 4.00, 1),
(1832, 15, 1464, 5.00, 1),
(1833, 15, 1465, 5.00, 1),
(1834, 15, 1466, 5.00, 1),
(1835, 15, 1467, 5.00, 1),
(1836, 63, 1468, 5.00, 1),
(1837, 74, 1469, 6.00, 1),
(1838, 76, 1470, 5.00, 1),
(1839, 15, 1470, 5.00, 1),
(1840, 6, 1471, 6.00, 1),
(1841, 17, 1471, 0.50, 1),
(1842, 76, 1472, 5.00, 1),
(1843, 6, 1473, 6.00, 2),
(1844, 12, 1474, 4.00, 1),
(1845, 44, 1474, 3.50, 1),
(1846, 75, 1475, 6.00, 1),
(1847, 36, 1476, 2.50, 1),
(1848, 69, 1477, 3.00, 1),
(1849, 71, 1477, 3.00, 1),
(1850, 73, 1477, 3.00, 1),
(1851, 14, 1478, 2.00, 1),
(1852, 20, 1479, 1.00, 1),
(1853, 71, 1480, 3.00, 1),
(1854, 44, 1480, 3.50, 1),
(1855, 15, 1481, 5.00, 1),
(1856, 62, 1482, 1.00, 2),
(1857, 15, 1483, 5.00, 1),
(1858, 15, 1484, 5.00, 1),
(1859, 19, 1485, 1.00, 1),
(1860, 71, 1485, 3.00, 1),
(1861, 73, 1485, 3.00, 1),
(1862, 76, 1486, 5.00, 1),
(1863, 19, 1486, 1.00, 1),
(1864, 4, 1487, 3.00, 1),
(1865, 6, 1488, 6.00, 1),
(1866, 6, 1489, 6.00, 1),
(1867, 15, 1490, 5.00, 1),
(1868, 58, 1490, 2.50, 1),
(1869, 38, 1491, 2.50, 1),
(1870, 62, 1491, 1.00, 3),
(1871, 6, 1492, 6.00, 1),
(1872, 17, 1492, 0.50, 1),
(1873, 43, 1493, 3.50, 2),
(1874, 5, 1494, 4.00, 1),
(1875, 17, 1494, 0.50, 1),
(1876, 14, 1495, 2.00, 1),
(1877, 42, 1496, 3.50, 1),
(1878, 13, 1497, 3.00, 1),
(1879, 3, 1497, 3.00, 1),
(1880, 17, 1497, 0.50, 1),
(1881, 4, 1498, 3.00, 1),
(1882, 6, 1499, 6.00, 1),
(1883, 15, 1500, 5.00, 1),
(1884, 42, 1501, 3.50, 1),
(1885, 17, 1501, 0.50, 1),
(1886, 6, 1501, 6.00, 1),
(1887, 17, 1502, 0.50, 1),
(1888, 6, 1502, 6.00, 1),
(1889, 15, 1502, 5.00, 1),
(1890, 15, 1503, 5.00, 1),
(1891, 15, 1504, 5.00, 1),
(1892, 5, 1505, 4.00, 1),
(1893, 15, 1506, 5.00, 1),
(1894, 15, 1507, 5.00, 1),
(1895, 68, 1508, 7.00, 1),
(1896, 15, 1509, 5.00, 1),
(1897, 42, 1510, 3.50, 1),
(1898, 15, 1511, 5.00, 1),
(1899, 15, 1512, 5.00, 1),
(1900, 69, 1512, 3.00, 1),
(1901, 6, 1513, 6.00, 1),
(1902, 13, 1514, 3.00, 1),
(1903, 62, 1515, 1.00, 3),
(1904, 15, 1516, 5.00, 1),
(1905, 75, 1517, 6.00, 1),
(1906, 44, 1518, 3.50, 1),
(1907, 6, 1519, 6.00, 1),
(1908, 16, 1519, 0.00, 1),
(1909, 45, 1520, 5.50, 1),
(1910, 6, 1520, 6.00, 1),
(1911, 6, 1521, 6.00, 1),
(1912, 72, 1521, 3.00, 1),
(1913, 43, 1521, 3.50, 1),
(1914, 15, 1522, 5.00, 1),
(1915, 1, 1522, 0.50, 1),
(1916, 47, 1523, 5.50, 1),
(1917, 62, 1524, 1.00, 2),
(1918, 15, 1525, 5.00, 1),
(1919, 6, 1526, 6.00, 1),
(1920, 5, 1527, 4.00, 1),
(1921, 17, 1527, 0.50, 1),
(1922, 74, 1527, 6.00, 1),
(1923, 15, 1528, 5.00, 1),
(1924, 15, 1529, 5.00, 1),
(1925, 15, 1530, 5.00, 1),
(1926, 62, 1530, 1.00, 1),
(1927, 15, 1531, 5.00, 1),
(1928, 58, 1532, 2.50, 1),
(1929, 4, 1532, 3.00, 1),
(1930, 15, 1533, 5.00, 1),
(1931, 68, 1534, 7.00, 1),
(1932, 6, 1535, 6.00, 1),
(1933, 47, 1535, 5.50, 1),
(1934, 73, 1536, 3.00, 1),
(1935, 11, 1537, 3.00, 1),
(1936, 75, 1538, 6.00, 1),
(1937, 15, 1538, 5.00, 1),
(1938, 14, 1539, 2.00, 1),
(1939, 8, 1540, 1.00, 2),
(1940, 16, 1540, 0.00, 1),
(1941, 14, 1541, 2.00, 1),
(1942, 6, 1542, 6.00, 1),
(1943, 17, 1542, 0.50, 1),
(1944, 63, 1543, 5.00, 1),
(1945, 51, 1543, 5.00, 1),
(1946, 6, 1544, 6.00, 1),
(1947, 48, 1545, 4.50, 1),
(1948, 43, 1546, 3.50, 1),
(1949, 72, 1546, 3.00, 1),
(1950, 6, 1547, 6.00, 1),
(1951, 16, 1547, 0.00, 1),
(1952, 17, 1547, 0.50, 1),
(1953, 48, 1547, 4.50, 1),
(1954, 6, 1548, 6.00, 1),
(1955, 19, 1548, 1.00, 1),
(1956, 58, 1549, 2.50, 1),
(1957, 74, 1550, 6.00, 1),
(1958, 51, 1550, 5.00, 1),
(1959, 6, 1551, 6.00, 1),
(1960, 17, 1551, 0.50, 1),
(1961, 11, 1552, 3.00, 2),
(1962, 4, 1553, 3.00, 1),
(1963, 68, 1554, 7.00, 1),
(1964, 6, 1555, 6.00, 1),
(1965, 73, 1555, 3.00, 1),
(1966, 6, 1556, 6.00, 1),
(1967, 13, 1556, 3.00, 1),
(1968, 15, 1557, 5.00, 1),
(1969, 15, 1558, 5.00, 1),
(1970, 47, 1559, 5.50, 1),
(1971, 15, 1559, 5.00, 1),
(1972, 42, 1560, 3.50, 1),
(1973, 15, 1561, 5.00, 1),
(1974, 6, 1562, 6.00, 1),
(1975, 16, 1562, 0.00, 1),
(1976, 13, 1563, 3.00, 2),
(1977, 15, 1564, 5.00, 1),
(1978, 15, 1565, 5.00, 1),
(1979, 15, 1566, 5.00, 1),
(1980, 74, 1566, 6.00, 1),
(1981, 15, 1567, 5.00, 1),
(1982, 15, 1568, 5.00, 3),
(1983, 15, 1569, 5.00, 1),
(1984, 5, 1570, 4.00, 2),
(1985, 17, 1570, 0.50, 1),
(1986, 3, 1571, 3.00, 1),
(1987, 3, 1572, 3.00, 1),
(1988, 62, 1572, 1.00, 1),
(1989, 48, 1573, 4.50, 1),
(1990, 8, 1574, 1.00, 1),
(1991, 43, 1575, 3.50, 1),
(1992, 68, 1576, 7.00, 1),
(1993, 15, 1577, 5.00, 1),
(1994, 15, 1578, 5.00, 1),
(1995, 15, 1579, 5.00, 1),
(1996, 12, 1580, 4.00, 4),
(1997, 77, 1581, 4.00, 1),
(1998, 48, 1582, 4.50, 1),
(1999, 8, 1583, 1.00, 2),
(2000, 63, 1583, 5.00, 1),
(2001, 8, 1584, 1.00, 1),
(2002, 7, 1584, 1.00, 1),
(2003, 58, 1585, 2.50, 1),
(2004, 21, 1586, 4.00, 1),
(2005, 68, 1587, 7.00, 1),
(2006, 6, 1588, 6.00, 1),
(2007, 17, 1588, 0.50, 1),
(2008, 6, 1589, 6.00, 1),
(2009, 17, 1589, 0.50, 1),
(2010, 4, 1590, 3.00, 1),
(2011, 17, 1590, 0.50, 1),
(2012, 5, 1591, 4.00, 1),
(2013, 48, 1592, 4.50, 1),
(2014, 81, 1593, 5.00, 1),
(2015, 15, 1593, 5.00, 1),
(2016, 15, 1594, 5.00, 1),
(2017, 81, 1595, 5.00, 1),
(2018, 21, 1595, 4.00, 1),
(2019, 68, 1596, 7.00, 1),
(2020, 81, 1597, 5.00, 1),
(2021, 6, 1598, 6.00, 1),
(2022, 17, 1598, 0.50, 1),
(2023, 74, 1599, 6.00, 1),
(2024, 12, 1600, 4.00, 1),
(2025, 12, 1601, 4.00, 1),
(2026, 28, 1602, 5.00, 1),
(2027, 15, 1603, 5.00, 1),
(2028, 67, 1604, 5.00, 1),
(2029, 4, 1605, 3.00, 1),
(2030, 15, 1606, 5.00, 1),
(2031, 5, 1607, 4.00, 1),
(2032, 17, 1607, 0.50, 1),
(2033, 15, 1608, 5.00, 1),
(2034, 15, 1609, 5.00, 1),
(2035, 15, 1610, 5.00, 1),
(2036, 15, 1611, 5.00, 1),
(2037, 6, 1612, 6.00, 2),
(2038, 13, 1612, 3.00, 1),
(2039, 15, 1613, 5.00, 1),
(2040, 15, 1614, 5.00, 1),
(2041, 15, 1615, 5.00, 1),
(2042, 6, 1616, 6.00, 1),
(2043, 43, 1617, 3.50, 1),
(2044, 44, 1618, 3.50, 1),
(2045, 15, 1619, 5.00, 2),
(2046, 6, 1620, 6.00, 1),
(2047, 6, 1621, 6.00, 1),
(2048, 68, 1622, 7.00, 1),
(2049, 44, 1623, 3.50, 1),
(2050, 15, 1624, 5.00, 1),
(2051, 15, 1625, 5.00, 1),
(2052, 68, 1626, 7.00, 1),
(2053, 48, 1627, 4.50, 1),
(2054, 58, 1628, 2.50, 1),
(2055, 15, 1629, 5.00, 1),
(2056, 62, 1630, 1.00, 2),
(2057, 6, 1631, 6.00, 1),
(2058, 17, 1631, 0.50, 1),
(2059, 21, 1632, 4.00, 1),
(2060, 15, 1633, 5.00, 1),
(2061, 15, 1634, 5.00, 1),
(2062, 51, 1635, 5.00, 1),
(2063, 48, 1636, 4.50, 1),
(2064, 15, 1637, 5.00, 1),
(2065, 15, 1638, 5.00, 1),
(2066, 6, 1639, 6.00, 1),
(2067, 4, 1639, 3.00, 1),
(2068, 28, 1639, 5.00, 1),
(2069, 4, 1640, 3.00, 1),
(2070, 17, 1640, 0.50, 1),
(2071, 13, 1641, 3.00, 1),
(2072, 14, 1641, 2.00, 1),
(2073, 15, 1642, 5.00, 1),
(2074, 6, 1643, 6.00, 1),
(2075, 15, 1644, 5.00, 1),
(2076, 58, 1645, 2.50, 1),
(2077, 6, 1646, 6.00, 1),
(2078, 17, 1646, 0.50, 1),
(2079, 6, 1647, 6.00, 1),
(2080, 15, 1648, 5.00, 1),
(2081, 6, 1649, 6.00, 1),
(2082, 15, 1650, 5.00, 1),
(2083, 15, 1651, 5.00, 1),
(2084, 15, 1652, 5.00, 1),
(2085, 15, 1653, 5.00, 1),
(2086, 6, 1654, 6.00, 1),
(2087, 17, 1654, 0.50, 1),
(2088, 63, 1655, 5.00, 1),
(2089, 81, 1656, 5.00, 1),
(2090, 23, 1657, 4.00, 1),
(2091, 68, 1658, 7.00, 1),
(2092, 6, 1658, 6.00, 1),
(2093, 17, 1658, 0.50, 1),
(2094, 21, 1659, 4.00, 1),
(2095, 10, 1660, 3.00, 1),
(2096, 15, 1661, 5.00, 1),
(2097, 15, 1662, 5.00, 1),
(2098, 15, 1663, 5.00, 1),
(2099, 15, 1664, 5.00, 1),
(2100, 15, 1665, 5.00, 2),
(2101, 51, 1666, 5.00, 1),
(2102, 68, 1667, 7.00, 1),
(2103, 48, 1668, 4.50, 1),
(2104, 68, 1669, 7.00, 1),
(2105, 21, 1670, 4.00, 1),
(2106, 21, 1671, 4.00, 1),
(2107, 7, 1672, 1.00, 2),
(2108, 15, 1673, 5.00, 1),
(2109, 47, 1674, 5.50, 1);
INSERT INTO `articles_sellment` (`id`, `article_id`, `order_id`, `price`, `amount`) VALUES
(2110, 15, 1674, 5.00, 1),
(2111, 7, 1675, 1.00, 5),
(2112, 82, 1676, 3.00, 2),
(2113, 15, 1677, 5.00, 1),
(2114, 4, 1678, 3.00, 6),
(2115, 15, 1679, 5.00, 1),
(2116, 21, 1679, 4.00, 1),
(2117, 48, 1679, 4.50, 1),
(2118, 4, 1680, 3.00, 6),
(2119, 15, 1681, 5.00, 1),
(2120, 15, 1682, 5.00, 1),
(2121, 81, 1683, 5.00, 1),
(2122, 15, 1684, 5.00, 1),
(2123, 82, 1685, 3.00, 1),
(2124, 82, 1686, 3.00, 1),
(2125, 15, 1687, 5.00, 1),
(2126, 15, 1688, 5.00, 1),
(2127, 82, 1689, 3.00, 2),
(2128, 12, 1690, 4.00, 4),
(2129, 15, 1691, 5.00, 6),
(2130, 68, 1691, 7.00, 1),
(2131, 6, 1691, 6.00, 1),
(2132, 68, 1692, 7.00, 1),
(2133, 77, 1693, 4.00, 1),
(2134, 23, 1694, 4.00, 1),
(2135, 43, 1695, 3.50, 1),
(2136, 6, 1695, 6.00, 1),
(2137, 1, 1696, 0.50, 3),
(2138, 15, 1697, 5.00, 1),
(2139, 75, 1697, 6.00, 1),
(2140, 15, 1698, 5.00, 1),
(2141, 15, 1699, 5.00, 1),
(2142, 44, 1700, 3.50, 1),
(2143, 71, 1701, 3.00, 1),
(2144, 15, 1702, 5.00, 1),
(2145, 48, 1703, 4.50, 1),
(2146, 59, 1704, 3.00, 1),
(2147, 15, 1705, 5.00, 1),
(2148, 15, 1706, 5.00, 1),
(2149, 25, 1707, 5.00, 1),
(2150, 15, 1708, 5.00, 1),
(2151, 15, 1709, 5.00, 1),
(2152, 15, 1710, 5.00, 1),
(2153, 11, 1711, 3.00, 1),
(2154, 15, 1712, 5.00, 1),
(2155, 67, 1713, 5.00, 1),
(2156, 5, 1713, 4.00, 1),
(2157, 58, 1714, 2.50, 1),
(2158, 71, 1715, 3.00, 1),
(2159, 6, 1716, 6.00, 1),
(2160, 70, 1717, 3.00, 1),
(2161, 42, 1718, 3.50, 1),
(2162, 15, 1719, 5.00, 1),
(2163, 1, 1720, 0.50, 1),
(2164, 6, 1721, 6.00, 1),
(2165, 15, 1721, 5.00, 1),
(2166, 67, 1722, 5.00, 1),
(2167, 23, 1723, 4.00, 1),
(2168, 13, 1724, 5.00, 1),
(2169, 14, 1724, 4.00, 1),
(2170, 13, 1725, 5.00, 1),
(2171, 58, 1726, 2.50, 1),
(2172, 15, 1727, 5.00, 1),
(2173, 51, 1727, 5.00, 1),
(2174, 48, 1727, 4.50, 1),
(2175, 15, 1728, 5.00, 1),
(2176, 43, 1728, 3.50, 1),
(2177, 15, 1729, 5.00, 1),
(2178, 58, 1730, 2.50, 1),
(2179, 15, 1731, 5.00, 2),
(2180, 15, 1732, 5.00, 1),
(2181, 15, 1733, 5.00, 1),
(2182, 82, 1734, 3.00, 1),
(2183, 48, 1735, 4.50, 1),
(2184, 5, 1736, 4.00, 1),
(2185, 16, 1736, 0.00, 1),
(2186, 67, 1737, 5.00, 1),
(2187, 1, 1738, 0.50, 3),
(2188, 15, 1739, 5.00, 1),
(2189, 15, 1740, 5.00, 1),
(2190, 15, 1741, 5.00, 1),
(2191, 15, 1742, 5.00, 1),
(2192, 82, 1743, 4.00, 1),
(2193, 68, 1744, 7.00, 1),
(2194, 68, 1745, 7.00, 1),
(2195, 5, 1746, 4.00, 1),
(2196, 4, 1747, 3.00, 1),
(2197, 68, 1748, 7.00, 1),
(2198, 15, 1749, 5.00, 1),
(2199, 15, 1750, 5.00, 1),
(2200, 75, 1750, 6.00, 1),
(2201, 7, 1751, 1.00, 1),
(2202, 7, 1752, 1.00, 1),
(2203, 5, 1753, 4.00, 1),
(2204, 17, 1753, 0.50, 1),
(2205, 51, 1753, 5.00, 1),
(2206, 58, 1754, 2.50, 1),
(2207, 69, 1755, 3.00, 1),
(2208, 28, 1756, 5.00, 1),
(2209, 15, 1757, 5.00, 1),
(2210, 58, 1758, 2.50, 1),
(2211, 6, 1759, 6.00, 1),
(2212, 15, 1760, 5.00, 1),
(2213, 15, 1761, 5.00, 1),
(2214, 15, 1762, 5.00, 1),
(2215, 15, 1763, 5.00, 1),
(2216, 6, 1764, 6.00, 1),
(2217, 16, 1764, 0.00, 1),
(2218, 48, 1765, 4.50, 1),
(2219, 6, 1766, 6.00, 1),
(2220, 16, 1766, 0.00, 1),
(2221, 15, 1767, 5.00, 1),
(2222, 15, 1768, 5.00, 1),
(2223, 75, 1769, 6.00, 1),
(2224, 6, 1770, 6.00, 1),
(2225, 16, 1770, 0.00, 1),
(2226, 42, 1771, 3.50, 1),
(2227, 11, 1772, 3.00, 2),
(2228, 48, 1773, 4.50, 1),
(2229, 71, 1774, 3.00, 1),
(2230, 25, 1775, 5.00, 1),
(2231, 15, 1776, 5.00, 1),
(2232, 15, 1777, 5.00, 1),
(2233, 67, 1777, 5.00, 1),
(2234, 15, 1778, 5.00, 1),
(2235, 15, 1779, 5.00, 1),
(2236, 71, 1780, 3.00, 1),
(2237, 42, 1780, 3.50, 1),
(2238, 82, 1781, 4.00, 1),
(2239, 11, 1782, 3.00, 1),
(2240, 51, 1783, 5.00, 1),
(2241, 12, 1784, 4.00, 2),
(2242, 21, 1785, 4.00, 1),
(2243, 21, 1786, 4.00, 1),
(2244, 48, 1787, 4.50, 1),
(2245, 48, 1788, 4.50, 1),
(2246, 15, 1789, 5.00, 1),
(2247, 15, 1790, 5.00, 1),
(2248, 15, 1791, 5.00, 1),
(2249, 15, 1792, 5.00, 1),
(2250, 70, 1793, 3.00, 1),
(2251, 36, 1793, 2.50, 1),
(2252, 8, 1794, 1.00, 1),
(2253, 16, 1794, 0.00, 1),
(2254, 7, 1794, 1.00, 1),
(2255, 15, 1795, 5.00, 1),
(2256, 15, 1796, 5.00, 1),
(2257, 15, 1797, 5.00, 1),
(2258, 15, 1798, 5.00, 1),
(2259, 15, 1799, 5.00, 1),
(2260, 5, 1800, 4.00, 1),
(2261, 8, 1801, 1.00, 3),
(2262, 16, 1801, 0.00, 2),
(2263, 7, 1802, 1.00, 4),
(2264, 15, 1803, 5.00, 3),
(2265, 15, 1804, 5.00, 1),
(2266, 15, 1805, 5.00, 1),
(2267, 48, 1806, 4.50, 1),
(2268, 15, 1806, 5.00, 1),
(2269, 4, 1807, 3.00, 1),
(2270, 15, 1808, 5.00, 1),
(2271, 15, 1809, 5.00, 1),
(2272, 15, 1810, 5.00, 1),
(2273, 15, 1811, 5.00, 1),
(2274, 59, 1812, 3.00, 1),
(2275, 58, 1813, 2.50, 1),
(2276, 48, 1814, 4.50, 1),
(2277, 5, 1815, 4.00, 1),
(2278, 15, 1816, 5.00, 1),
(2279, 15, 1817, 5.00, 1),
(2280, 72, 1818, 3.00, 1),
(2281, 6, 1818, 6.00, 1),
(2282, 44, 1818, 3.50, 1),
(2283, 15, 1819, 5.00, 1),
(2284, 13, 1820, 5.00, 1),
(2285, 5, 1820, 4.00, 1),
(2286, 4, 1821, 3.00, 1),
(2287, 15, 1822, 5.00, 2),
(2288, 15, 1823, 5.00, 1),
(2289, 15, 1824, 5.00, 1),
(2290, 48, 1825, 4.50, 1),
(2291, 15, 1826, 5.00, 1),
(2292, 15, 1827, 5.00, 1),
(2293, 15, 1828, 5.00, 1),
(2294, 15, 1829, 5.00, 1),
(2295, 15, 1830, 5.00, 1),
(2296, 36, 1831, 2.50, 1),
(2297, 15, 1832, 5.00, 1),
(2298, 6, 1833, 6.00, 1),
(2299, 17, 1833, 0.50, 1),
(2300, 15, 1834, 5.00, 2),
(2301, 6, 1835, 6.00, 1),
(2302, 17, 1835, 0.50, 1),
(2303, 15, 1836, 5.00, 1),
(2304, 36, 1837, 2.50, 1),
(2305, 6, 1838, 6.00, 1),
(2306, 15, 1839, 5.00, 1),
(2307, 15, 1840, 5.00, 1),
(2308, 15, 1841, 5.00, 1),
(2309, 20, 1842, 1.00, 1),
(2310, 4, 1843, 3.00, 1),
(2311, 15, 1843, 5.00, 1),
(2312, 14, 1843, 4.00, 1),
(2313, 48, 1844, 4.50, 1),
(2314, 6, 1845, 6.00, 1),
(2315, 17, 1845, 0.50, 1),
(2316, 57, 1846, 1.50, 1),
(2317, 15, 1847, 5.00, 3),
(2318, 4, 1848, 3.00, 2),
(2319, 15, 1848, 5.00, 1),
(2320, 6, 1849, 6.00, 1),
(2321, 17, 1849, 0.50, 1),
(2322, 15, 1850, 5.00, 2),
(2323, 75, 1851, 6.00, 1),
(2324, 11, 1852, 3.00, 1),
(2325, 36, 1853, 2.50, 1),
(2326, 68, 1854, 7.00, 1),
(2327, 15, 1855, 5.00, 1),
(2328, 15, 1856, 5.00, 1),
(2329, 15, 1857, 5.00, 3),
(2330, 11, 1858, 3.00, 1),
(2331, 15, 1859, 5.00, 1),
(2332, 65, 1860, 6.00, 1),
(2333, 15, 1861, 5.00, 1),
(2334, 15, 1862, 5.00, 2),
(2335, 6, 1863, 6.00, 1),
(2336, 48, 1864, 4.50, 1),
(2337, 12, 1865, 4.00, 2),
(2338, 58, 1865, 2.50, 1),
(2339, 36, 1866, 2.50, 1),
(2340, 48, 1867, 4.50, 1),
(2341, 6, 1868, 6.00, 1),
(2342, 12, 1869, 4.00, 2),
(2343, 11, 1870, 3.00, 2),
(2344, 48, 1871, 4.50, 1),
(2345, 4, 1872, 3.00, 1),
(2346, 17, 1872, 0.50, 1),
(2347, 36, 1872, 2.50, 1),
(2348, 4, 1873, 3.00, 1),
(2349, 17, 1873, 0.50, 1),
(2350, 39, 1873, 2.50, 1),
(2351, 4, 1874, 3.00, 1),
(2352, 17, 1875, 0.50, 1),
(2353, 6, 1875, 6.00, 1),
(2354, 16, 1875, 0.00, 1),
(2355, 58, 1876, 2.50, 1),
(2356, 5, 1877, 4.00, 1),
(2357, 16, 1877, 0.00, 1),
(2358, 43, 1878, 3.50, 1),
(2359, 4, 1879, 3.00, 3),
(2360, 16, 1879, 0.00, 3),
(2361, 63, 1880, 5.00, 1),
(2362, 13, 1881, 5.00, 1),
(2363, 6, 1881, 6.00, 1),
(2364, 16, 1881, 0.00, 1),
(2365, 58, 1882, 2.50, 1),
(2366, 65, 1883, 6.00, 1),
(2367, 15, 1883, 5.00, 1),
(2368, 5, 1884, 4.00, 1),
(2369, 17, 1884, 0.50, 1),
(2370, 15, 1885, 5.00, 1),
(2371, 15, 1886, 5.00, 1),
(2372, 16, 1887, 0.00, 1),
(2373, 6, 1887, 6.00, 1),
(2374, 43, 1887, 3.50, 1),
(2375, 68, 1888, 7.00, 1),
(2376, 15, 1889, 5.00, 1),
(2377, 15, 1890, 5.00, 1),
(2378, 3, 1891, 3.00, 1),
(2379, 17, 1891, 0.50, 1),
(2380, 15, 1892, 5.00, 1),
(2381, 15, 1893, 5.00, 1),
(2382, 65, 1894, 6.00, 1),
(2383, 15, 1895, 5.00, 2),
(2384, 48, 1895, 4.50, 1),
(2385, 15, 1896, 5.00, 1),
(2386, 15, 1897, 5.00, 1),
(2387, 6, 1898, 6.00, 1),
(2388, 43, 1898, 3.50, 1),
(2389, 15, 1899, 5.00, 1),
(2390, 15, 1900, 5.00, 1),
(2391, 48, 1901, 4.50, 1),
(2392, 15, 1902, 5.00, 1),
(2393, 4, 1903, 3.00, 1),
(2394, 36, 1904, 2.50, 1),
(2395, 6, 1905, 6.00, 1),
(2396, 15, 1906, 5.00, 1),
(2397, 15, 1907, 5.00, 1),
(2398, 82, 1908, 4.00, 2),
(2399, 75, 1909, 6.00, 1),
(2400, 48, 1909, 4.50, 1),
(2401, 13, 1910, 5.00, 1),
(2402, 6, 1910, 6.00, 1),
(2403, 13, 1911, 5.00, 1),
(2404, 4, 1911, 3.00, 1),
(2405, 28, 1911, 5.00, 1),
(2406, 5, 1912, 4.00, 1),
(2407, 17, 1912, 0.50, 1),
(2408, 48, 1913, 4.50, 1),
(2409, 2, 1914, 2.00, 1),
(2410, 7, 1915, 1.00, 2),
(2411, 63, 1916, 5.00, 1),
(2412, 12, 1917, 4.00, 1),
(2413, 19, 1917, 1.00, 2),
(2414, 51, 1918, 5.00, 1),
(2415, 27, 1918, 5.00, 1),
(2416, 4, 1919, 3.00, 1),
(2417, 11, 1920, 3.00, 1),
(2418, 12, 1921, 4.00, 1),
(2419, 11, 1922, 3.00, 2),
(2420, 44, 1922, 3.50, 1),
(2421, 59, 1923, 3.00, 1),
(2422, 12, 1924, 4.00, 2),
(2423, 44, 1925, 3.50, 1),
(2424, 11, 1926, 3.00, 1),
(2425, 58, 1927, 2.50, 1),
(2426, 58, 1928, 2.50, 1),
(2427, 21, 1929, 4.00, 1),
(2428, 48, 1930, 4.50, 1),
(2429, 48, 1931, 4.50, 1),
(2430, 44, 1932, 3.50, 1),
(2431, 6, 1933, 6.00, 1),
(2432, 13, 1933, 5.00, 1),
(2433, 4, 1934, 3.00, 1),
(2434, 5, 1935, 4.00, 1),
(2435, 47, 1935, 5.50, 1),
(2436, 63, 1936, 5.00, 1),
(2437, 48, 1937, 4.50, 1),
(2438, 41, 1938, 2.50, 1),
(2439, 67, 1939, 5.00, 1),
(2440, 6, 1939, 6.00, 2),
(2441, 17, 1939, 0.50, 1),
(2442, 11, 1940, 3.00, 1),
(2443, 15, 1941, 5.00, 1),
(2444, 5, 1942, 4.00, 1),
(2445, 67, 1943, 5.00, 1),
(2446, 15, 1944, 5.00, 1),
(2447, 21, 1945, 4.00, 1),
(2448, 28, 1946, 5.00, 1),
(2449, 15, 1947, 5.00, 1),
(2450, 44, 1948, 3.50, 1),
(2451, 59, 1949, 3.00, 1),
(2452, 43, 1950, 3.50, 1),
(2453, 75, 1951, 6.00, 1),
(2454, 16, 1952, 0.00, 1),
(2455, 4, 1953, 3.00, 1),
(2456, 5, 1954, 4.00, 1),
(2457, 15, 1955, 5.00, 2),
(2458, 15, 1956, 5.00, 1),
(2459, 28, 1957, 5.00, 1),
(2460, 65, 1958, 6.00, 1),
(2461, 15, 1959, 5.00, 1),
(2462, 44, 1960, 3.50, 1),
(2463, 6, 1961, 6.00, 1),
(2464, 15, 1962, 5.00, 1),
(2465, 43, 1962, 3.50, 1),
(2466, 11, 1963, 3.00, 2),
(2467, 15, 1964, 5.00, 1),
(2468, 15, 1965, 5.00, 1),
(2469, 15, 1966, 5.00, 1),
(2470, 68, 1967, 7.00, 1),
(2471, 77, 1968, 4.00, 1),
(2472, 82, 1968, 4.00, 1),
(2473, 5, 1969, 4.00, 1),
(2474, 17, 1970, 0.50, 1),
(2475, 68, 1971, 7.00, 1),
(2476, 15, 1972, 5.00, 1),
(2477, 36, 1973, 2.50, 1),
(2478, 15, 1974, 5.00, 1),
(2479, 43, 1975, 3.50, 1),
(2480, 6, 1975, 6.00, 1),
(2481, 16, 1975, 0.00, 1),
(2482, 6, 1976, 6.00, 1),
(2483, 17, 1976, 0.50, 1),
(2484, 51, 1977, 5.00, 1),
(2485, 6, 1978, 6.00, 1),
(2486, 16, 1978, 0.00, 1),
(2487, 6, 1979, 6.00, 1),
(2488, 48, 1979, 4.50, 1),
(2489, 6, 1980, 6.00, 1),
(2490, 16, 1980, 0.00, 1),
(2491, 15, 1981, 5.00, 4),
(2492, 15, 1982, 5.00, 1),
(2493, 43, 1983, 3.50, 1),
(2494, 6, 1984, 6.00, 1),
(2495, 16, 1984, 0.00, 1),
(2496, 17, 1984, 0.50, 1),
(2497, 11, 1985, 3.00, 1),
(2498, 12, 1986, 4.00, 1),
(2499, 15, 1987, 5.00, 1),
(2500, 5, 1988, 4.00, 1),
(2501, 17, 1988, 0.50, 1),
(2502, 16, 1988, 0.00, 1),
(2503, 6, 1989, 6.00, 1),
(2504, 17, 1989, 0.50, 1),
(2505, 6, 1990, 6.00, 1),
(2506, 36, 1991, 2.50, 1),
(2507, 5, 1992, 4.00, 1),
(2508, 16, 1992, 0.00, 1),
(2509, 15, 1993, 5.00, 1),
(2510, 15, 1994, 5.00, 1),
(2511, 63, 1995, 5.00, 1),
(2512, 77, 1996, 4.00, 1),
(2513, 23, 1996, 4.00, 1),
(2514, 48, 1997, 4.50, 1),
(2515, 23, 1998, 4.00, 1),
(2516, 75, 1999, 6.00, 1),
(2517, 48, 2000, 4.50, 1),
(2518, 58, 2001, 2.50, 1),
(2519, 15, 2002, 5.00, 1),
(2520, 15, 2003, 5.00, 2),
(2521, 63, 2004, 5.00, 1),
(2522, 15, 2005, 5.00, 2),
(2523, 82, 2005, 4.00, 1),
(2524, 41, 2006, 2.50, 1),
(2525, 6, 2007, 6.00, 1),
(2526, 15, 2008, 5.00, 1),
(2527, 15, 2009, 5.00, 1),
(2528, 15, 2010, 5.00, 1),
(2529, 12, 2011, 4.00, 2),
(2530, 77, 2012, 4.00, 1),
(2531, 68, 2012, 7.00, 1),
(2532, 15, 2013, 5.00, 1),
(2533, 77, 2014, 4.00, 1),
(2534, 75, 2015, 6.00, 1),
(2535, 15, 2016, 5.00, 2),
(2536, 36, 2017, 2.50, 1),
(2537, 15, 2018, 5.00, 1),
(2538, 14, 2019, 4.00, 1),
(2539, 51, 2020, 5.00, 1),
(2540, 15, 2020, 5.00, 1),
(2541, 4, 2021, 3.00, 1),
(2542, 6, 2022, 6.00, 1),
(2543, 59, 2023, 3.00, 1),
(2544, 15, 2024, 5.00, 1),
(2545, 43, 2025, 3.50, 1),
(2546, 6, 2025, 6.00, 1),
(2547, 38, 2026, 2.50, 1),
(2548, 8, 2026, 1.00, 5),
(2549, 7, 2026, 1.00, 4),
(2550, 4, 2027, 3.00, 6),
(2551, 63, 2028, 5.00, 1),
(2552, 15, 2029, 5.00, 1),
(2553, 38, 2030, 2.50, 1),
(2554, 15, 2031, 5.00, 1),
(2555, 4, 2032, 3.00, 1),
(2556, 14, 2033, 4.00, 2),
(2557, 15, 2034, 5.00, 2),
(2558, 15, 2035, 5.00, 1),
(2559, 44, 2035, 3.50, 1),
(2560, 15, 2036, 5.00, 1),
(2561, 15, 2037, 5.00, 1),
(2562, 48, 2038, 4.50, 1),
(2563, 15, 2038, 5.00, 1),
(2564, 57, 2039, 1.50, 1),
(2565, 15, 2040, 5.00, 1),
(2566, 15, 2041, 5.00, 1),
(2567, 48, 2042, 4.50, 1),
(2568, 15, 2043, 5.00, 1),
(2569, 48, 2044, 4.50, 1),
(2570, 68, 2045, 7.00, 1),
(2571, 41, 2046, 2.50, 1),
(2572, 15, 2047, 5.00, 1),
(2573, 15, 2048, 5.00, 1),
(2574, 15, 2049, 5.00, 1),
(2575, 7, 2050, 1.00, 2),
(2576, 42, 2051, 3.50, 1),
(2577, 4, 2051, 3.00, 2),
(2578, 15, 2052, 5.00, 1),
(2579, 58, 2053, 2.50, 1),
(2580, 58, 2054, 2.50, 1),
(2581, 58, 2055, 2.50, 1),
(2582, 15, 2056, 5.00, 1),
(2583, 11, 2057, 3.00, 1),
(2584, 45, 2058, 5.50, 1),
(2585, 75, 2059, 6.00, 1),
(2586, 11, 2060, 3.00, 2),
(2587, 11, 2061, 3.00, 1),
(2588, 11, 2062, 3.00, 1),
(2589, 48, 2063, 4.50, 1),
(2590, 5, 2063, 4.00, 2),
(2591, 48, 2064, 4.50, 1),
(2592, 44, 2065, 3.50, 1),
(2593, 44, 2066, 3.50, 1),
(2594, 12, 2067, 4.00, 2),
(2595, 63, 2068, 5.00, 1),
(2596, 12, 2069, 4.00, 4),
(2597, 12, 2070, 4.00, 2),
(2598, 59, 2071, 3.00, 1),
(2599, 4, 2072, 3.00, 1),
(2600, 36, 2072, 2.50, 1),
(2601, 58, 2073, 2.50, 2),
(2602, 59, 2074, 3.00, 1),
(2603, 15, 2075, 5.00, 1),
(2604, 4, 2076, 3.00, 1),
(2605, 68, 2077, 7.00, 1),
(2606, 6, 2078, 6.00, 1),
(2607, 5, 2079, 4.00, 1),
(2608, 44, 2079, 3.50, 1),
(2609, 4, 2080, 3.00, 1),
(2610, 17, 2080, 0.50, 1),
(2611, 59, 2081, 3.00, 1),
(2612, 65, 2082, 6.00, 1),
(2613, 63, 2083, 5.00, 1),
(2614, 65, 2083, 6.00, 1),
(2615, 15, 2083, 5.00, 1),
(2616, 11, 2083, 3.00, 2),
(2617, 36, 2083, 2.50, 1),
(2618, 12, 2084, 4.00, 2),
(2619, 48, 2085, 4.50, 1),
(2620, 15, 2086, 5.00, 1),
(2621, 15, 2087, 5.00, 2),
(2622, 15, 2088, 5.00, 1),
(2623, 48, 2089, 4.50, 1),
(2624, 15, 2089, 5.00, 1),
(2625, 65, 2090, 6.00, 1),
(2626, 15, 2090, 5.00, 1),
(2627, 12, 2091, 4.00, 1),
(2628, 17, 2091, 0.50, 1),
(2629, 48, 2091, 4.50, 1),
(2630, 44, 2092, 3.50, 1),
(2631, 15, 2093, 5.00, 1),
(2632, 15, 2094, 5.00, 2),
(2633, 39, 2095, 2.50, 1),
(2634, 6, 2096, 6.00, 1),
(2635, 6, 2097, 6.00, 1),
(2636, 65, 2098, 6.00, 1),
(2637, 15, 2099, 5.00, 1),
(2638, 15, 2100, 5.00, 1),
(2639, 4, 2101, 3.00, 1),
(2640, 15, 2102, 5.00, 1),
(2641, 44, 2103, 3.50, 1),
(2642, 15, 2103, 5.00, 1),
(2643, 15, 2104, 5.00, 1),
(2644, 48, 2105, 4.50, 1),
(2645, 48, 2106, 4.50, 1),
(2646, 15, 2107, 5.00, 1),
(2647, 48, 2108, 4.50, 1),
(2648, 17, 2109, 0.50, 1),
(2649, 4, 2109, 3.00, 1),
(2650, 6, 2110, 6.00, 1),
(2651, 36, 2111, 2.50, 1),
(2652, 58, 2112, 2.50, 6),
(2653, 58, 2113, 2.50, 1),
(2654, 65, 2114, 6.00, 1),
(2655, 15, 2115, 5.00, 2),
(2656, 15, 2116, 5.00, 2),
(2657, 8, 2117, 1.00, 2),
(2658, 16, 2117, 0.00, 1),
(2659, 51, 2118, 5.00, 1),
(2660, 15, 2119, 5.00, 1),
(2661, 4, 2120, 3.00, 1),
(2662, 41, 2121, 2.50, 1),
(2663, 15, 2122, 5.00, 1),
(2664, 6, 2122, 6.00, 1),
(2665, 82, 2123, 4.00, 1),
(2666, 6, 2124, 6.00, 1),
(2667, 17, 2124, 0.50, 1),
(2668, 82, 2125, 4.00, 1),
(2669, 48, 2126, 4.50, 1),
(2670, 15, 2126, 5.00, 1),
(2671, 15, 2127, 5.00, 1),
(2672, 51, 2128, 5.00, 1),
(2673, 15, 2128, 5.00, 1),
(2674, 38, 2129, 2.50, 1),
(2675, 36, 2130, 2.50, 1),
(2676, 15, 2130, 5.00, 1),
(2677, 11, 2131, 3.00, 1),
(2678, 72, 2132, 3.00, 1),
(2679, 70, 2132, 3.00, 1),
(2680, 40, 2133, 2.50, 1),
(2681, 15, 2133, 5.00, 1),
(2682, 6, 2134, 6.00, 1),
(2683, 6, 2135, 6.00, 1),
(2684, 15, 2136, 5.00, 1),
(2685, 5, 2137, 4.00, 1),
(2686, 17, 2137, 0.50, 1),
(2687, 5, 2138, 4.00, 1),
(2688, 17, 2138, 0.50, 1),
(2689, 6, 2139, 6.00, 1),
(2690, 6, 2140, 6.00, 2),
(2691, 48, 2141, 4.50, 1),
(2692, 15, 2142, 5.00, 1),
(2693, 40, 2143, 2.50, 1),
(2694, 15, 2143, 5.00, 1),
(2695, 58, 2144, 2.50, 1),
(2696, 6, 2145, 6.00, 2),
(2697, 15, 2146, 5.00, 1),
(2698, 48, 2147, 4.50, 1),
(2699, 44, 2148, 3.50, 1),
(2700, 15, 2148, 5.00, 1),
(2701, 9, 2149, 2.00, 1),
(2702, 48, 2150, 4.50, 1),
(2703, 6, 2150, 6.00, 1),
(2704, 16, 2150, 0.00, 1),
(2705, 6, 2151, 6.00, 1),
(2706, 17, 2151, 0.50, 1),
(2707, 4, 2152, 3.00, 1),
(2708, 63, 2153, 5.00, 1),
(2709, 48, 2153, 4.50, 1),
(2710, 15, 2154, 5.00, 1),
(2711, 59, 2154, 3.00, 1),
(2712, 68, 2155, 7.00, 1),
(2713, 15, 2156, 5.00, 1),
(2714, 15, 2157, 5.00, 1),
(2715, 5, 2158, 4.00, 1),
(2716, 17, 2158, 0.50, 1),
(2717, 6, 2159, 6.00, 1),
(2718, 17, 2159, 0.50, 1),
(2719, 5, 2160, 4.00, 1),
(2720, 17, 2160, 0.50, 1),
(2721, 15, 2161, 5.00, 1),
(2722, 15, 2162, 5.00, 1),
(2723, 15, 2163, 5.00, 1),
(2724, 51, 2164, 5.00, 1),
(2725, 38, 2165, 2.50, 1),
(2726, 15, 2166, 5.00, 1),
(2727, 36, 2167, 2.50, 1),
(2728, 48, 2168, 4.50, 1),
(2729, 5, 2169, 4.00, 1),
(2730, 15, 2170, 5.00, 1),
(2731, 15, 2171, 5.00, 1),
(2732, 15, 2172, 5.00, 1),
(2733, 15, 2173, 5.00, 1),
(2734, 51, 2174, 5.00, 1),
(2735, 48, 2175, 4.50, 1),
(2736, 63, 2176, 5.00, 1),
(2737, 6, 2177, 6.00, 1),
(2738, 17, 2177, 0.50, 1),
(2739, 6, 2178, 6.00, 1),
(2740, 17, 2178, 0.50, 1),
(2741, 51, 2179, 5.00, 1),
(2742, 15, 2180, 5.00, 2),
(2743, 15, 2181, 5.00, 1),
(2744, 70, 2182, 3.00, 1),
(2745, 63, 2183, 5.00, 1),
(2746, 6, 2184, 6.00, 1),
(2747, 16, 2184, 0.00, 1),
(2748, 17, 2184, 0.50, 1),
(2749, 51, 2185, 5.00, 1),
(2750, 15, 2186, 5.00, 1),
(2751, 58, 2187, 2.50, 1),
(2752, 15, 2188, 5.00, 2),
(2753, 5, 2189, 4.00, 1),
(2754, 17, 2189, 0.50, 1),
(2755, 15, 2190, 5.00, 1),
(2756, 4, 2191, 3.00, 1),
(2757, 15, 2192, 5.00, 1),
(2758, 15, 2193, 5.00, 1),
(2759, 15, 2194, 5.00, 2),
(2760, 44, 2195, 3.50, 1),
(2761, 15, 2195, 5.00, 1),
(2762, 15, 2196, 5.00, 1),
(2763, 15, 2197, 5.00, 1),
(2764, 15, 2198, 5.00, 1),
(2765, 15, 2199, 5.00, 1),
(2766, 15, 2200, 5.00, 1),
(2767, 68, 2201, 7.00, 1),
(2768, 15, 2202, 5.00, 1),
(2769, 6, 2202, 6.00, 1),
(2770, 15, 2203, 5.00, 1),
(2771, 4, 2204, 3.00, 1),
(2772, 68, 2205, 7.00, 1),
(2773, 48, 2206, 4.50, 1),
(2774, 4, 2207, 3.00, 1),
(2775, 17, 2207, 0.50, 1),
(2776, 15, 2208, 5.00, 1),
(2777, 38, 2209, 2.50, 1),
(2778, 15, 2210, 5.00, 1),
(2779, 101, 2210, -0.50, 10),
(2780, 1, 2211, 0.50, 2),
(2781, 1, 2212, 0.50, 2),
(2782, 1, 2213, 0.50, 2),
(2783, 1, 2214, 0.50, 2),
(2784, 75, 2215, 6.00, 1),
(2785, 36, 2216, 2.50, 1),
(2786, 58, 2217, 2.50, 1),
(2787, 46, 2217, 5.50, 1),
(2788, 15, 2218, 5.00, 2),
(2789, 15, 2219, 5.00, 1),
(2790, 43, 2220, 3.50, 1),
(2791, 5, 2220, 4.00, 2),
(2792, 6, 2221, 6.00, 1),
(2793, 17, 2221, 0.50, 1),
(2794, 96, 2222, -0.50, 4),
(2795, 9, 2222, 2.00, 1),
(2796, 15, 2223, 5.00, 1),
(2797, 47, 2224, 5.50, 1),
(2798, 15, 2225, 5.00, 1),
(2799, 51, 2226, 5.00, 1),
(2800, 15, 2226, 5.00, 1),
(2801, 15, 2227, 5.00, 1),
(2802, 59, 2228, 3.00, 1),
(2803, 58, 2229, 2.50, 1),
(2804, 15, 2229, 5.00, 1),
(2805, 63, 2230, 5.00, 1),
(2806, 15, 2231, 5.00, 1),
(2807, 66, 2231, 5.50, 1),
(2808, 15, 2232, 5.00, 1),
(2809, 19, 2233, 1.00, 1),
(2810, 15, 2234, 5.00, 1),
(2811, 15, 2235, 5.00, 1),
(2812, 15, 2236, 5.00, 1),
(2813, 15, 2237, 5.00, 1),
(2814, 5, 2238, 4.00, 1),
(2815, 42, 2239, 3.50, 1),
(2816, 68, 2240, 7.00, 1),
(2817, 15, 2241, 5.00, 1),
(2818, 15, 2242, 5.00, 1),
(2819, 15, 2243, 5.00, 1),
(2820, 63, 2244, 5.00, 1),
(2821, 44, 2245, 3.50, 1),
(2822, 59, 2246, 3.00, 1),
(2823, 6, 2247, 6.00, 1),
(2824, 17, 2247, 0.50, 1),
(2825, 44, 2248, 3.50, 1),
(2826, 58, 2249, 2.50, 1),
(2827, 6, 2250, 6.00, 1),
(2828, 17, 2250, 0.50, 1),
(2829, 75, 2251, 6.00, 1),
(2830, 103, 2251, -0.50, 6),
(2831, 5, 2252, 4.00, 1),
(2832, 6, 2252, 6.00, 1),
(2833, 41, 2253, 2.50, 1),
(2834, 15, 2254, 5.00, 1),
(2835, 5, 2255, 4.00, 1),
(2836, 58, 2256, 2.50, 1),
(2837, 4, 2257, 3.00, 1),
(2838, 51, 2258, 5.00, 1),
(2839, 15, 2258, 5.00, 1),
(2840, 103, 2259, -0.50, 2),
(2841, 5, 2259, 4.00, 1),
(2842, 17, 2259, 0.50, 1),
(2843, 58, 2260, 2.50, 1),
(2844, 15, 2261, 5.00, 1),
(2845, 4, 2262, 3.00, 1),
(2846, 59, 2263, 3.00, 1),
(2847, 102, 2264, -0.50, 11),
(2848, 47, 2264, 5.50, 1),
(2849, 15, 2265, 5.00, 1),
(2850, 46, 2266, 5.50, 1),
(2851, 15, 2267, 5.00, 1),
(2852, 15, 2268, 5.00, 1),
(2853, 68, 2269, 7.00, 1),
(2854, 15, 2270, 5.00, 1),
(2855, 75, 2271, 6.00, 1),
(2856, 15, 2272, 5.00, 1),
(2857, 15, 2273, 5.00, 1),
(2858, 6, 2274, 6.00, 1),
(2859, 15, 2275, 5.00, 2),
(2860, 15, 2276, 5.00, 1),
(2861, 15, 2277, 5.00, 3),
(2862, 15, 2278, 5.00, 1),
(2863, 43, 2279, 3.50, 1),
(2864, 68, 2280, 7.00, 1),
(2865, 15, 2281, 5.00, 1),
(2866, 51, 2282, 5.00, 1),
(2867, 6, 2283, 6.00, 1),
(2868, 15, 2284, 5.00, 1),
(2869, 44, 2285, 3.50, 1),
(2870, 15, 2286, 5.00, 1),
(2871, 6, 2287, 6.00, 1),
(2872, 103, 2287, -0.50, 12),
(2873, 58, 2288, 2.50, 1),
(2874, 11, 2289, 3.00, 1),
(2875, 15, 2290, 5.00, 1),
(2876, 15, 2291, 5.00, 1),
(2877, 15, 2292, 5.00, 1),
(2878, 6, 2293, 6.00, 1),
(2879, 17, 2293, 0.50, 1),
(2880, 4, 2294, 3.00, 1),
(2881, 5, 2295, 4.00, 2),
(2882, 51, 2296, 5.00, 1),
(2883, 11, 2297, 3.00, 1),
(2884, 15, 2298, 5.00, 1),
(2885, 15, 2299, 5.00, 1),
(2886, 78, 2300, 20.00, 1),
(2887, 6, 2301, 6.00, 1),
(2888, 15, 2302, 5.00, 1),
(2889, 15, 2303, 5.00, 2),
(2890, 15, 2304, 5.00, 2),
(2891, 6, 2305, 6.00, 1),
(2892, 15, 2306, 5.00, 1),
(2893, 51, 2307, 5.00, 1),
(2894, 63, 2308, 5.00, 1),
(2895, 15, 2309, 5.00, 1),
(2896, 15, 2310, 5.00, 1),
(2897, 44, 2311, 3.50, 1),
(2898, 102, 2312, -0.50, 7),
(2899, 42, 2312, 3.50, 1),
(2900, 15, 2313, 5.00, 1),
(2901, 15, 2314, 5.00, 1),
(2902, 15, 2315, 5.00, 1),
(2903, 15, 2316, 5.00, 1),
(2904, 15, 2317, 5.00, 1),
(2905, 44, 2317, 3.50, 1),
(2906, 15, 2318, 5.00, 1),
(2907, 51, 2319, 5.00, 1),
(2908, 8, 2320, 1.00, 1),
(2909, 16, 2321, 0.00, 1),
(2910, 15, 2322, 5.00, 1),
(2911, 59, 2323, 3.00, 1),
(2912, 4, 2324, 3.00, 1),
(2913, 17, 2324, 0.50, 1),
(2914, 4, 2325, 3.00, 1),
(2915, 17, 2325, 0.50, 1),
(2916, 82, 2326, 4.00, 1),
(2917, 1, 2327, 0.50, 2),
(2918, 12, 2328, 4.00, 1),
(2919, 63, 2329, 5.00, 1),
(2920, 6, 2330, 6.00, 1),
(2921, 15, 2331, 5.00, 1),
(2922, 6, 2332, 6.00, 1),
(2923, 44, 2333, 3.50, 1),
(2924, 9, 2334, 2.00, 2),
(2925, 83, 2335, -0.50, 12),
(2926, 6, 2335, 6.00, 1),
(2927, 16, 2335, 0.00, 1),
(2928, 15, 2336, 5.00, 1),
(2929, 70, 2337, 3.00, 1),
(2930, 6, 2337, 6.00, 1),
(2931, 15, 2338, 5.00, 1),
(2932, 15, 2339, 5.00, 2),
(2933, 15, 2340, 5.00, 1),
(2934, 15, 2341, 5.00, 1),
(2935, 15, 2342, 5.00, 1),
(2936, 6, 2343, 6.00, 1),
(2937, 16, 2343, 0.00, 1),
(2938, 17, 2343, 0.50, 1),
(2939, 68, 2344, 7.00, 1),
(2940, 6, 2345, 6.00, 1),
(2941, 58, 2346, 2.50, 1),
(2942, 41, 2347, 2.50, 1),
(2943, 15, 2348, 5.00, 1),
(2944, 15, 2349, 5.00, 1),
(2945, 15, 2350, 5.00, 1),
(2946, 15, 2351, 5.00, 1),
(2947, 40, 2351, 2.50, 1),
(2948, 36, 2352, 2.50, 1),
(2949, 6, 2353, 6.00, 1),
(2950, 70, 2353, 3.00, 1),
(2951, 38, 2354, 2.50, 1),
(2952, 12, 2354, 4.00, 1),
(2953, 15, 2355, 5.00, 1),
(2954, 15, 2356, 5.00, 1),
(2955, 51, 2356, 5.00, 1),
(2956, 44, 2357, 3.50, 1),
(2957, 15, 2358, 5.00, 1),
(2958, 36, 2359, 2.50, 1),
(2959, 15, 2360, 5.00, 1),
(2960, 15, 2361, 5.00, 1),
(2961, 23, 2362, 4.00, 1),
(2962, 22, 2363, 4.00, 1),
(2963, 44, 2364, 3.50, 1),
(2964, 12, 2365, 4.00, 2),
(2965, 11, 2366, 3.00, 2),
(2966, 47, 2367, 5.50, 1),
(2967, 6, 2367, 6.00, 1),
(2968, 11, 2368, 3.00, 1),
(2969, 6, 2369, 6.00, 1),
(2970, 8, 2370, 1.00, 1),
(2971, 12, 2371, 4.00, 2),
(2972, 16, 2372, 0.00, 1),
(2973, 15, 2373, 5.00, 1),
(2974, 44, 2374, 3.50, 1),
(2975, 4, 2375, 3.00, 1),
(2976, 15, 2376, 5.00, 1),
(2977, 51, 2377, 5.00, 1),
(2978, 58, 2378, 2.50, 1),
(2979, 9, 2379, 2.00, 2),
(2980, 101, 2379, -0.50, 8),
(2981, 101, 2380, -0.50, 8),
(2982, 5, 2380, 4.00, 1),
(2983, 22, 2381, 4.00, 1),
(2984, 15, 2382, 5.00, 1),
(2985, 15, 2383, 5.00, 1),
(2986, 43, 2384, 3.50, 1),
(2987, 15, 2385, 5.00, 1),
(2988, 15, 2386, 5.00, 1),
(2989, 68, 2387, 7.00, 1),
(2990, 23, 2388, 4.00, 1),
(2991, 15, 2389, 5.00, 1),
(2992, 15, 2390, 5.00, 1),
(2993, 23, 2391, 4.00, 1),
(2994, 6, 2392, 6.00, 1),
(2995, 16, 2392, 0.00, 1),
(2996, 44, 2393, 3.50, 1),
(2997, 43, 2394, 3.50, 1),
(2998, 4, 2395, 3.00, 1),
(2999, 15, 2396, 5.00, 1),
(3000, 44, 2397, 3.50, 1),
(3001, 15, 2398, 5.00, 3),
(3002, 23, 2399, 4.00, 1),
(3003, 103, 2399, -0.50, 8),
(3004, 6, 2400, 6.00, 1),
(3005, 16, 2400, 0.00, 1),
(3006, 23, 2401, 4.00, 1),
(3007, 5, 2402, 4.00, 1),
(3008, 16, 2402, 0.00, 1),
(3009, 8, 2403, 1.00, 1),
(3010, 17, 2403, 0.50, 1),
(3011, 1, 2404, 0.50, 2),
(3012, 15, 2405, 5.00, 1),
(3013, 66, 2406, 5.50, 1),
(3014, 36, 2407, 2.50, 1),
(3015, 22, 2408, 4.00, 1),
(3016, 15, 2409, 5.00, 1),
(3017, 15, 2410, 5.00, 1),
(3018, 7, 2411, 1.00, 3),
(3019, 5, 2412, 4.00, 2),
(3020, 63, 2412, 5.00, 1),
(3021, 76, 2412, 5.00, 1),
(3022, 7, 2413, 1.00, 1),
(3023, 8, 2413, 1.00, 7),
(3024, 16, 2413, 0.00, 2),
(3025, 14, 2414, 4.00, 1),
(3026, 4, 2415, 3.00, 1),
(3027, 68, 2416, 7.00, 1),
(3028, 75, 2417, 6.00, 1),
(3029, 5, 2418, 4.00, 1),
(3030, 68, 2419, 7.00, 2),
(3031, 68, 2420, 7.00, 1),
(3032, 22, 2421, 4.00, 1),
(3033, 68, 2422, 7.00, 1),
(3034, 38, 2423, 2.50, 1),
(3035, 11, 2423, 3.00, 2),
(3036, 15, 2424, 5.00, 2),
(3037, 43, 2424, 3.50, 1),
(3038, 51, 2425, 5.00, 1),
(3039, 15, 2425, 5.00, 5),
(3040, 6, 2426, 6.00, 1),
(3041, 6, 2427, 6.00, 1),
(3042, 6, 2428, 6.00, 1),
(3043, 42, 2429, 3.50, 1),
(3044, 7, 2430, 1.00, 2),
(3045, 4, 2431, 3.00, 1),
(3046, 15, 2432, 5.00, 2),
(3047, 6, 2433, 6.00, 1),
(3048, 24, 2434, 4.00, 1),
(3049, 36, 2435, 2.50, 1),
(3050, 6, 2436, 6.00, 1),
(3051, 4, 2437, 3.00, 1),
(3052, 48, 2438, 4.50, 1),
(3053, 6, 2439, 6.00, 1),
(3054, 6, 2440, 6.00, 1),
(3055, 3, 2441, 3.00, 1),
(3056, 6, 2442, 6.00, 1),
(3057, 51, 2443, 5.00, 1),
(3058, 75, 2444, 6.00, 1),
(3059, 41, 2445, 2.50, 1),
(3060, 100, 2446, -0.50, 9),
(3061, 48, 2446, 4.50, 1),
(3062, 97, 2447, -0.50, 10),
(3063, 76, 2447, 5.00, 1),
(3064, 6, 2448, 6.00, 1),
(3065, 6, 2449, 6.00, 1),
(3066, 16, 2449, 0.00, 1),
(3067, 11, 2449, 3.00, 2),
(3068, 5, 2450, 4.00, 2),
(3069, 16, 2450, 0.00, 2),
(3070, 44, 2450, 3.50, 1),
(3071, 15, 2451, 5.00, 1),
(3072, 22, 2451, 4.00, 1),
(3073, 63, 2452, 5.00, 1),
(3074, 6, 2453, 6.00, 1),
(3075, 16, 2453, 0.00, 1),
(3076, 17, 2453, 0.50, 1),
(3077, 15, 2454, 5.00, 2),
(3078, 23, 2455, 4.00, 1),
(3079, 15, 2456, 5.00, 1),
(3080, 11, 2457, 3.00, 2),
(3081, 43, 2458, 3.50, 1),
(3082, 5, 2459, 4.00, 1),
(3083, 16, 2459, 0.00, 1),
(3084, 15, 2460, 5.00, 1),
(3085, 42, 2461, 3.50, 1),
(3086, 15, 2462, 5.00, 1),
(3087, 6, 2463, 6.00, 1),
(3088, 16, 2463, 0.00, 1),
(3089, 15, 2464, 5.00, 1),
(3090, 5, 2465, 4.00, 1),
(3091, 16, 2465, 0.00, 1),
(3092, 15, 2466, 5.00, 1),
(3093, 15, 2467, 5.00, 1),
(3094, 5, 2468, 4.00, 1),
(3095, 6, 2469, 6.00, 1),
(3096, 15, 2470, 5.00, 1),
(3097, 15, 2471, 5.00, 1),
(3098, 36, 2471, 2.50, 1),
(3099, 15, 2472, 5.00, 1),
(3100, 104, 2473, -0.50, 0),
(3101, 15, 2474, 5.00, 1),
(3102, 51, 2475, 5.00, 1),
(3103, 15, 2476, 5.00, 1),
(3104, 15, 2477, 5.00, 1),
(3105, 106, 2477, -0.50, 5),
(3106, 43, 2478, 3.50, 1),
(3107, 6, 2478, 6.00, 1),
(3108, 57, 2478, 1.50, 1),
(3109, 102, 2478, -0.50, 6),
(3110, 39, 2479, 2.50, 1),
(3111, 12, 2479, 4.00, 1),
(3112, 15, 2480, 5.00, 1),
(3113, 70, 2481, 3.00, 1),
(3114, 22, 2481, 4.00, 1),
(3115, 51, 2482, 5.00, 1),
(3116, 15, 2483, 5.00, 1),
(3117, 24, 2484, 4.00, 1),
(3118, 64, 2485, 4.00, 1),
(3119, 101, 2485, -0.50, 8),
(3120, 15, 2486, 5.00, 1),
(3121, 15, 2487, 5.00, 1),
(3122, 48, 2488, 4.50, 1),
(3123, 66, 2489, 5.50, 1),
(3124, 64, 2490, 4.00, 1),
(3125, 5, 2491, 4.00, 1),
(3126, 15, 2492, 5.00, 1),
(3127, 6, 2493, 6.00, 1),
(3128, 15, 2494, 5.00, 1),
(3129, 14, 2494, 4.00, 1),
(3130, 15, 2495, 5.00, 1),
(3131, 63, 2496, 5.00, 1),
(3132, 51, 2497, 5.00, 1),
(3133, 15, 2498, 5.00, 1),
(3134, 15, 2499, 5.00, 1),
(3135, 15, 2500, 5.00, 1),
(3136, 4, 2501, 3.00, 1),
(3137, 17, 2501, 0.50, 1),
(3138, 22, 2502, 4.00, 1),
(3139, 6, 2503, 6.00, 1),
(3140, 16, 2503, 0.00, 1),
(3141, 68, 2504, 7.00, 1),
(3142, 14, 2505, 4.00, 1),
(3143, 15, 2506, 5.00, 1),
(3144, 15, 2507, 5.00, 2),
(3145, 58, 2508, 2.50, 1),
(3146, 15, 2509, 5.00, 1),
(3147, 15, 2510, 5.00, 1),
(3148, 15, 2511, 5.00, 1),
(3149, 15, 2512, 5.00, 1),
(3150, 48, 2512, 4.50, 1),
(3151, 15, 2513, 5.00, 1),
(3152, 15, 2514, 5.00, 1),
(3153, 15, 2515, 5.00, 1),
(3154, 36, 2516, 2.50, 1),
(3155, 63, 2517, 5.00, 1),
(3156, 6, 2517, 6.00, 1),
(3157, 58, 2518, 2.50, 1),
(3158, 15, 2519, 5.00, 1),
(3159, 15, 2520, 5.00, 1),
(3160, 12, 2521, 4.00, 1),
(3161, 103, 2521, -0.50, 8),
(3162, 15, 2522, 5.00, 2),
(3163, 15, 2523, 5.00, 1),
(3164, 39, 2524, 2.50, 1),
(3165, 103, 2524, -0.50, 5),
(3166, 15, 2525, 5.00, 1),
(3167, 15, 2526, 5.00, 2),
(3168, 44, 2527, 3.50, 1),
(3169, 15, 2527, 5.00, 2),
(3170, 15, 2528, 5.00, 1),
(3171, 42, 2528, 3.50, 1),
(3172, 15, 2529, 5.00, 2),
(3173, 15, 2530, 5.00, 1),
(3174, 38, 2530, 2.50, 1),
(3175, 2, 2531, 2.00, 1),
(3176, 15, 2532, 5.00, 2),
(3177, 15, 2533, 5.00, 1),
(3178, 15, 2534, 5.00, 1),
(3179, 6, 2534, 6.00, 1),
(3180, 15, 2535, 5.00, 2),
(3181, 6, 2535, 6.00, 1),
(3182, 69, 2536, 3.00, 1),
(3183, 4, 2537, 3.00, 1),
(3184, 17, 2537, 0.50, 1),
(3185, 22, 2537, 4.00, 1),
(3186, 36, 2538, 2.50, 1),
(3187, 6, 2539, 6.00, 1),
(3188, 6, 2540, 6.00, 1),
(3189, 8, 2541, 1.00, 1),
(3190, 17, 2541, 0.50, 1),
(3191, 36, 2542, 2.50, 1),
(3192, 6, 2543, 6.00, 1),
(3193, 16, 2543, 0.00, 1),
(3194, 48, 2544, 4.50, 1),
(3195, 58, 2545, 2.50, 1),
(3196, 48, 2546, 4.50, 1),
(3197, 8, 2547, 1.00, 1),
(3198, 58, 2547, 2.50, 1),
(3199, 9, 2548, 2.00, 1),
(3200, 51, 2549, 5.00, 1),
(3201, 8, 2550, 1.00, 1),
(3202, 1, 2551, 0.50, 1),
(3203, 41, 2552, 2.50, 1),
(3204, 6, 2553, 6.00, 1),
(3205, 17, 2553, 0.50, 1),
(3206, 6, 2554, 6.00, 1),
(3207, 17, 2554, 0.50, 1),
(3208, 106, 2554, -0.50, 4),
(3209, 58, 2555, 2.50, 1),
(3210, 64, 2556, 4.00, 1),
(3211, 23, 2557, 4.00, 1),
(3212, 103, 2557, -0.50, 4),
(3213, 15, 2558, 5.00, 1),
(3214, 15, 2559, 5.00, 1),
(3215, 4, 2560, 3.00, 1),
(3216, 15, 2561, 5.00, 1),
(3217, 48, 2561, 4.50, 1),
(3218, 15, 2562, 5.00, 1),
(3219, 58, 2563, 2.50, 1),
(3220, 68, 2564, 7.00, 1),
(3221, 6, 2564, 6.00, 1),
(3222, 48, 2565, 4.50, 1),
(3223, 65, 2566, 6.00, 1),
(3224, 15, 2566, 5.00, 1),
(3225, 11, 2567, 3.00, 1),
(3226, 15, 2568, 5.00, 1),
(3227, 15, 2569, 5.00, 1),
(3228, 65, 2570, 6.00, 1),
(3229, 15, 2570, 5.00, 1),
(3230, 15, 2571, 5.00, 1),
(3231, 77, 2571, 4.00, 1),
(3232, 11, 2572, 3.00, 1),
(3233, 6, 2573, 6.00, 2),
(3234, 63, 2574, 5.00, 1),
(3235, 15, 2575, 5.00, 1),
(3236, 41, 2576, 2.50, 1),
(3237, 40, 2577, 2.50, 1),
(3238, 6, 2577, 6.00, 1),
(3239, 15, 2577, 5.00, 1),
(3240, 65, 2578, 6.00, 1),
(3241, 15, 2579, 5.00, 1),
(3242, 42, 2580, 3.50, 1),
(3243, 3, 2581, 3.00, 1),
(3244, 36, 2582, 2.50, 1),
(3245, 15, 2583, 5.00, 1),
(3246, 15, 2584, 5.00, 2),
(3247, 11, 2585, 3.00, 2),
(3248, 2, 2586, 2.00, 1),
(3249, 58, 2587, 2.50, 1),
(3250, 15, 2588, 5.00, 2),
(3251, 68, 2589, 7.00, 1),
(3252, 36, 2589, 2.50, 1),
(3253, 15, 2590, 5.00, 1),
(3254, 5, 2591, 4.00, 1),
(3255, 6, 2592, 6.00, 1),
(3256, 6, 2593, 6.00, 1),
(3257, 5, 2594, 4.00, 1),
(3258, 15, 2595, 5.00, 1),
(3259, 5, 2595, 4.00, 2),
(3260, 14, 2595, 4.00, 1),
(3261, 15, 2596, 5.00, 1),
(3262, 15, 2597, 5.00, 1),
(3263, 64, 2598, 4.00, 1),
(3264, 15, 2598, 5.00, 1),
(3265, 5, 2599, 4.00, 1),
(3266, 58, 2600, 2.50, 1),
(3267, 68, 2601, 7.00, 1),
(3268, 42, 2602, 3.50, 1),
(3269, 15, 2603, 5.00, 1),
(3270, 15, 2604, 5.00, 1),
(3271, 15, 2605, 5.00, 1),
(3272, 6, 2606, 6.00, 1),
(3273, 16, 2606, 0.00, 1),
(3274, 101, 2606, -0.50, 12),
(3275, 42, 2607, 3.50, 1),
(3276, 5, 2608, 4.00, 1),
(3277, 58, 2608, 2.50, 1),
(3278, 64, 2609, 4.00, 1),
(3279, 15, 2610, 5.00, 3),
(3280, 15, 2611, 5.00, 1),
(3281, 63, 2612, 5.00, 2),
(3282, 36, 2613, 2.50, 1),
(3283, 15, 2613, 5.00, 1),
(3284, 101, 2614, -0.50, 10),
(3285, 15, 2614, 5.00, 1),
(3286, 15, 2615, 5.00, 1),
(3287, 42, 2615, 3.50, 1),
(3288, 5, 2616, 4.00, 1),
(3289, 64, 2617, 4.00, 1),
(3290, 6, 2618, 6.00, 1),
(3291, 17, 2618, 0.50, 1),
(3292, 15, 2619, 5.00, 1),
(3293, 40, 2620, 2.50, 1),
(3294, 15, 2621, 5.00, 1),
(3295, 47, 2621, 5.50, 1),
(3296, 15, 2622, 5.00, 1),
(3297, 68, 2623, 7.00, 1),
(3298, 15, 2624, 5.00, 1),
(3299, 15, 2625, 5.00, 1),
(3300, 24, 2626, 4.00, 1),
(3301, 57, 2627, 1.50, 1),
(3302, 15, 2627, 5.00, 1),
(3303, 63, 2628, 5.00, 1),
(3304, 6, 2629, 6.00, 1),
(3305, 17, 2629, 0.50, 1),
(3306, 68, 2630, 7.00, 1),
(3307, 63, 2631, 5.00, 1),
(3308, 15, 2632, 5.00, 1),
(3309, 70, 2633, 3.00, 1),
(3310, 44, 2633, 3.50, 1),
(3311, 42, 2634, 3.50, 1),
(3312, 6, 2635, 6.00, 1),
(3313, 17, 2635, 0.50, 1),
(3314, 15, 2636, 5.00, 1),
(3315, 15, 2637, 5.00, 1),
(3316, 43, 2638, 3.50, 1),
(3317, 57, 2639, 1.50, 1),
(3318, 63, 2639, 5.00, 1),
(3319, 12, 2640, 4.00, 2),
(3320, 68, 2641, 7.00, 1),
(3321, 23, 2642, 4.00, 1),
(3322, 68, 2643, 7.00, 1),
(3323, 42, 2644, 3.50, 1),
(3324, 15, 2645, 5.00, 1),
(3325, 15, 2646, 5.00, 1),
(3326, 15, 2647, 5.00, 1),
(3327, 4, 2648, 3.00, 1),
(3328, 17, 2648, 0.50, 1),
(3329, 15, 2649, 5.00, 1),
(3330, 6, 2650, 6.00, 1),
(3331, 96, 2650, -0.50, 12),
(3332, 15, 2651, 5.00, 1),
(3333, 6, 2652, 6.00, 1),
(3334, 15, 2653, 5.00, 1),
(3335, 76, 2654, 5.00, 1),
(3336, 15, 2655, 5.00, 1),
(3337, 68, 2656, 7.00, 1),
(3338, 4, 2657, 3.00, 2),
(3339, 15, 2658, 5.00, 1),
(3340, 15, 2659, 5.00, 1),
(3341, 15, 2660, 5.00, 1),
(3342, 41, 2661, 2.50, 1),
(3343, 5, 2662, 4.00, 1),
(3344, 11, 2663, 3.00, 1),
(3345, 15, 2664, 5.00, 1),
(3346, 15, 2665, 5.00, 1),
(3347, 15, 2666, 5.00, 1),
(3348, 15, 2667, 5.00, 1),
(3349, 15, 2668, 5.00, 1),
(3350, 15, 2669, 5.00, 1),
(3351, 15, 2670, 5.00, 1),
(3352, 70, 2671, 3.00, 1),
(3353, 44, 2671, 3.50, 1),
(3354, 15, 2672, 5.00, 1),
(3355, 108, 2673, 0.50, 2),
(3356, 6, 2674, 6.00, 1),
(3357, 6, 2675, 6.00, 1),
(3358, 68, 2676, 7.00, 2),
(3359, 36, 2677, 2.50, 1),
(3360, 15, 2677, 5.00, 1),
(3361, 15, 2678, 5.00, 1),
(3362, 48, 2679, 4.50, 1),
(3363, 76, 2680, 5.00, 1),
(3364, 68, 2681, 7.00, 1),
(3365, 6, 2682, 6.00, 1),
(3366, 17, 2682, 0.50, 1),
(3367, 64, 2683, 4.00, 1),
(3368, 15, 2684, 5.00, 1),
(3369, 15, 2685, 5.00, 1),
(3370, 42, 2686, 3.50, 1),
(3371, 64, 2687, 4.00, 1),
(3372, 6, 2688, 6.00, 1),
(3373, 44, 2689, 3.50, 1),
(3374, 6, 2690, 6.00, 1),
(3375, 17, 2690, 0.50, 1),
(3376, 8, 2691, 1.00, 1),
(3377, 15, 2692, 5.00, 1),
(3378, 15, 2693, 5.00, 1),
(3379, 76, 2694, 5.00, 1),
(3380, 15, 2694, 5.00, 1),
(3381, 15, 2695, 5.00, 1),
(3382, 58, 2696, 2.50, 1),
(3383, 6, 2697, 6.00, 1),
(3384, 6, 2698, 6.00, 1),
(3385, 48, 2699, 4.50, 1),
(3386, 4, 2700, 3.00, 1),
(3387, 17, 2700, 0.50, 1),
(3388, 40, 2700, 2.50, 1),
(3389, 15, 2701, 5.00, 1),
(3390, 15, 2702, 5.00, 2),
(3391, 15, 2703, 5.00, 1),
(3392, 65, 2703, 6.00, 1),
(3393, 6, 2703, 6.00, 1),
(3394, 17, 2703, 0.50, 1),
(3395, 13, 2704, 5.00, 2),
(3396, 6, 2705, 6.00, 1),
(3397, 23, 2706, 4.00, 1),
(3398, 15, 2706, 5.00, 2),
(3399, 66, 2707, 5.50, 1),
(3400, 15, 2707, 5.00, 1),
(3401, 23, 2708, 4.00, 1),
(3402, 103, 2708, -0.50, 8),
(3403, 15, 2709, 5.00, 1),
(3404, 3, 2710, 3.00, 1),
(3405, 15, 2711, 5.00, 1),
(3406, 15, 2712, 5.00, 1),
(3407, 64, 2713, 4.00, 1),
(3408, 15, 2713, 5.00, 2),
(3409, 76, 2714, 5.00, 1),
(3410, 36, 2715, 2.50, 1),
(3411, 15, 2715, 5.00, 2),
(3412, 72, 2716, 3.00, 1),
(3413, 70, 2716, 3.00, 1),
(3414, 15, 2717, 5.00, 1),
(3415, 65, 2718, 6.00, 1),
(3416, 15, 2718, 5.00, 1),
(3417, 76, 2719, 5.00, 2),
(3418, 15, 2720, 5.00, 1),
(3419, 6, 2721, 6.00, 2),
(3420, 68, 2722, 7.00, 1),
(3421, 15, 2723, 5.00, 1),
(3422, 65, 2724, 6.00, 1),
(3423, 43, 2724, 3.50, 1),
(3424, 15, 2724, 5.00, 1),
(3425, 15, 2725, 5.00, 1),
(3426, 15, 2726, 5.00, 1),
(3427, 68, 2727, 7.00, 1),
(3428, 12, 2728, 4.00, 1),
(3429, 76, 2729, 5.00, 1),
(3430, 70, 2730, 3.00, 1),
(3431, 58, 2730, 2.50, 1),
(3432, 5, 2730, 4.00, 1),
(3433, 17, 2730, 0.50, 1),
(3434, 15, 2731, 5.00, 1),
(3435, 15, 2732, 5.00, 1),
(3436, 58, 2733, 2.50, 1),
(3437, 6, 2733, 6.00, 1),
(3438, 38, 2734, 2.50, 1),
(3439, 4, 2734, 3.00, 1),
(3440, 6, 2735, 6.00, 1),
(3441, 68, 2736, 7.00, 1),
(3442, 15, 2737, 5.00, 1),
(3443, 6, 2738, 6.00, 1),
(3444, 43, 2738, 3.50, 1),
(3445, 15, 2739, 5.00, 1),
(3446, 4, 2740, 3.00, 2),
(3447, 15, 2741, 5.00, 1),
(3448, 15, 2742, 5.00, 1),
(3449, 19, 2743, 1.00, 1),
(3450, 15, 2743, 5.00, 1),
(3451, 42, 2744, 3.50, 1),
(3452, 15, 2744, 5.00, 1),
(3453, 76, 2745, 5.00, 1),
(3454, 76, 2746, 5.00, 1),
(3455, 42, 2747, 3.50, 1),
(3456, 58, 2747, 2.50, 1),
(3457, 15, 2747, 5.00, 1),
(3458, 15, 2748, 5.00, 1),
(3459, 15, 2749, 5.00, 1),
(3460, 5, 2750, 4.00, 1),
(3461, 5, 2751, 4.00, 1),
(3462, 15, 2752, 5.00, 1),
(3463, 15, 2753, 5.00, 1),
(3464, 15, 2754, 5.00, 1),
(3465, 15, 2755, 5.00, 1),
(3466, 15, 2756, 5.00, 1),
(3467, 68, 2757, 7.00, 1),
(3468, 36, 2758, 2.50, 1),
(3469, 15, 2758, 5.00, 1),
(3470, 48, 2759, 4.50, 1),
(3471, 15, 2760, 5.00, 4),
(3472, 4, 2761, 3.00, 1),
(3473, 77, 2762, 4.00, 1),
(3474, 77, 2763, 4.00, 1),
(3475, 5, 2764, 4.00, 1),
(3476, 5, 2765, 4.00, 1),
(3477, 48, 2766, 4.50, 1),
(3478, 5, 2767, 4.00, 1),
(3479, 76, 2768, 5.00, 1),
(3480, 64, 2769, 4.00, 1),
(3481, 64, 2770, 4.00, 1),
(3482, 24, 2771, 4.00, 1),
(3483, 24, 2772, 4.00, 1),
(3484, 44, 2773, 3.50, 1),
(3485, 48, 2774, 4.50, 1),
(3486, 17, 2775, 0.50, 1),
(3487, 16, 2775, 0.00, 1),
(3488, 5, 2775, 4.00, 1),
(3489, 3, 2776, 3.00, 1),
(3490, 57, 2776, 1.50, 1),
(3491, 4, 2777, 3.00, 6),
(3492, 58, 2778, 2.50, 1),
(3493, 58, 2779, 2.50, 1),
(3494, 15, 2780, 5.00, 2),
(3495, 68, 2781, 7.00, 1),
(3496, 15, 2781, 5.00, 1),
(3497, 15, 2782, 5.00, 2),
(3498, 72, 2783, 3.00, 1),
(3499, 70, 2783, 3.00, 1),
(3500, 36, 2784, 2.50, 1),
(3501, 15, 2785, 5.00, 1),
(3502, 5, 2786, 4.00, 1),
(3503, 15, 2787, 5.00, 1),
(3504, 15, 2788, 5.00, 4),
(3505, 15, 2789, 5.00, 1),
(3506, 68, 2790, 7.00, 1),
(3507, 15, 2791, 5.00, 1),
(3508, 15, 2792, 5.00, 1),
(3509, 15, 2793, 5.00, 1),
(3510, 5, 2794, 4.00, 1),
(3511, 15, 2795, 5.00, 1),
(3512, 15, 2796, 5.00, 1),
(3513, 15, 2797, 5.00, 1),
(3514, 15, 2798, 5.00, 2),
(3515, 5, 2799, 4.00, 1),
(3516, 58, 2800, 2.50, 1),
(3517, 77, 2800, 4.00, 1),
(3518, 24, 2801, 4.00, 1),
(3519, 5, 2802, 4.00, 2),
(3520, 24, 2803, 4.00, 1),
(3521, 15, 2803, 5.00, 1),
(3522, 77, 2804, 4.00, 1),
(3523, 5, 2805, 4.00, 1),
(3524, 5, 2806, 4.00, 1),
(3525, 16, 2806, 0.00, 1),
(3526, 17, 2806, 0.50, 1),
(3527, 15, 2807, 5.00, 2),
(3528, 5, 2808, 4.00, 1),
(3529, 17, 2808, 0.50, 1),
(3530, 63, 2809, 5.00, 1),
(3531, 5, 2810, 4.00, 2),
(3532, 5, 2811, 4.00, 1),
(3533, 51, 2812, 5.00, 1),
(3534, 43, 2813, 3.50, 1),
(3535, 15, 2814, 5.00, 2),
(3536, 5, 2814, 4.00, 1),
(3537, 15, 2815, 5.00, 1),
(3538, 5, 2816, 4.00, 1),
(3539, 15, 2817, 5.00, 1),
(3540, 48, 2817, 4.50, 1),
(3541, 38, 2818, 2.50, 1),
(3542, 43, 2818, 3.50, 1),
(3543, 15, 2818, 5.00, 1),
(3544, 5, 2819, 4.00, 1),
(3545, 68, 2820, 7.00, 1),
(3546, 75, 2821, 6.00, 1),
(3547, 15, 2821, 5.00, 1),
(3548, 68, 2822, 7.00, 1),
(3549, 15, 2823, 5.00, 1),
(3550, 15, 2824, 5.00, 1),
(3551, 15, 2825, 5.00, 1),
(3552, 15, 2826, 5.00, 1),
(3553, 15, 2827, 5.00, 1),
(3554, 15, 2828, 5.00, 1),
(3555, 15, 2829, 5.00, 1),
(3556, 11, 2829, 3.00, 2),
(3557, 38, 2830, 2.50, 1),
(3558, 4, 2830, 3.00, 1),
(3559, 15, 2831, 5.00, 1),
(3560, 40, 2831, 2.50, 1),
(3561, 15, 2832, 5.00, 1),
(3562, 15, 2833, 5.00, 3),
(3563, 68, 2834, 7.00, 1),
(3564, 48, 2835, 4.50, 1),
(3565, 15, 2835, 5.00, 1),
(3566, 5, 2836, 4.00, 1),
(3567, 15, 2837, 5.00, 1),
(3568, 36, 2838, 2.50, 1),
(3569, 5, 2839, 4.00, 1),
(3570, 48, 2840, 4.50, 1),
(3571, 5, 2841, 4.00, 1),
(3572, 17, 2841, 0.50, 1),
(3573, 43, 2842, 3.50, 1),
(3574, 3, 2843, 3.00, 1),
(3575, 51, 2844, 5.00, 1),
(3576, 68, 2844, 7.00, 1),
(3577, 6, 2845, 6.00, 1),
(3578, 17, 2845, 0.50, 1),
(3579, 68, 2846, 7.00, 1),
(3580, 15, 2847, 5.00, 1),
(3581, 51, 2847, 5.00, 1),
(3582, 15, 2848, 5.00, 1),
(3583, 40, 2849, 2.50, 1),
(3584, 6, 2850, 6.00, 1),
(3585, 47, 2851, 5.50, 1),
(3586, 101, 2851, -0.50, 11),
(3587, 15, 2852, 5.00, 2),
(3588, 11, 2852, 3.00, 3),
(3589, 5, 2853, 4.00, 1),
(3590, 15, 2854, 5.00, 1),
(3591, 20, 2855, 1.00, 1),
(3592, 68, 2856, 7.00, 1),
(3593, 101, 2856, -0.50, 2),
(3594, 15, 2857, 5.00, 2),
(3595, 6, 2857, 6.00, 1),
(3596, 15, 2858, 5.00, 1),
(3597, 75, 2859, 6.00, 1),
(3598, 6, 2859, 6.00, 1),
(3599, 15, 2860, 5.00, 3),
(3600, 5, 2861, 4.00, 1),
(3601, 48, 2862, 4.50, 1),
(3602, 6, 2862, 6.00, 1),
(3603, 15, 2863, 5.00, 1),
(3604, 11, 2864, 3.00, 2),
(3605, 15, 2865, 5.00, 1),
(3606, 66, 2866, 5.50, 1),
(3607, 6, 2866, 6.00, 1),
(3608, 20, 2867, 1.00, 1),
(3609, 15, 2868, 5.00, 2),
(3610, 15, 2869, 5.00, 1),
(3611, 44, 2870, 3.50, 1),
(3612, 15, 2871, 5.00, 1),
(3613, 15, 2872, 5.00, 1),
(3614, 68, 2872, 7.00, 1),
(3615, 68, 2873, 7.00, 1),
(3616, 5, 2874, 4.00, 1),
(3617, 15, 2875, 5.00, 1),
(3618, 15, 2876, 5.00, 2),
(3619, 15, 2877, 5.00, 1),
(3620, 15, 2878, 5.00, 2),
(3621, 75, 2878, 6.00, 1),
(3622, 15, 2879, 5.00, 1),
(3623, 15, 2880, 5.00, 1),
(3624, 11, 2881, 3.00, 1),
(3625, 15, 2882, 5.00, 1),
(3626, 36, 2883, 2.50, 1),
(3627, 58, 2883, 2.50, 1),
(3628, 40, 2883, 2.50, 1),
(3629, 1, 2884, 0.50, 4),
(3630, 42, 2885, 3.50, 1),
(3631, 6, 2886, 6.00, 1),
(3632, 15, 2886, 5.00, 1),
(3633, 4, 2887, 3.00, 1),
(3634, 17, 2887, 0.50, 1),
(3635, 15, 2888, 5.00, 2),
(3636, 4, 2889, 3.00, 2),
(3637, 48, 2889, 4.50, 1),
(3638, 11, 2890, 3.00, 2),
(3639, 43, 2891, 3.50, 1),
(3640, 6, 2891, 6.00, 1),
(3641, 5, 2892, 4.00, 1),
(3642, 15, 2893, 5.00, 1),
(3643, 75, 2893, 6.00, 1),
(3644, 5, 2893, 4.00, 1),
(3645, 43, 2894, 3.50, 1),
(3646, 47, 2895, 5.50, 1),
(3647, 75, 2896, 6.00, 1),
(3648, 80, 2897, 20.00, 1),
(3649, 58, 2898, 2.50, 1),
(3650, 5, 2899, 4.00, 1),
(3651, 8, 2900, 1.00, 1),
(3652, 15, 2901, 5.00, 1),
(3653, 43, 2902, 3.50, 1),
(3654, 6, 2902, 6.00, 1),
(3655, 6, 2903, 6.00, 1),
(3656, 4, 2904, 3.00, 1),
(3657, 15, 2905, 5.00, 1),
(3658, 75, 2906, 6.00, 1),
(3659, 15, 2906, 5.00, 1),
(3660, 5, 2907, 4.00, 1),
(3661, 15, 2908, 5.00, 1),
(3662, 68, 2909, 7.00, 1),
(3663, 36, 2910, 2.50, 1),
(3664, 15, 2910, 5.00, 1),
(3665, 43, 2911, 3.50, 1),
(3666, 15, 2912, 5.00, 1),
(3667, 6, 2913, 6.00, 1),
(3668, 48, 2914, 4.50, 1),
(3669, 5, 2915, 4.00, 1),
(3670, 15, 2915, 5.00, 1),
(3671, 5, 2916, 4.00, 1),
(3672, 15, 2916, 5.00, 1),
(3673, 15, 2917, 5.00, 1),
(3674, 15, 2918, 5.00, 1),
(3675, 15, 2919, 5.00, 1),
(3676, 6, 2919, 6.00, 1),
(3677, 17, 2919, 0.50, 1),
(3678, 6, 2920, 6.00, 1),
(3679, 6, 2921, 6.00, 1),
(3680, 17, 2921, 0.50, 1),
(3681, 48, 2921, 4.50, 1),
(3682, 48, 2922, 4.50, 1),
(3683, 15, 2923, 5.00, 2),
(3684, 15, 2924, 5.00, 2),
(3685, 15, 2925, 5.00, 2),
(3686, 6, 2926, 6.00, 1),
(3687, 17, 2926, 0.50, 1),
(3688, 15, 2927, 5.00, 1),
(3689, 15, 2928, 5.00, 1),
(3690, 15, 2929, 5.00, 1),
(3691, 6, 2930, 6.00, 2),
(3692, 17, 2930, 0.50, 2),
(3693, 58, 2931, 2.50, 1),
(3694, 6, 2932, 6.00, 1),
(3695, 17, 2932, 0.50, 1),
(3696, 6, 2933, 6.00, 1),
(3697, 17, 2933, 0.50, 1),
(3698, 48, 2934, 4.50, 1),
(3699, 5, 2934, 4.00, 1),
(3700, 58, 2935, 2.50, 1),
(3701, 43, 2936, 3.50, 1),
(3702, 12, 2937, 4.00, 2),
(3703, 41, 2937, 2.50, 1),
(3704, 11, 2938, 3.00, 2),
(3705, 11, 2939, 3.00, 2),
(3706, 65, 2940, 6.00, 1),
(3707, 4, 2941, 3.00, 1),
(3708, 15, 2942, 5.00, 1),
(3709, 70, 2943, 3.00, 1),
(3710, 6, 2944, 6.00, 2),
(3711, 51, 2945, 5.00, 1),
(3712, 6, 2946, 6.00, 1),
(3713, 58, 2947, 2.50, 1),
(3714, 15, 2947, 5.00, 1),
(3715, 68, 2948, 7.00, 1),
(3716, 58, 2948, 2.50, 1),
(3717, 15, 2948, 5.00, 1),
(3718, 43, 2949, 3.50, 1),
(3719, 4, 2949, 3.00, 1),
(3720, 17, 2949, 0.50, 1),
(3721, 15, 2950, 5.00, 1),
(3722, 57, 2951, 1.50, 1),
(3723, 58, 2952, 2.50, 1),
(3724, 15, 2953, 5.00, 1),
(3725, 15, 2954, 5.00, 1),
(3726, 15, 2955, 5.00, 1),
(3727, 101, 2955, -0.50, 10),
(3728, 15, 2956, 5.00, 1),
(3729, 15, 2957, 5.00, 1),
(3730, 58, 2958, 2.50, 1),
(3731, 15, 2958, 5.00, 1),
(3732, 15, 2959, 5.00, 1),
(3733, 6, 2960, 6.00, 1),
(3734, 16, 2960, 0.00, 1),
(3735, 17, 2960, 0.50, 1),
(3736, 15, 2961, 5.00, 1),
(3737, 5, 2962, 4.00, 1),
(3738, 15, 2963, 5.00, 1),
(3739, 15, 2964, 5.00, 1),
(3740, 38, 2965, 2.50, 1),
(3741, 43, 2966, 3.50, 1),
(3742, 15, 2967, 5.00, 2),
(3743, 38, 2968, 2.50, 1),
(3744, 24, 2968, 4.00, 1),
(3745, 68, 2968, 7.00, 1),
(3746, 51, 2969, 5.00, 1),
(3747, 15, 2970, 5.00, 1),
(3748, 15, 2971, 5.00, 1),
(3749, 6, 2972, 6.00, 1),
(3750, 15, 2973, 5.00, 1),
(3751, 15, 2974, 5.00, 2),
(3752, 15, 2975, 5.00, 1),
(3753, 15, 2976, 5.00, 1),
(3754, 15, 2977, 5.00, 1),
(3755, 15, 2978, 5.00, 1),
(3756, 13, 2979, 5.00, 1),
(3757, 6, 2979, 6.00, 2),
(3758, 48, 2979, 4.50, 1),
(3759, 97, 2980, -0.50, 9),
(3760, 48, 2980, 4.50, 1),
(3761, 6, 2981, 6.00, 1),
(3762, 44, 2981, 3.50, 1),
(3763, 15, 2982, 5.00, 1),
(3764, 6, 2983, 6.00, 1),
(3765, 17, 2983, 0.50, 1),
(3766, 15, 2984, 5.00, 1),
(3767, 15, 2985, 5.00, 2),
(3768, 4, 2986, 3.00, 1),
(3769, 15, 2987, 5.00, 1),
(3770, 38, 2988, 2.50, 1),
(3771, 68, 2989, 7.00, 1),
(3772, 15, 2990, 5.00, 1),
(3773, 58, 2991, 2.50, 1),
(3774, 15, 2991, 5.00, 1),
(3775, 15, 2992, 5.00, 1),
(3776, 68, 2992, 7.00, 1),
(3777, 41, 2993, 2.50, 2),
(3778, 6, 2994, 6.00, 1),
(3779, 17, 2994, 0.50, 1),
(3780, 48, 2994, 4.50, 1),
(3781, 15, 2995, 5.00, 1),
(3782, 42, 2996, 3.50, 1),
(3783, 5, 2997, 4.00, 1),
(3784, 3, 2998, 3.00, 1),
(3785, 15, 2999, 5.00, 1),
(3786, 15, 3000, 5.00, 1),
(3787, 51, 3001, 5.00, 1),
(3788, 15, 3001, 5.00, 1),
(3789, 13, 3002, 5.00, 1),
(3790, 15, 3003, 5.00, 1),
(3791, 13, 3003, 5.00, 1),
(3792, 15, 3004, 5.00, 1),
(3793, 66, 3004, 5.50, 1),
(3794, 11, 3004, 3.00, 1),
(3795, 44, 3005, 3.50, 1),
(3796, 8, 3006, 1.00, 1),
(3797, 48, 3007, 4.50, 1),
(3798, 58, 3008, 2.50, 1),
(3799, 76, 3009, 5.00, 1),
(3800, 97, 3009, -0.50, 10),
(3801, 15, 3010, 5.00, 1),
(3802, 39, 3011, 2.50, 1),
(3803, 15, 3012, 5.00, 1),
(3804, 15, 3013, 5.00, 1),
(3805, 17, 3013, 0.50, 1),
(3806, 4, 3013, 3.00, 1),
(3807, 43, 3013, 3.50, 1),
(3808, 5, 3014, 4.00, 1),
(3809, 36, 3015, 2.50, 1),
(3810, 68, 3015, 7.00, 1),
(3811, 6, 3015, 6.00, 1),
(3812, 17, 3015, 0.50, 1),
(3813, 41, 3015, 2.50, 1),
(3814, 42, 3016, 3.50, 1),
(3815, 7, 3017, 1.00, 1),
(3816, 43, 3018, 3.50, 1),
(3817, 47, 3019, 5.50, 1),
(3818, 6, 3019, 6.00, 1),
(3819, 15, 3020, 5.00, 1),
(3820, 63, 3020, 5.00, 1),
(3821, 15, 3021, 5.00, 1),
(3822, 58, 3022, 2.50, 1),
(3823, 15, 3022, 5.00, 1),
(3824, 15, 3023, 5.00, 1),
(3825, 15, 3024, 5.00, 1),
(3826, 15, 3025, 5.00, 1),
(3827, 58, 3026, 2.50, 1),
(3828, 15, 3026, 5.00, 1),
(3829, 63, 3027, 5.00, 1),
(3830, 15, 3028, 5.00, 1),
(3831, 15, 3029, 5.00, 1),
(3832, 15, 3030, 5.00, 1),
(3833, 15, 3031, 5.00, 1),
(3834, 15, 3032, 5.00, 1),
(3835, 15, 3033, 5.00, 2),
(3836, 24, 3034, 4.00, 2),
(3837, 15, 3035, 5.00, 1),
(3838, 15, 3036, 5.00, 1),
(3839, 53, 3037, 6.00, 1),
(3840, 68, 3038, 7.00, 1),
(3841, 15, 3039, 5.00, 1),
(3842, 12, 3040, 4.00, 1),
(3843, 48, 3041, 4.50, 1),
(3844, 63, 3042, 5.00, 1),
(3845, 11, 3043, 3.00, 2),
(3846, 58, 3043, 2.50, 1),
(3847, 5, 3044, 4.00, 1),
(3848, 15, 3045, 5.00, 1),
(3849, 41, 3046, 2.50, 1),
(3850, 12, 3047, 4.00, 1),
(3851, 103, 3048, -0.50, 7),
(3852, 44, 3048, 3.50, 1),
(3853, 14, 3049, 4.00, 1),
(3854, 48, 3050, 4.50, 1),
(3855, 15, 3051, 5.00, 2),
(3856, 24, 3052, 4.00, 1),
(3857, 44, 3053, 3.50, 1),
(3858, 42, 3054, 3.50, 1),
(3859, 101, 3054, -0.50, 7),
(3860, 68, 3055, 7.00, 1),
(3861, 17, 3056, 0.50, 1),
(3862, 6, 3056, 6.00, 1),
(3863, 15, 3057, 5.00, 1),
(3864, 43, 3058, 3.50, 1),
(3865, 24, 3058, 4.00, 1),
(3866, 63, 3059, 5.00, 1),
(3867, 15, 3060, 5.00, 3),
(3868, 15, 3061, 5.00, 1),
(3869, 15, 3062, 5.00, 1),
(3870, 6, 3062, 6.00, 1),
(3871, 48, 3063, 4.50, 1),
(3872, 43, 3064, 3.50, 1),
(3873, 15, 3065, 5.00, 1),
(3874, 58, 3066, 2.50, 1),
(3875, 15, 3066, 5.00, 1),
(3876, 15, 3067, 5.00, 2),
(3877, 15, 3068, 5.00, 1),
(3878, 68, 3068, 7.00, 1),
(3879, 15, 3069, 5.00, 1),
(3880, 58, 3069, 2.50, 1),
(3881, 36, 3070, 2.50, 1),
(3882, 15, 3070, 5.00, 1),
(3883, 15, 3071, 5.00, 1),
(3884, 66, 3072, 5.50, 1),
(3885, 15, 3073, 5.00, 1),
(3886, 63, 3074, 5.00, 1),
(3887, 6, 3075, 6.00, 1),
(3888, 6, 3076, 6.00, 1),
(3889, 16, 3076, 0.00, 1),
(3890, 43, 3076, 3.50, 1),
(3891, 40, 3077, 2.50, 1),
(3892, 4, 3077, 3.00, 1),
(3893, 41, 3078, 2.50, 1),
(3894, 63, 3079, 5.00, 1),
(3895, 19, 3080, 1.00, 1),
(3896, 4, 3081, 3.00, 7),
(3897, 58, 3082, 2.50, 1),
(3898, 76, 3083, 5.00, 1),
(3899, 15, 3084, 5.00, 1),
(3900, 5, 3085, 4.00, 3),
(3901, 15, 3086, 5.00, 1),
(3902, 24, 3087, 4.00, 1),
(3903, 15, 3088, 5.00, 1),
(3904, 15, 3089, 5.00, 1),
(3905, 15, 3090, 5.00, 1),
(3906, 76, 3091, 5.00, 1),
(3907, 5, 3092, 4.00, 1),
(3908, 76, 3092, 5.00, 1),
(3909, 15, 3093, 5.00, 2),
(3910, 63, 3094, 5.00, 1),
(3911, 36, 3095, 2.50, 1),
(3912, 63, 3096, 5.00, 1),
(3913, 6, 3097, 6.00, 1),
(3914, 17, 3097, 0.50, 1),
(3915, 15, 3098, 5.00, 1),
(3916, 15, 3099, 5.00, 1),
(3917, 1, 3100, 0.50, 1),
(3918, 68, 3101, 7.00, 1),
(3919, 4, 3101, 3.00, 1),
(3920, 68, 3102, 7.00, 1),
(3921, 68, 3103, 7.00, 1),
(3922, 15, 3104, 5.00, 1),
(3923, 5, 3105, 4.00, 1),
(3924, 15, 3106, 5.00, 1),
(3925, 108, 3106, 0.50, 1),
(3926, 6, 3106, 6.00, 1),
(3927, 17, 3106, 0.50, 1),
(3928, 16, 3106, 0.00, 1),
(3929, 48, 3107, 4.50, 1),
(3930, 15, 3108, 5.00, 1),
(3931, 54, 3109, 6.00, 1),
(3932, 54, 3110, 6.00, 1),
(3933, 54, 3111, 6.00, 1),
(3934, 15, 3111, 5.00, 1),
(3935, 24, 3112, 4.00, 1),
(3936, 76, 3113, 5.00, 1),
(3937, 40, 3114, 2.50, 1),
(3938, 15, 3115, 5.00, 1),
(3939, 48, 3116, 4.50, 1),
(3940, 72, 3116, 3.00, 1),
(3941, 15, 3117, 5.00, 1),
(3942, 15, 3118, 5.00, 1),
(3943, 15, 3119, 5.00, 2),
(3944, 43, 3120, 3.50, 1),
(3945, 12, 3120, 4.00, 2),
(3946, 41, 3121, 2.50, 1),
(3947, 6, 3122, 6.00, 1),
(3948, 44, 3123, 3.50, 1),
(3949, 69, 3124, 3.00, 1),
(3950, 42, 3124, 3.50, 1),
(3951, 6, 3124, 6.00, 1),
(3952, 17, 3124, 0.50, 1),
(3953, 6, 3125, 6.00, 1),
(3954, 16, 3125, 0.00, 1),
(3955, 17, 3125, 0.50, 1),
(3956, 16, 3126, 0.00, 1),
(3957, 5, 3126, 4.00, 1),
(3958, 5, 3127, 4.00, 1),
(3959, 16, 3127, 0.00, 1),
(3960, 48, 3128, 4.50, 1),
(3961, 15, 3129, 5.00, 1),
(3962, 72, 3130, 3.00, 1),
(3963, 6, 3131, 6.00, 1),
(3964, 24, 3132, 4.00, 1),
(3965, 6, 3133, 6.00, 1),
(3966, 48, 3134, 4.50, 1),
(3967, 15, 3135, 5.00, 1),
(3968, 15, 3136, 5.00, 1),
(3969, 15, 3137, 5.00, 1),
(3970, 63, 3138, 5.00, 1),
(3971, 15, 3139, 5.00, 1),
(3972, 15, 3140, 5.00, 1),
(3973, 76, 3141, 5.00, 1),
(3974, 15, 3142, 5.00, 1),
(3975, 8, 3143, 1.00, 1),
(3976, 6, 3144, 6.00, 1),
(3977, 48, 3145, 4.50, 1),
(3978, 15, 3146, 5.00, 1),
(3979, 63, 3147, 5.00, 1),
(3980, 41, 3147, 2.50, 1),
(3981, 12, 3148, 4.00, 1),
(3982, 15, 3149, 5.00, 1),
(3983, 15, 3150, 5.00, 1),
(3984, 15, 3151, 5.00, 1),
(3985, 15, 3152, 5.00, 1),
(3986, 40, 3153, 2.50, 1),
(3987, 39, 3154, 2.50, 1),
(3988, 24, 3155, 4.00, 1),
(3989, 48, 3156, 4.50, 1),
(3990, 6, 3157, 6.00, 1),
(3991, 8, 3158, 1.00, 2),
(3992, 6, 3159, 6.00, 1),
(3993, 17, 3159, 0.50, 1),
(3994, 8, 3160, 1.00, 1),
(3995, 16, 3161, 0.00, 1),
(3996, 36, 3162, 2.50, 1),
(3997, 54, 3163, 6.00, 1),
(3998, 48, 3164, 4.50, 1),
(3999, 72, 3165, 3.00, 1),
(4000, 5, 3166, 4.00, 1),
(4001, 40, 3167, 2.50, 1),
(4002, 4, 3167, 3.00, 1),
(4003, 17, 3167, 0.50, 1),
(4004, 15, 3168, 5.00, 1),
(4005, 43, 3169, 3.50, 1),
(4006, 6, 3170, 6.00, 1),
(4007, 15, 3171, 5.00, 2),
(4008, 101, 3171, -0.50, 16),
(4009, 15, 3172, 5.00, 1),
(4010, 41, 3173, 2.50, 1),
(4011, 48, 3174, 4.50, 1),
(4012, 6, 3174, 6.00, 1),
(4013, 17, 3174, 0.50, 1),
(4014, 15, 3175, 5.00, 1),
(4015, 15, 3176, 5.00, 1),
(4016, 54, 3177, 6.00, 1),
(4017, 68, 3177, 7.00, 1),
(4018, 15, 3178, 5.00, 2),
(4019, 15, 3179, 5.00, 1),
(4020, 15, 3180, 5.00, 1),
(4021, 15, 3181, 5.00, 1),
(4022, 68, 3182, 7.00, 1),
(4023, 15, 3183, 5.00, 4),
(4024, 15, 3184, 5.00, 2),
(4025, 6, 3185, 6.00, 2),
(4026, 72, 3186, 3.00, 1),
(4027, 48, 3186, 4.50, 1),
(4028, 15, 3187, 5.00, 1),
(4029, 6, 3188, 6.00, 1),
(4030, 76, 3189, 5.00, 1),
(4031, 6, 3190, 6.00, 1),
(4032, 36, 3191, 2.50, 1),
(4033, 58, 3192, 2.50, 1),
(4034, 110, 3193, 2.50, 2),
(4035, 48, 3194, 4.50, 1),
(4036, 8, 3195, 1.00, 1),
(4037, 16, 3195, 0.00, 1),
(4038, 48, 3196, 4.50, 1),
(4039, 82, 3197, 4.00, 1),
(4040, 15, 3198, 5.00, 1),
(4041, 6, 3198, 6.00, 1),
(4042, 63, 3198, 5.00, 1),
(4043, 15, 3199, 5.00, 1),
(4044, 43, 3199, 3.50, 1),
(4045, 15, 3200, 5.00, 1),
(4046, 15, 3201, 5.00, 1),
(4047, 43, 3201, 3.50, 1),
(4048, 76, 3202, 5.00, 1),
(4049, 15, 3203, 5.00, 1),
(4050, 40, 3203, 2.50, 1),
(4051, 63, 3204, 5.00, 1),
(4052, 5, 3205, 4.00, 2),
(4053, 15, 3206, 5.00, 1),
(4054, 63, 3207, 5.00, 1),
(4055, 14, 3208, 4.00, 1),
(4056, 15, 3209, 5.00, 1),
(4057, 15, 3210, 5.00, 2),
(4058, 58, 3211, 2.50, 1),
(4059, 15, 3212, 5.00, 1),
(4060, 76, 3213, 5.00, 1),
(4061, 5, 3213, 4.00, 3),
(4062, 76, 3214, 5.00, 1),
(4063, 15, 3215, 5.00, 1),
(4064, 15, 3216, 5.00, 3),
(4065, 15, 3217, 5.00, 1),
(4066, 108, 3217, 0.50, 1),
(4067, 43, 3218, 3.50, 1),
(4068, 15, 3219, 5.00, 1),
(4069, 15, 3220, 5.00, 1),
(4070, 15, 3221, 5.00, 1),
(4071, 15, 3222, 5.00, 1),
(4072, 15, 3223, 5.00, 1),
(4073, 15, 3224, 5.00, 1),
(4074, 15, 3225, 5.00, 1),
(4075, 43, 3226, 3.50, 1),
(4076, 15, 3227, 5.00, 2),
(4077, 58, 3228, 2.50, 1),
(4078, 68, 3229, 7.00, 1),
(4079, 58, 3230, 2.50, 1),
(4080, 4, 3231, 3.00, 1),
(4081, 6, 3232, 6.00, 1),
(4082, 72, 3233, 3.00, 1),
(4083, 4, 3234, 3.00, 1),
(4084, 54, 3235, 6.00, 1),
(4085, 40, 3236, 2.50, 1),
(4086, 11, 3237, 3.00, 1),
(4087, 8, 3238, 1.00, 1),
(4088, 16, 3239, 0.00, 1),
(4089, 16, 3240, 0.00, 1),
(4090, 8, 3240, 1.00, 1),
(4091, 58, 3241, 2.50, 1),
(4092, 12, 3242, 4.00, 2),
(4093, 36, 3243, 2.50, 1),
(4094, 63, 3244, 5.00, 1),
(4095, 36, 3245, 2.50, 1),
(4096, 63, 3246, 5.00, 1),
(4097, 63, 3247, 5.00, 1),
(4098, 63, 3248, 5.00, 1),
(4099, 54, 3249, 6.00, 1),
(4100, 109, 3250, 5.50, 1),
(4101, 76, 3251, 5.00, 1),
(4102, 43, 3252, 3.50, 1),
(4103, 44, 3253, 3.50, 1),
(4104, 66, 3254, 5.50, 1),
(4105, 48, 3255, 4.50, 1),
(4106, 58, 3255, 2.50, 1),
(4107, 54, 3255, 6.00, 1),
(4108, 41, 3256, 2.50, 1),
(4109, 58, 3257, 2.50, 1),
(4110, 48, 3258, 4.50, 1),
(4111, 44, 3259, 3.50, 1),
(4112, 48, 3260, 4.50, 1),
(4113, 43, 3261, 3.50, 1),
(4114, 4, 3262, 3.00, 1),
(4115, 4, 3263, 3.00, 1),
(4116, 15, 3264, 5.00, 2),
(4117, 15, 3265, 5.00, 1);
INSERT INTO `articles_sellment` (`id`, `article_id`, `order_id`, `price`, `amount`) VALUES
(4118, 63, 3266, 5.00, 1),
(4119, 15, 3267, 5.00, 1),
(4120, 15, 3268, 5.00, 1),
(4121, 43, 3269, 3.50, 1),
(4122, 4, 3270, 3.00, 1),
(4123, 17, 3270, 0.50, 1),
(4124, 15, 3271, 5.00, 1),
(4125, 44, 3272, 3.50, 1),
(4126, 15, 3273, 5.00, 2),
(4127, 5, 3274, 4.00, 1),
(4128, 17, 3274, 0.50, 1),
(4129, 15, 3275, 5.00, 1),
(4130, 15, 3276, 5.00, 1),
(4131, 58, 3277, 2.50, 1),
(4132, 103, 3278, -0.50, 7),
(4133, 39, 3278, 2.50, 1),
(4134, 7, 3278, 1.00, 1),
(4135, 15, 3279, 5.00, 1),
(4136, 7, 3280, 1.00, 1),
(4137, 15, 3281, 5.00, 1),
(4138, 41, 3281, 2.50, 1),
(4139, 15, 3282, 5.00, 1),
(4140, 15, 3283, 5.00, 1),
(4141, 48, 3284, 4.50, 1),
(4142, 68, 3285, 7.00, 1),
(4143, 54, 3286, 6.00, 1),
(4144, 68, 3286, 7.00, 1),
(4145, 68, 3287, 7.00, 1),
(4146, 1, 3288, 0.50, 2),
(4147, 44, 3289, 3.50, 1),
(4148, 48, 3290, 4.50, 1),
(4149, 15, 3291, 5.00, 1),
(4150, 39, 3292, 2.50, 1),
(4151, 48, 3293, 4.50, 1),
(4152, 6, 3294, 6.00, 1),
(4153, 6, 3295, 6.00, 1),
(4154, 17, 3295, 0.50, 1),
(4155, 48, 3296, 4.50, 1),
(4156, 110, 3297, 2.50, 1),
(4157, 36, 3298, 2.50, 1),
(4158, 14, 3299, 4.00, 2),
(4159, 1, 3300, 0.50, 3),
(4160, 6, 3301, 6.00, 2),
(4161, 17, 3301, 0.50, 1),
(4162, 48, 3302, 4.50, 1),
(4163, 41, 3303, 2.50, 1),
(4164, 48, 3304, 4.50, 1),
(4165, 76, 3305, 5.00, 1),
(4166, 6, 3306, 6.00, 1),
(4167, 6, 3307, 6.00, 1),
(4168, 17, 3307, 0.50, 1),
(4169, 48, 3308, 4.50, 1),
(4170, 15, 3309, 5.00, 1),
(4171, 15, 3310, 5.00, 1),
(4172, 15, 3311, 5.00, 1),
(4173, 15, 3312, 5.00, 2),
(4174, 5, 3313, 4.00, 1),
(4175, 4, 3314, 3.00, 1),
(4176, 48, 3315, 4.50, 1),
(4177, 15, 3316, 5.00, 1),
(4178, 16, 3316, 0.00, 2),
(4179, 8, 3317, 1.00, 2),
(4180, 15, 3318, 5.00, 1),
(4181, 15, 3319, 5.00, 1),
(4182, 58, 3320, 2.50, 1),
(4183, 6, 3321, 6.00, 1),
(4184, 17, 3321, 0.50, 1),
(4185, 6, 3322, 6.00, 1),
(4186, 15, 3323, 5.00, 1),
(4187, 54, 3324, 6.00, 1),
(4188, 6, 3325, 6.00, 1),
(4189, 41, 3326, 2.50, 1),
(4190, 14, 3327, 4.00, 1),
(4191, 15, 3328, 5.00, 1),
(4192, 15, 3329, 5.00, 1),
(4193, 15, 3330, 5.00, 2),
(4194, 48, 3331, 4.50, 1),
(4195, 15, 3331, 5.00, 1),
(4196, 4, 3332, 3.00, 1),
(4197, 15, 3333, 5.00, 1),
(4198, 36, 3334, 2.50, 1),
(4199, 15, 3334, 5.00, 1),
(4200, 15, 3335, 5.00, 1),
(4201, 66, 3335, 5.50, 1),
(4202, 15, 3336, 5.00, 1),
(4203, 15, 3337, 5.00, 1),
(4204, 17, 3337, 0.50, 1),
(4205, 6, 3337, 6.00, 1),
(4206, 15, 3338, 5.00, 1),
(4207, 15, 3339, 5.00, 1),
(4208, 5, 3340, 4.00, 1),
(4209, 15, 3341, 5.00, 1),
(4210, 68, 3342, 7.00, 1),
(4211, 15, 3343, 5.00, 1),
(4212, 108, 3343, 0.50, 1),
(4213, 6, 3344, 6.00, 1),
(4214, 17, 3344, 0.50, 1),
(4215, 76, 3345, 5.00, 1),
(4216, 4, 3346, 3.00, 1),
(4217, 17, 3346, 0.50, 1),
(4218, 58, 3347, 2.50, 1),
(4219, 12, 3348, 4.00, 1),
(4220, 12, 3349, 4.00, 1),
(4221, 6, 3350, 6.00, 1),
(4222, 7, 3350, 1.00, 1),
(4223, 15, 3351, 5.00, 1),
(4224, 68, 3351, 7.00, 1),
(4225, 1, 3351, 0.50, 7),
(4226, 6, 3352, 6.00, 1),
(4227, 16, 3353, 0.00, 1),
(4228, 48, 3354, 4.50, 1),
(4229, 54, 3355, 6.00, 1),
(4230, 54, 3356, 6.00, 1),
(4231, 48, 3357, 4.50, 1),
(4232, 20, 3358, 1.00, 1),
(4233, 15, 3359, 5.00, 2),
(4234, 15, 3360, 5.00, 1),
(4235, 15, 3361, 5.00, 1),
(4236, 15, 3362, 5.00, 1),
(4237, 15, 3363, 5.00, 1),
(4238, 15, 3364, 5.00, 1),
(4239, 6, 3365, 6.00, 1),
(4240, 4, 3366, 3.00, 1),
(4241, 48, 3367, 4.50, 1),
(4242, 8, 3368, 1.00, 3),
(4243, 8, 3369, 1.00, 1),
(4244, 68, 3370, 7.00, 1),
(4245, 76, 3371, 5.00, 1),
(4246, 42, 3372, 3.50, 1),
(4247, 15, 3373, 5.00, 1),
(4248, 15, 3374, 5.00, 1),
(4249, 15, 3375, 5.00, 1),
(4250, 6, 3376, 6.00, 1),
(4251, 68, 3376, 7.00, 1),
(4252, 39, 3377, 2.50, 1),
(4253, 103, 3377, -0.50, 5),
(4254, 68, 3378, 7.00, 1),
(4255, 68, 3379, 7.00, 1),
(4256, 48, 3380, 4.50, 1),
(4257, 4, 3381, 3.00, 2),
(4258, 15, 3382, 5.00, 1),
(4259, 48, 3383, 4.50, 1),
(4260, 6, 3384, 6.00, 1),
(4261, 15, 3385, 5.00, 1),
(4262, 15, 3386, 5.00, 1),
(4263, 48, 3387, 4.50, 1),
(4264, 6, 3387, 6.00, 1),
(4265, 15, 3388, 5.00, 2),
(4266, 15, 3389, 5.00, 1),
(4267, 4, 3390, 3.00, 1),
(4268, 11, 3391, 3.00, 1),
(4269, 6, 3392, 6.00, 1),
(4270, 11, 3393, 3.00, 1),
(4271, 12, 3394, 4.00, 4),
(4272, 12, 3395, 4.00, 1),
(4273, 48, 3396, 4.50, 1),
(4274, 11, 3396, 3.00, 1),
(4275, 12, 3396, 4.00, 2),
(4276, 113, 3397, 7.00, 1),
(4277, 11, 3398, 3.00, 1),
(4278, 6, 3398, 6.00, 1),
(4279, 6, 3399, 6.00, 1),
(4280, 16, 3399, 0.00, 1),
(4281, 15, 3400, 5.00, 1),
(4282, 6, 3401, 6.00, 1),
(4283, 16, 3401, 0.00, 1),
(4284, 113, 3402, 7.00, 1),
(4285, 15, 3403, 5.00, 1),
(4286, 54, 3404, 6.00, 1),
(4287, 68, 3404, 7.00, 1),
(4288, 5, 3405, 4.00, 1),
(4289, 76, 3405, 5.00, 1),
(4290, 44, 3406, 3.50, 1),
(4291, 109, 3407, 5.50, 1),
(4292, 15, 3407, 5.00, 1),
(4293, 113, 3407, 7.00, 1),
(4294, 48, 3407, 4.50, 1),
(4295, 113, 3408, 7.00, 1),
(4296, 4, 3409, 3.00, 1),
(4297, 15, 3409, 5.00, 2),
(4298, 15, 3410, 5.00, 2),
(4299, 7, 3410, 1.00, 2),
(4300, 76, 3411, 5.00, 1),
(4301, 15, 3411, 5.00, 1),
(4302, 11, 3411, 3.00, 2),
(4303, 54, 3411, 6.00, 1),
(4304, 68, 3411, 7.00, 1),
(4305, 113, 3411, 7.00, 1),
(4306, 5, 3412, 4.00, 1),
(4307, 15, 3412, 5.00, 1),
(4308, 113, 3413, 7.00, 1),
(4309, 6, 3414, 6.00, 1),
(4310, 6, 3415, 6.00, 1),
(4311, 6, 3416, 6.00, 1),
(4312, 15, 3417, 5.00, 1),
(4313, 15, 3418, 5.00, 1),
(4314, 113, 3419, 7.00, 2),
(4315, 15, 3420, 5.00, 1),
(4316, 15, 3421, 5.00, 1),
(4317, 15, 3422, 5.00, 1),
(4318, 109, 3423, 5.50, 1),
(4319, 6, 3424, 6.00, 1),
(4320, 16, 3424, 0.00, 1),
(4321, 8, 3425, 1.00, 8),
(4322, 7, 3425, 1.00, 2),
(4323, 48, 3426, 4.50, 1),
(4324, 7, 3427, 1.00, 1),
(4325, 15, 3428, 5.00, 1),
(4326, 12, 3429, 4.00, 9),
(4327, 54, 3429, 6.00, 1),
(4328, 11, 3429, 3.00, 2),
(4329, 110, 3430, 2.50, 4),
(4330, 11, 3430, 3.00, 2),
(4331, 43, 3431, 3.50, 1),
(4332, 8, 3432, 1.00, 3),
(4333, 44, 3433, 3.50, 1),
(4334, 48, 3434, 4.50, 1),
(4335, 15, 3435, 5.00, 1),
(4336, 58, 3436, 2.50, 1),
(4337, 6, 3436, 6.00, 1),
(4338, 15, 3437, 5.00, 1),
(4339, 68, 3438, 7.00, 1),
(4340, 15, 3439, 5.00, 1),
(4341, 4, 3440, 3.00, 1),
(4342, 13, 3441, 5.00, 1),
(4343, 7, 3442, 1.00, 1),
(4344, 114, 3443, 1.00, 1),
(4345, 68, 3444, 7.00, 2),
(4346, 53, 3445, 6.00, 1),
(4347, 55, 3446, 6.00, 1),
(4348, 11, 3447, 3.00, 3),
(4349, 68, 3448, 7.00, 1),
(4350, 68, 3449, 7.00, 1),
(4351, 15, 3450, 5.00, 1),
(4352, 4, 3451, 3.00, 1),
(4353, 53, 3452, 6.00, 1),
(4354, 15, 3453, 5.00, 1),
(4355, 48, 3453, 4.50, 1),
(4356, 15, 3454, 5.00, 1),
(4357, 15, 3455, 5.00, 1),
(4358, 68, 3456, 7.00, 2),
(4359, 7, 3457, 1.00, 1),
(4360, 15, 3458, 5.00, 2),
(4361, 15, 3459, 5.00, 3),
(4362, 15, 3460, 5.00, 2),
(4363, 15, 3461, 5.00, 1),
(4364, 54, 3462, 6.00, 1),
(4365, 68, 3462, 7.00, 1),
(4366, 15, 3463, 5.00, 2),
(4367, 113, 3463, 7.00, 1),
(4368, 15, 3464, 5.00, 1),
(4369, 68, 3465, 7.00, 1),
(4370, 15, 3466, 5.00, 1),
(4371, 48, 3467, 4.50, 1),
(4372, 14, 3468, 4.00, 2),
(4373, 113, 3469, 7.00, 1),
(4374, 106, 3469, -0.50, 10),
(4375, 15, 3470, 5.00, 2),
(4376, 5, 3471, 4.00, 2),
(4377, 114, 3472, 1.00, 6),
(4378, 1, 3472, 0.50, 2),
(4379, 11, 3473, 3.00, 3),
(4380, 114, 3473, 1.00, 1),
(4381, 5, 3474, 4.00, 1),
(4382, 15, 3475, 5.00, 1),
(4383, 6, 3475, 6.00, 2),
(4384, 6, 3476, 6.00, 2),
(4385, 4, 3476, 3.00, 1),
(4386, 17, 3476, 0.50, 1),
(4387, 42, 3477, 3.50, 1),
(4388, 36, 3478, 2.50, 1),
(4389, 41, 3478, 2.50, 1),
(4390, 114, 3479, 1.00, 6),
(4391, 1, 3479, 0.50, 2),
(4392, 6, 3480, 6.00, 1),
(4393, 17, 3480, 0.50, 1),
(4394, 53, 3481, 6.00, 1),
(4395, 54, 3482, 6.00, 1),
(4396, 6, 3482, 6.00, 2),
(4397, 17, 3482, 0.50, 2),
(4398, 40, 3483, 2.50, 1),
(4399, 39, 3483, 2.50, 1),
(4400, 6, 3484, 6.00, 1),
(4401, 17, 3484, 0.50, 1),
(4402, 41, 3485, 2.50, 1),
(4403, 114, 3485, 1.00, 1),
(4404, 44, 3486, 3.50, 1),
(4405, 11, 3487, 3.00, 2),
(4406, 12, 3488, 4.00, 2),
(4407, 48, 3489, 4.50, 1),
(4408, 8, 3490, 1.00, 2),
(4409, 48, 3491, 4.50, 1),
(4410, 6, 3492, 6.00, 1),
(4411, 16, 3492, 0.00, 1),
(4412, 103, 3493, -0.50, 2),
(4413, 7, 3493, 1.00, 1),
(4414, 6, 3494, 6.00, 1),
(4415, 17, 3494, 0.50, 1),
(4416, 113, 3495, 7.00, 1),
(4417, 36, 3496, 2.50, 1),
(4418, 68, 3496, 7.00, 1),
(4419, 68, 3497, 7.00, 1),
(4420, 114, 3497, 1.00, 6),
(4421, 1, 3497, 0.50, 2),
(4422, 48, 3498, 4.50, 1),
(4423, 9, 3499, 2.00, 1),
(4424, 15, 3500, 5.00, 1),
(4425, 15, 3501, 5.00, 2),
(4426, 76, 3501, 5.00, 1),
(4427, 5, 3502, 4.00, 1),
(4428, 113, 3502, 7.00, 1),
(4429, 5, 3503, 4.00, 2),
(4430, 7, 3504, 1.00, 1),
(4431, 113, 3505, 7.00, 1),
(4432, 110, 3506, 2.50, 1),
(4433, 15, 3506, 5.00, 1),
(4434, 44, 3507, 3.50, 1),
(4435, 15, 3508, 5.00, 3),
(4436, 113, 3508, 7.00, 1),
(4437, 113, 3509, 7.00, 1),
(4438, 15, 3509, 5.00, 2),
(4439, 5, 3510, 4.00, 1),
(4440, 17, 3510, 0.50, 1),
(4441, 43, 3511, 3.50, 1),
(4442, 15, 3512, 5.00, 1),
(4443, 68, 3513, 7.00, 1),
(4444, 6, 3514, 6.00, 1),
(4445, 6, 3515, 6.00, 1),
(4446, 15, 3516, 5.00, 1),
(4447, 43, 3517, 3.50, 1),
(4448, 15, 3517, 5.00, 1),
(4449, 15, 3518, 5.00, 1),
(4450, 113, 3519, 7.00, 1),
(4451, 44, 3519, 3.50, 1),
(4452, 15, 3520, 5.00, 1),
(4453, 6, 3521, 6.00, 1),
(4454, 15, 3521, 5.00, 2),
(4455, 48, 3521, 4.50, 1),
(4456, 48, 3522, 4.50, 1),
(4457, 15, 3522, 5.00, 1),
(4458, 68, 3523, 7.00, 1),
(4459, 8, 3523, 1.00, 1),
(4460, 16, 3523, 0.00, 1),
(4461, 113, 3524, 7.00, 1),
(4462, 8, 3525, 1.00, 1),
(4463, 16, 3525, 0.00, 1),
(4464, 9, 3526, 2.00, 1),
(4465, 15, 3526, 5.00, 2),
(4466, 17, 3527, 0.50, 1),
(4467, 1, 3527, 0.50, 1),
(4468, 48, 3528, 4.50, 1),
(4469, 39, 3529, 2.50, 1),
(4470, 15, 3530, 5.00, 1),
(4471, 11, 3531, 3.00, 1),
(4472, 6, 3532, 6.00, 1),
(4473, 48, 3533, 4.50, 1),
(4474, 6, 3533, 6.00, 1),
(4475, 6, 3534, 6.00, 1),
(4476, 17, 3534, 0.50, 1),
(4477, 36, 3535, 2.50, 1),
(4478, 103, 3536, -0.50, 5),
(4479, 58, 3536, 2.50, 1),
(4480, 15, 3536, 5.00, 1),
(4481, 5, 3537, 4.00, 1),
(4482, 17, 3537, 0.50, 1),
(4483, 15, 3538, 5.00, 2),
(4484, 53, 3538, 6.00, 1),
(4485, 6, 3538, 6.00, 1),
(4486, 15, 3539, 5.00, 1),
(4487, 58, 3540, 2.50, 1),
(4488, 48, 3541, 4.50, 1),
(4489, 55, 3542, 6.00, 1),
(4490, 15, 3543, 5.00, 1),
(4491, 68, 3544, 7.00, 1),
(4492, 6, 3545, 6.00, 1),
(4493, 47, 3546, 5.50, 1),
(4494, 15, 3546, 5.00, 1),
(4495, 109, 3546, 5.50, 1),
(4496, 15, 3547, 5.00, 1),
(4497, 8, 3548, 1.00, 1),
(4498, 16, 3548, 0.00, 1),
(4499, 15, 3549, 5.00, 1),
(4500, 4, 3550, 3.00, 1),
(4501, 17, 3550, 0.50, 1),
(4502, 113, 3551, 7.00, 1),
(4503, 68, 3552, 7.00, 1),
(4504, 14, 3553, 4.00, 1),
(4505, 8, 3554, 1.00, 6),
(4506, 16, 3554, 0.00, 4),
(4507, 53, 3555, 6.00, 1),
(4508, 15, 3556, 5.00, 1),
(4509, 8, 3557, 1.00, 2),
(4510, 15, 3558, 5.00, 1),
(4511, 68, 3559, 7.00, 1),
(4512, 15, 3560, 5.00, 1),
(4513, 12, 3561, 4.00, 2),
(4514, 15, 3562, 5.00, 1),
(4515, 42, 3563, 3.50, 1),
(4516, 5, 3563, 4.00, 2),
(4517, 15, 3564, 5.00, 1),
(4518, 13, 3565, 5.00, 1),
(4519, 48, 3566, 4.50, 1),
(4520, 42, 3567, 3.50, 1),
(4521, 15, 3568, 5.00, 1),
(4522, 15, 3569, 5.00, 1),
(4523, 76, 3570, 5.00, 1),
(4524, 109, 3571, 5.50, 1),
(4525, 42, 3572, 3.50, 1),
(4526, 15, 3573, 5.00, 2),
(4527, 48, 3574, 4.50, 1),
(4528, 53, 3575, 6.00, 1),
(4529, 113, 3576, 7.00, 1),
(4530, 15, 3577, 5.00, 1),
(4531, 113, 3578, 7.00, 1),
(4532, 15, 3579, 5.00, 1),
(4533, 43, 3580, 3.50, 1),
(4534, 12, 3581, 4.00, 1),
(4535, 39, 3581, 2.50, 1),
(4536, 103, 3581, -0.50, 13),
(4537, 109, 3582, 5.50, 1),
(4538, 102, 3582, -0.50, 11),
(4539, 113, 3583, 7.00, 1),
(4540, 6, 3583, 6.00, 1),
(4541, 113, 3584, 7.00, 1),
(4542, 42, 3584, 3.50, 1),
(4543, 15, 3585, 5.00, 1),
(4544, 4, 3586, 3.00, 1),
(4545, 15, 3587, 5.00, 1),
(4546, 15, 3588, 5.00, 1),
(4547, 15, 3589, 5.00, 1),
(4548, 106, 3589, -0.50, 10),
(4549, 15, 3590, 5.00, 2),
(4550, 41, 3591, 2.50, 1),
(4551, 8, 3592, 1.00, 1),
(4552, 7, 3593, 1.00, 1),
(4553, 14, 3594, 4.00, 1),
(4554, 113, 3595, 7.00, 1),
(4555, 15, 3596, 5.00, 1),
(4556, 58, 3597, 2.50, 1),
(4557, 64, 3598, 4.00, 1),
(4558, 52, 3598, 5.00, 1),
(4559, 64, 3599, 4.00, 1),
(4560, 15, 3600, 5.00, 1),
(4561, 15, 3601, 5.00, 1),
(4562, 20, 3602, 1.00, 1),
(4563, 22, 3603, 4.00, 1),
(4564, 21, 3604, 4.00, 1),
(4565, 102, 3604, -0.50, 8),
(4566, 15, 3605, 5.00, 1),
(4567, 106, 3605, -0.50, 10),
(4568, 68, 3606, 7.00, 2),
(4569, 15, 3606, 5.00, 1),
(4570, 55, 3607, 6.00, 1),
(4571, 68, 3607, 7.00, 1),
(4572, 24, 3607, 4.00, 1),
(4573, 6, 3607, 6.00, 1),
(4574, 22, 3608, 4.00, 1),
(4575, 48, 3609, 4.50, 1),
(4576, 15, 3609, 5.00, 1),
(4577, 4, 3609, 3.00, 1),
(4578, 21, 3609, 4.00, 1),
(4579, 22, 3610, 4.00, 1),
(4580, 40, 3611, 2.50, 1),
(4581, 21, 3612, 4.00, 1),
(4582, 104, 3612, -0.50, 8),
(4583, 107, 3613, -0.50, 8),
(4584, 21, 3613, 4.00, 1),
(4585, 7, 3614, 1.00, 1),
(4586, 13, 3615, 5.00, 2),
(4587, 113, 3615, 7.00, 1),
(4588, 24, 3616, 4.00, 1),
(4589, 15, 3616, 5.00, 2),
(4590, 48, 3617, 4.50, 1),
(4591, 44, 3617, 3.50, 1),
(4592, 15, 3617, 5.00, 1),
(4593, 15, 3618, 5.00, 1),
(4594, 6, 3619, 6.00, 1),
(4595, 17, 3619, 0.50, 1),
(4596, 106, 3619, -0.50, 13),
(4597, 15, 3620, 5.00, 2),
(4598, 21, 3621, 4.00, 1),
(4599, 105, 3621, -0.50, 8),
(4600, 104, 3622, -0.50, 8),
(4601, 64, 3622, 4.00, 1),
(4602, 107, 3623, -0.50, 3),
(4603, 104, 3623, -0.50, 3),
(4604, 10, 3623, 3.00, 1),
(4605, 15, 3624, 5.00, 1),
(4606, 108, 3625, 0.50, 1),
(4607, 15, 3625, 5.00, 1),
(4608, 53, 3626, 6.00, 1),
(4609, 68, 3627, 7.00, 1),
(4610, 55, 3628, 6.00, 1),
(4611, 68, 3628, 7.00, 1),
(4612, 113, 3629, 7.00, 1),
(4613, 15, 3629, 5.00, 1),
(4614, 15, 3630, 5.00, 2),
(4615, 15, 3631, 5.00, 1),
(4616, 59, 3632, 3.00, 1),
(4617, 23, 3633, 4.00, 1),
(4618, 96, 3633, -0.50, 8),
(4619, 5, 3634, 4.00, 1),
(4620, 22, 3634, 4.00, 1),
(4621, 12, 3634, 4.00, 1),
(4622, 5, 3635, 4.00, 2),
(4623, 16, 3635, 0.00, 1),
(4624, 12, 3635, 4.00, 1),
(4625, 48, 3636, 4.50, 1),
(4626, 47, 3637, 5.50, 1),
(4627, 6, 3638, 6.00, 1),
(4628, 17, 3638, 0.50, 1),
(4629, 12, 3639, 4.00, 2),
(4630, 106, 3639, -0.50, 16),
(4631, 22, 3640, 4.00, 1),
(4632, 7, 3640, 1.00, 1),
(4633, 104, 3640, -0.50, 2),
(4634, 103, 3641, -0.50, 9),
(4635, 7, 3641, 1.00, 1),
(4636, 66, 3641, 5.50, 1),
(4637, 48, 3642, 4.50, 1),
(4638, 15, 3643, 5.00, 2),
(4639, 68, 3644, 7.00, 1),
(4640, 110, 3645, 2.50, 1),
(4641, 52, 3646, 5.00, 1),
(4642, 4, 3646, 3.00, 1),
(4643, 42, 3647, 3.50, 1),
(4644, 64, 3648, 4.00, 1),
(4645, 58, 3649, 2.50, 1),
(4646, 48, 3650, 4.50, 1),
(4647, 104, 3651, -0.50, 10),
(4648, 15, 3651, 5.00, 1),
(4649, 4, 3652, 3.00, 1),
(4650, 15, 3653, 5.00, 1),
(4651, 108, 3653, 0.50, 1),
(4652, 48, 3654, 4.50, 1),
(4653, 113, 3655, 7.00, 1),
(4654, 113, 3656, 7.00, 1),
(4655, 104, 3657, -0.50, 4),
(4656, 36, 3657, 2.50, 1),
(4657, 7, 3658, 1.00, 1),
(4658, 15, 3659, 5.00, 1),
(4659, 106, 3659, -0.50, 3),
(4660, 4, 3660, 3.00, 8),
(4661, 15, 3661, 5.00, 2),
(4662, 36, 3661, 2.50, 1),
(4663, 15, 3662, 5.00, 1),
(4664, 15, 3663, 5.00, 1),
(4665, 15, 3664, 5.00, 1),
(4666, 15, 3665, 5.00, 1),
(4667, 22, 3666, 4.00, 1),
(4668, 6, 3666, 6.00, 2),
(4669, 16, 3666, 0.00, 1),
(4670, 17, 3666, 0.50, 2),
(4671, 42, 3666, 3.50, 1),
(4672, 6, 3667, 6.00, 1),
(4673, 64, 3668, 4.00, 1),
(4674, 15, 3668, 5.00, 1),
(4675, 4, 3669, 3.00, 1),
(4676, 11, 3670, 3.00, 2),
(4677, 39, 3671, 2.50, 1),
(4678, 42, 3672, 3.50, 1),
(4679, 5, 3673, 4.00, 1),
(4680, 16, 3673, 0.00, 1),
(4681, 12, 3673, 4.00, 1),
(4682, 48, 3673, 4.50, 1),
(4683, 15, 3674, 5.00, 1),
(4684, 15, 3675, 5.00, 1),
(4685, 15, 3676, 5.00, 1),
(4686, 15, 3677, 5.00, 1),
(4687, 12, 3678, 4.00, 1),
(4688, 116, 3678, 5.00, 1),
(4689, 36, 3679, 2.50, 1),
(4690, 5, 3679, 4.00, 1),
(4691, 16, 3679, 0.00, 1),
(4692, 21, 3680, 4.00, 1),
(4693, 24, 3680, 4.00, 1),
(4694, 68, 3680, 7.00, 1),
(4695, 59, 3680, 3.00, 1),
(4696, 115, 3680, 5.00, 1),
(4697, 43, 3681, 3.50, 1),
(4698, 15, 3682, 5.00, 1),
(4699, 15, 3683, 5.00, 1),
(4700, 64, 3684, 4.00, 1),
(4701, 104, 3684, -0.50, 8),
(4702, 53, 3685, 6.00, 1),
(4703, 24, 3686, 4.00, 1),
(4704, 53, 3686, 6.00, 1),
(4705, 113, 3687, 7.00, 2),
(4706, 104, 3687, -0.50, 1),
(4707, 15, 3688, 5.00, 1),
(4708, 113, 3689, 7.00, 1),
(4709, 15, 3690, 5.00, 1),
(4710, 15, 3691, 5.00, 2),
(4711, 22, 3692, 4.00, 2),
(4712, 101, 3693, -0.50, 11),
(4713, 47, 3693, 5.50, 1),
(4714, 17, 3694, 0.50, 1),
(4715, 6, 3694, 6.00, 1),
(4716, 15, 3695, 5.00, 1),
(4717, 15, 3696, 5.00, 1),
(4718, 116, 3697, 5.00, 1),
(4719, 64, 3697, 4.00, 1),
(4720, 101, 3697, -0.50, 18),
(4721, 115, 3698, 5.00, 1),
(4722, 15, 3699, 5.00, 1),
(4723, 5, 3700, 4.00, 1),
(4724, 15, 3701, 5.00, 1),
(4725, 23, 3702, 4.00, 1),
(4726, 8, 3703, 1.00, 2),
(4727, 3, 3704, 3.00, 1),
(4728, 104, 3704, -0.50, 6),
(4729, 4, 3705, 3.00, 2),
(4730, 113, 3705, 7.00, 1),
(4731, 104, 3705, -0.50, 14),
(4732, 43, 3706, 3.50, 1),
(4733, 58, 3707, 2.50, 1),
(4734, 15, 3708, 5.00, 1),
(4735, 48, 3709, 4.50, 1),
(4736, 15, 3710, 5.00, 1),
(4737, 15, 3711, 5.00, 1),
(4738, 11, 3712, 3.00, 2),
(4739, 14, 3713, 4.00, 1),
(4740, 36, 3714, 2.50, 1),
(4741, 7, 3715, 1.00, 1),
(4742, 44, 3716, 3.50, 1),
(4743, 107, 3716, -0.50, 7),
(4744, 104, 3717, -0.50, 10),
(4745, 15, 3717, 5.00, 1),
(4746, 15, 3718, 5.00, 1),
(4747, 68, 3719, 7.00, 1),
(4748, 11, 3720, 3.00, 2),
(4749, 15, 3721, 5.00, 1),
(4750, 68, 3722, 7.00, 1),
(4751, 42, 3723, 3.50, 1),
(4752, 43, 3724, 3.50, 1),
(4753, 15, 3725, 5.00, 1),
(4754, 15, 3726, 5.00, 2),
(4755, 105, 3726, -0.50, 20),
(4756, 15, 3727, 5.00, 1),
(4757, 6, 3728, 6.00, 1),
(4758, 22, 3729, 4.00, 1),
(4759, 106, 3730, -0.50, 8),
(4760, 12, 3730, 4.00, 2),
(4761, 15, 3731, 5.00, 1),
(4762, 15, 3732, 5.00, 1),
(4763, 115, 3733, 5.00, 1),
(4764, 15, 3734, 5.00, 1),
(4765, 68, 3735, 7.00, 1),
(4766, 15, 3735, 5.00, 1),
(4767, 15, 3736, 5.00, 3),
(4768, 21, 3737, 4.00, 1),
(4769, 15, 3738, 5.00, 1),
(4770, 48, 3739, 4.50, 1),
(4771, 1, 3740, 0.50, -1),
(4772, 15, 3741, 5.00, 1),
(4773, 15, 3742, 5.00, 1),
(4774, 15, 3743, 5.00, 1),
(4775, 15, 3744, 5.00, 1),
(4776, 106, 3745, -0.50, 1),
(4777, 106, 3746, -0.50, 1),
(4778, 1, 3747, 0.50, 1),
(4779, 106, 3747, -0.50, 8),
(4780, 15, 3748, 5.00, 1),
(4781, 15, 3749, 5.00, 1),
(4782, 15, 3750, 5.00, 1),
(4783, 15, 3751, 5.00, 1),
(4784, 15, 3752, 5.00, 1),
(4785, 15, 3753, 5.00, 1),
(4786, 15, 3754, 5.00, 1),
(4787, 15, 3755, 5.00, 1),
(4788, 15, 3756, 5.00, 1),
(4789, 1, 3757, 0.50, 1),
(4790, 15, 3758, 5.00, 1),
(4791, 15, 3758, 5.00, 1),
(4792, 15, 3758, 5.00, 1),
(4793, 15, 3759, 5.00, 1),
(4794, 15, 3760, 5.00, 1),
(4795, 15, 3761, 5.00, 1),
(4796, 15, 3761, 5.00, 1),
(4797, 15, 3762, 5.00, 1),
(4798, 15, 3763, 5.00, 1),
(4799, 15, 3764, 5.00, 1),
(4800, 15, 3764, 5.00, 1),
(4801, 96, 3765, -0.50, 103),
(4802, 1, 3765, 0.50, 1000);

-- --------------------------------------------------------

--
-- Struktura tabeli dla tabeli `clients`
--

CREATE TABLE `clients` (
  `id` int(11) NOT NULL,
  `name` text DEFAULT NULL,
  `surname` text DEFAULT NULL,
  `mail` text DEFAULT NULL
) ENGINE=InnoDB DEFAULT CHARSET=utf8mb4 COLLATE=utf8mb4_general_ci;

-- --------------------------------------------------------

--
-- Struktura tabeli dla tabeli `coffee_subscription`
--

CREATE TABLE `coffee_subscription` (
  `id` int(11) NOT NULL,
  `client_id` int(11) DEFAULT NULL,
  `coffees_left` int(11) DEFAULT NULL
) ENGINE=InnoDB DEFAULT CHARSET=utf8mb4 COLLATE=utf8mb4_general_ci;

-- --------------------------------------------------------

--
-- Struktura tabeli dla tabeli `companies`
--

CREATE TABLE `companies` (
  `id` int(11) NOT NULL,
  `name` text DEFAULT NULL
) ENGINE=InnoDB DEFAULT CHARSET=utf8mb4 COLLATE=utf8mb4_general_ci;

-- --------------------------------------------------------

--
-- Struktura tabeli dla tabeli `lessons`
--

CREATE TABLE `lessons` (
  `id` int(11) NOT NULL,
  `start_time` time DEFAULT NULL,
  `end_time` time DEFAULT NULL
) ENGINE=InnoDB DEFAULT CHARSET=utf8mb4 COLLATE=utf8mb4_general_ci;

--
-- Dumping data for table `lessons`
--

INSERT INTO `lessons` (`id`, `start_time`, `end_time`) VALUES
(1, '07:55:00', '08:00:00'),
(2, '08:45:00', '08:50:00'),
(3, '09:35:00', '09:40:00'),
(4, '10:25:00', '10:35:00'),
(5, '11:20:00', '11:30:00'),
(6, '12:15:00', '12:30:00'),
(7, '13:15:00', '13:25:00'),
(8, '14:10:00', '14:20:00'),
(9, '15:05:00', '15:10:00'),
(10, '15:55:00', '16:00:00'),
(11, '16:45:00', '16:50:00'),
(12, '17:35:00', '17:40:00');

-- --------------------------------------------------------

--
-- Struktura tabeli dla tabeli `logs`
--

CREATE TABLE `logs` (
  `id` int(11) NOT NULL,
  `type` text DEFAULT NULL,
  `opis` text DEFAULT NULL,
  `worker_id` int(11) DEFAULT NULL,
  `client_id` int(11) DEFAULT NULL,
  `modified` timestamp NOT NULL DEFAULT current_timestamp()
) ENGINE=InnoDB DEFAULT CHARSET=utf8mb4 COLLATE=utf8mb4_general_ci;

-- --------------------------------------------------------

--
-- Struktura tabeli dla tabeli `orders`
--

CREATE TABLE `orders` (
  `id` int(11) NOT NULL,
  `worker_id` int(11) DEFAULT NULL,
  `client_id` int(11) DEFAULT NULL,
  `payment_method_id` int(11) DEFAULT NULL,
  `created_at` timestamp NOT NULL DEFAULT current_timestamp(),
  `closed_at` timestamp NULL DEFAULT NULL,
  `status` enum('nd','new','done','closed') DEFAULT NULL,
  `lesson_id` int(11) DEFAULT NULL
) ENGINE=InnoDB DEFAULT CHARSET=utf8mb4 COLLATE=utf8mb4_general_ci;

--
-- Dumping data for table `orders`
--

INSERT INTO `orders` (`id`, `worker_id`, `client_id`, `payment_method_id`, `created_at`, `closed_at`, `status`, `lesson_id`) VALUES
(1, 1, NULL, 2, '2023-09-05 20:51:04', NULL, NULL, NULL),
(2, 1, NULL, 2, '2023-09-05 20:47:44', NULL, NULL, NULL),
(3, 1, NULL, 2, '2023-09-05 20:47:46', NULL, NULL, NULL),
(4, 1, NULL, 2, '2023-09-05 20:47:49', NULL, NULL, NULL),
(5, 1, NULL, 2, '2023-09-05 20:47:52', NULL, NULL, NULL),
(6, 1, NULL, 2, '2023-09-05 20:47:55', NULL, NULL, NULL),
(7, 1, NULL, 2, '2023-09-05 20:47:57', NULL, NULL, NULL),
(8, 1, NULL, 2, '2023-09-05 20:48:00', NULL, NULL, NULL),
(9, 1, NULL, 2, '2023-09-05 20:48:02', NULL, NULL, NULL),
(10, 1, NULL, 2, '2023-09-05 20:48:05', NULL, NULL, NULL),
(11, 1, NULL, 2, '2023-09-05 20:48:09', NULL, NULL, NULL),
(12, 1, NULL, 2, '2023-09-05 20:48:12', NULL, NULL, NULL),
(13, 1, NULL, 2, '2023-09-05 20:48:14', NULL, NULL, NULL),
(14, 1, NULL, 2, '2023-09-05 20:48:18', NULL, NULL, NULL),
(15, 1, NULL, 2, '2023-09-05 20:48:21', NULL, NULL, NULL),
(16, 1, NULL, 2, '2023-09-05 20:48:23', NULL, NULL, NULL),
(17, 1, NULL, 2, '2023-09-05 20:48:25', NULL, NULL, NULL),
(18, 1, NULL, 2, '2023-09-05 20:48:27', NULL, NULL, NULL),
(19, 1, NULL, 2, '2023-09-05 20:48:29', NULL, NULL, NULL),
(20, 1, NULL, 2, '2023-09-05 20:48:33', NULL, NULL, NULL),
(21, 1, NULL, 2, '2023-09-05 20:48:52', NULL, NULL, NULL),
(22, 1, NULL, 2, '2023-09-05 20:48:55', NULL, NULL, NULL),
(23, 1, NULL, 2, '2023-09-05 20:48:57', NULL, NULL, NULL),
(24, 1, NULL, 2, '2023-09-05 20:48:59', NULL, NULL, NULL),
(25, 1, NULL, 2, '2023-09-05 20:49:01', NULL, NULL, NULL),
(26, 1, NULL, 2, '2023-09-05 20:49:06', NULL, NULL, NULL),
(27, 1, NULL, 2, '2023-09-05 20:49:08', NULL, NULL, NULL),
(28, 1, NULL, 2, '2023-09-05 20:49:10', NULL, NULL, NULL),
(29, 1, NULL, 2, '2023-09-05 20:49:12', NULL, NULL, NULL),
(30, 1, NULL, 2, '2023-09-05 20:49:14', NULL, NULL, NULL),
(31, 1, NULL, 2, '2023-09-05 20:49:17', NULL, NULL, NULL),
(32, 1, NULL, 1, '2023-09-05 20:53:44', NULL, NULL, NULL),
(33, 1, NULL, 2, '2023-09-05 20:49:21', NULL, NULL, NULL),
(34, 1, NULL, 2, '2023-09-05 20:49:23', NULL, NULL, NULL),
(35, 1, NULL, 2, '2023-09-05 20:49:26', NULL, NULL, NULL),
(36, 1, NULL, 2, '2023-09-05 20:49:28', NULL, NULL, NULL),
(37, 1, NULL, 2, '2023-09-05 20:49:30', NULL, NULL, NULL),
(38, 1, NULL, 1, '2023-09-05 20:50:09', NULL, NULL, NULL),
(39, 1, NULL, 1, '2023-09-05 20:50:07', NULL, NULL, NULL),
(40, 1, NULL, 1, '2023-09-05 20:50:04', NULL, NULL, NULL),
(41, 1, NULL, 1, '2023-09-05 20:50:02', NULL, NULL, NULL),
(42, 1, NULL, 1, '2023-09-05 20:36:55', NULL, NULL, NULL),
(43, 1, NULL, 1, '2023-09-05 20:36:55', NULL, NULL, NULL),
(44, 1, NULL, 1, '2023-09-05 20:36:55', NULL, NULL, NULL),
(45, 1, NULL, 1, '2023-09-05 20:36:55', NULL, NULL, NULL),
(46, 1, NULL, 1, '2023-09-05 20:36:55', NULL, NULL, NULL),
(47, 1, NULL, 1, '2023-09-05 20:36:55', NULL, NULL, NULL),
(48, 1, NULL, 1, '2023-09-05 20:36:55', NULL, NULL, NULL),
(49, 1, NULL, 1, '2023-09-05 20:36:55', NULL, NULL, NULL),
(50, 1, NULL, 1, '2023-09-05 20:36:55', NULL, NULL, NULL),
(51, 1, NULL, 1, '2023-09-05 20:36:55', NULL, NULL, NULL),
(52, 1, NULL, 1, '2023-09-05 20:36:55', NULL, NULL, NULL),
(53, 1, NULL, 1, '2023-09-05 20:36:55', NULL, NULL, NULL),
(54, 1, NULL, 1, '2023-09-05 20:36:55', NULL, NULL, NULL),
(55, 1, NULL, 1, '2023-09-05 20:36:55', NULL, NULL, NULL),
(56, 2, NULL, 1, '2023-09-06 20:29:06', NULL, NULL, NULL),
(57, 2, NULL, 2, '2023-09-06 22:12:29', NULL, NULL, NULL),
(58, 2, NULL, 2, '2023-09-06 22:13:01', NULL, NULL, NULL),
(59, 2, NULL, 2, '2023-09-06 22:13:16', NULL, NULL, NULL),
(60, 2, NULL, 2, '2023-09-06 22:13:48', NULL, NULL, NULL),
(61, 2, NULL, 2, '2023-09-06 22:14:02', NULL, NULL, NULL),
(62, 2, NULL, 2, '2023-09-06 22:14:25', NULL, NULL, NULL),
(63, 2, NULL, 2, '2023-09-06 22:14:50', NULL, NULL, NULL),
(64, 2, NULL, 2, '2023-09-06 22:15:07', NULL, NULL, NULL),
(65, 2, NULL, 2, '2023-09-06 22:15:30', NULL, NULL, NULL),
(66, 2, NULL, 2, '2023-09-06 22:15:53', NULL, NULL, NULL),
(67, 2, NULL, 2, '2023-09-06 22:16:04', NULL, NULL, NULL),
(68, 2, NULL, 2, '2023-09-06 22:16:44', NULL, NULL, NULL),
(69, 2, NULL, 2, '2023-09-06 22:17:18', NULL, NULL, NULL),
(70, 2, NULL, 2, '2023-09-06 22:17:46', NULL, NULL, NULL),
(71, 2, NULL, 2, '2023-09-06 22:17:56', NULL, NULL, NULL),
(72, 2, NULL, 2, '2023-09-06 22:18:05', NULL, NULL, NULL),
(73, 2, NULL, 2, '2023-09-06 22:19:27', NULL, NULL, NULL),
(74, 2, NULL, 2, '2023-09-06 22:19:40', NULL, NULL, NULL),
(75, 2, NULL, 2, '2023-09-06 22:19:51', NULL, NULL, NULL),
(76, 2, NULL, 2, '2023-09-06 22:19:54', NULL, NULL, NULL),
(77, 2, NULL, 2, '2023-09-06 22:20:05', NULL, NULL, NULL),
(78, 2, NULL, 2, '2023-09-06 22:20:24', NULL, NULL, NULL),
(79, 2, NULL, 2, '2023-09-06 22:20:33', NULL, NULL, NULL),
(80, 2, NULL, 2, '2023-09-06 22:20:48', NULL, NULL, NULL),
(81, 2, NULL, 2, '2023-09-06 22:21:01', NULL, NULL, NULL),
(82, 2, NULL, 2, '2023-09-06 22:21:33', NULL, NULL, NULL),
(83, 2, NULL, 2, '2023-09-06 22:21:55', NULL, NULL, NULL),
(84, 2, NULL, 2, '2023-09-06 22:22:12', NULL, NULL, NULL),
(85, 2, NULL, 2, '2023-09-06 22:22:30', NULL, NULL, NULL),
(86, 2, NULL, 2, '2023-09-06 22:22:51', NULL, NULL, NULL),
(87, 2, NULL, 2, '2023-09-06 22:23:16', NULL, NULL, NULL),
(88, 2, NULL, 2, '2023-09-06 22:23:25', NULL, NULL, NULL),
(89, 2, NULL, 2, '2023-09-06 22:23:48', NULL, NULL, NULL),
(90, 2, NULL, 2, '2023-09-06 22:24:00', NULL, NULL, NULL),
(91, 2, NULL, 2, '2023-09-06 22:24:12', NULL, NULL, NULL),
(92, 2, NULL, 2, '2023-09-06 22:24:20', NULL, NULL, NULL),
(93, 2, NULL, 2, '2023-09-06 22:24:43', NULL, NULL, NULL),
(94, 2, NULL, 2, '2023-09-06 22:24:51', NULL, NULL, NULL),
(95, 2, NULL, 2, '2023-09-06 22:25:04', NULL, NULL, NULL),
(96, 2, NULL, 2, '2023-09-06 22:25:20', NULL, NULL, NULL),
(97, 2, NULL, 2, '2023-09-06 22:25:31', NULL, NULL, NULL),
(98, 2, NULL, 2, '2023-09-06 22:25:53', NULL, NULL, NULL),
(99, 2, NULL, 2, '2023-09-06 22:26:11', NULL, NULL, NULL),
(100, 2, NULL, 2, '2023-09-06 22:26:15', NULL, NULL, NULL),
(101, 2, NULL, 2, '2023-09-06 22:26:27', NULL, NULL, NULL),
(102, 2, NULL, 2, '2023-09-06 22:26:37', NULL, NULL, NULL),
(103, 2, NULL, 2, '2023-09-06 22:26:43', NULL, NULL, NULL),
(104, 2, NULL, 2, '2023-09-06 22:27:00', NULL, NULL, NULL),
(105, 2, NULL, 2, '2023-09-06 22:27:14', NULL, NULL, NULL),
(106, 2, NULL, 2, '2023-09-06 22:27:20', NULL, NULL, NULL),
(107, 2, NULL, 2, '2023-09-06 22:27:32', NULL, NULL, NULL),
(108, 2, NULL, 2, '2023-09-06 22:27:59', NULL, NULL, NULL),
(109, 2, NULL, 2, '2023-09-06 22:28:17', NULL, NULL, NULL),
(110, 2, NULL, 2, '2023-09-06 22:28:34', NULL, NULL, NULL),
(111, 2, NULL, 2, '2023-09-06 22:29:07', NULL, NULL, NULL),
(112, 2, NULL, 2, '2023-09-06 22:29:17', NULL, NULL, NULL),
(113, 2, NULL, 2, '2023-09-06 22:29:20', NULL, NULL, NULL),
(114, 2, NULL, 2, '2023-09-06 22:29:22', NULL, NULL, NULL),
(115, 2, NULL, 2, '2023-09-06 22:29:38', NULL, NULL, NULL),
(116, 2, NULL, 2, '2023-09-06 22:29:56', NULL, NULL, NULL),
(117, 2, NULL, 2, '2023-09-06 22:30:13', NULL, NULL, NULL),
(118, 2, NULL, 2, '2023-09-06 22:30:23', NULL, NULL, NULL),
(119, 2, NULL, 1, '2023-09-06 22:31:44', NULL, NULL, NULL),
(120, 2, NULL, 1, '2023-09-07 06:46:45', NULL, NULL, NULL),
(121, 2, NULL, 1, '2023-09-07 06:50:34', NULL, NULL, NULL),
(122, 2, NULL, 1, '2023-09-07 07:39:00', NULL, NULL, NULL),
(123, 2, NULL, 1, '2023-09-07 07:39:51', NULL, NULL, NULL),
(124, 2, NULL, 1, '2023-09-07 07:41:13', NULL, NULL, NULL),
(125, 2, NULL, 1, '2023-09-07 07:47:20', NULL, NULL, NULL),
(126, 2, NULL, 1, '2023-09-07 08:14:05', NULL, NULL, NULL),
(127, 2, NULL, 1, '2023-09-07 08:24:51', NULL, NULL, NULL),
(128, 2, NULL, 1, '2023-09-07 08:26:10', NULL, NULL, NULL),
(129, 2, NULL, 1, '2023-09-07 08:26:22', NULL, NULL, NULL),
(130, 2, NULL, 2, '2023-09-07 08:27:55', NULL, NULL, NULL),
(131, 2, NULL, 2, '2023-09-07 08:28:52', NULL, NULL, NULL),
(132, 2, NULL, 2, '2023-09-07 08:32:20', NULL, NULL, NULL),
(133, 2, NULL, 1, '2023-09-07 09:13:11', NULL, NULL, NULL),
(134, 2, NULL, 1, '2023-09-07 09:15:30', NULL, NULL, NULL),
(135, 2, NULL, 1, '2023-09-07 09:17:13', NULL, NULL, NULL),
(136, 2, NULL, 1, '2023-09-07 09:20:18', NULL, NULL, NULL),
(137, 2, NULL, 1, '2023-09-07 09:23:37', NULL, NULL, NULL),
(138, 2, NULL, 1, '2023-09-07 09:24:49', NULL, NULL, NULL),
(139, 2, NULL, 1, '2023-09-07 09:25:28', NULL, NULL, NULL),
(140, 2, NULL, 1, '2023-09-07 09:26:14', NULL, NULL, NULL),
(141, 2, NULL, 1, '2023-09-07 09:26:49', NULL, NULL, NULL),
(142, 2, NULL, 1, '2023-09-07 09:27:05', NULL, NULL, NULL),
(143, 2, NULL, 1, '2023-09-07 09:30:18', NULL, NULL, NULL),
(144, 2, NULL, 1, '2023-09-07 09:38:41', NULL, NULL, NULL),
(145, 2, NULL, 1, '2023-09-07 09:39:55', NULL, NULL, NULL),
(146, 2, NULL, 1, '2023-09-07 10:17:27', NULL, NULL, NULL),
(147, 2, NULL, 1, '2023-09-07 10:17:48', NULL, NULL, NULL),
(148, 2, NULL, 1, '2023-09-07 10:18:39', NULL, NULL, NULL),
(149, 2, NULL, 1, '2023-09-07 10:19:02', NULL, NULL, NULL),
(150, 2, NULL, 1, '2023-09-07 10:19:19', NULL, NULL, NULL),
(151, 2, NULL, 1, '2023-09-07 10:20:02', NULL, NULL, NULL),
(152, 2, NULL, 1, '2023-09-07 10:20:18', NULL, NULL, NULL),
(153, 2, NULL, 1, '2023-09-07 10:20:28', NULL, NULL, NULL),
(154, 2, NULL, 1, '2023-09-07 10:20:52', NULL, NULL, NULL),
(155, 2, NULL, 1, '2023-09-07 10:21:09', NULL, NULL, NULL),
(156, 2, NULL, 1, '2023-09-07 10:21:37', NULL, NULL, NULL),
(157, 2, NULL, 1, '2023-09-07 10:22:55', NULL, NULL, NULL),
(158, 2, NULL, 1, '2023-09-07 10:24:05', NULL, NULL, NULL),
(159, 2, NULL, 1, '2023-09-07 10:24:22', NULL, NULL, NULL),
(160, 2, NULL, 1, '2023-09-07 10:26:12', NULL, NULL, NULL),
(161, 2, NULL, 1, '2023-09-07 10:32:15', NULL, NULL, NULL),
(162, 2, NULL, 1, '2023-09-07 11:15:05', NULL, NULL, NULL),
(163, 2, NULL, 1, '2023-09-07 11:16:22', NULL, NULL, NULL),
(164, 2, NULL, 1, '2023-09-07 11:17:18', NULL, NULL, NULL),
(165, 2, NULL, 1, '2023-09-07 11:17:48', NULL, NULL, NULL),
(166, 2, NULL, 1, '2023-09-07 11:18:48', NULL, NULL, NULL),
(167, 2, NULL, 1, '2023-09-07 11:19:31', NULL, NULL, NULL),
(168, 2, NULL, 1, '2023-09-07 11:20:03', NULL, NULL, NULL),
(169, 2, NULL, 1, '2023-09-07 11:20:45', NULL, NULL, NULL),
(170, 2, NULL, 1, '2023-09-07 11:21:46', NULL, NULL, NULL),
(171, 2, NULL, 1, '2023-09-07 11:22:03', NULL, NULL, NULL),
(172, 2, NULL, 1, '2023-09-07 11:23:13', NULL, NULL, NULL),
(173, 2, NULL, 1, '2023-09-07 11:23:44', NULL, NULL, NULL),
(174, 2, NULL, 1, '2023-09-07 22:30:57', NULL, NULL, NULL),
(175, 2, NULL, 1, '2023-09-07 22:31:15', NULL, NULL, NULL),
(176, 2, NULL, 1, '2023-09-07 22:31:20', NULL, NULL, NULL),
(177, 2, NULL, 1, '2023-09-07 22:31:29', NULL, NULL, NULL),
(178, 2, NULL, 1, '2023-09-07 22:31:35', NULL, NULL, NULL),
(179, 2, NULL, 1, '2023-09-07 22:31:45', NULL, NULL, NULL),
(180, 2, NULL, 1, '2023-09-08 06:25:08', NULL, NULL, NULL),
(181, 2, NULL, 1, '2023-09-08 06:46:10', NULL, NULL, NULL),
(182, 2, NULL, 1, '2023-09-08 06:47:01', NULL, NULL, NULL),
(183, 2, NULL, 1, '2023-09-08 06:48:23', NULL, NULL, NULL),
(184, 2, NULL, 1, '2023-09-08 06:48:47', NULL, NULL, NULL),
(185, 2, NULL, 1, '2023-09-08 06:51:47', NULL, NULL, NULL),
(186, 2, NULL, 1, '2023-09-08 07:36:23', NULL, NULL, NULL),
(187, 2, NULL, 1, '2023-09-08 07:37:00', NULL, NULL, NULL),
(188, 2, NULL, 1, '2023-09-08 07:38:09', NULL, NULL, NULL),
(189, 2, NULL, 1, '2023-09-08 07:38:41', NULL, NULL, NULL),
(190, 2, NULL, 1, '2023-09-08 07:38:57', NULL, NULL, NULL),
(191, 2, NULL, 1, '2023-09-08 08:22:55', NULL, NULL, NULL),
(192, 2, NULL, 1, '2023-09-08 08:23:46', NULL, NULL, NULL),
(193, 2, NULL, 1, '2023-09-08 08:24:21', NULL, NULL, NULL),
(194, 2, NULL, 1, '2023-09-08 08:26:15', NULL, NULL, NULL),
(195, 2, NULL, 1, '2023-09-08 08:28:49', NULL, NULL, NULL),
(196, 2, NULL, 1, '2023-09-08 08:28:59', NULL, NULL, NULL),
(197, 2, NULL, 1, '2023-09-08 08:29:44', NULL, NULL, NULL),
(198, 2, NULL, 1, '2023-09-08 08:32:23', NULL, NULL, NULL),
(199, 2, NULL, 1, '2023-09-08 08:33:12', NULL, NULL, NULL),
(200, 2, NULL, 1, '2023-09-08 08:34:19', NULL, NULL, NULL),
(201, 2, NULL, 1, '2023-09-08 08:35:06', NULL, NULL, NULL),
(202, 2, NULL, 1, '2023-09-08 08:35:50', NULL, NULL, NULL),
(203, 2, NULL, 1, '2023-09-08 08:36:34', NULL, NULL, NULL),
(204, 2, NULL, 1, '2023-09-08 09:22:00', NULL, NULL, NULL),
(205, 2, NULL, 1, '2023-09-08 09:22:52', NULL, NULL, NULL),
(206, 2, NULL, 1, '2023-09-08 09:23:42', NULL, NULL, NULL),
(207, 2, NULL, 1, '2023-09-08 09:24:13', NULL, NULL, NULL),
(208, 2, NULL, 1, '2023-09-08 09:24:32', NULL, NULL, NULL),
(209, 2, NULL, 1, '2023-09-08 09:24:49', NULL, NULL, NULL),
(210, 2, NULL, 1, '2023-09-08 09:25:17', NULL, NULL, NULL),
(211, 2, NULL, 1, '2023-09-08 09:25:45', NULL, NULL, NULL),
(212, 2, NULL, 1, '2023-09-08 09:26:43', NULL, NULL, NULL),
(213, 2, NULL, 1, '2023-09-08 09:27:00', NULL, NULL, NULL),
(214, 2, NULL, 1, '2023-09-08 09:27:45', NULL, NULL, NULL),
(215, 2, NULL, 1, '2023-09-08 09:29:52', NULL, NULL, NULL),
(216, 2, NULL, 1, '2023-09-08 09:30:13', NULL, NULL, NULL),
(217, 2, NULL, 1, '2023-09-08 09:30:59', NULL, NULL, NULL),
(218, 2, NULL, 1, '2023-09-08 09:31:32', NULL, NULL, NULL),
(219, 2, NULL, 1, '2023-09-08 09:36:30', NULL, NULL, NULL),
(220, 2, NULL, 1, '2023-09-08 10:14:56', NULL, NULL, NULL),
(221, 2, NULL, 1, '2023-09-08 10:15:17', NULL, NULL, NULL),
(222, 2, NULL, 1, '2023-09-08 10:15:45', NULL, NULL, NULL),
(223, 2, NULL, 1, '2023-09-08 10:16:18', NULL, NULL, NULL),
(224, 2, NULL, 1, '2023-09-08 10:17:54', NULL, NULL, NULL),
(225, 2, NULL, 1, '2023-09-08 10:19:01', NULL, NULL, NULL),
(226, 2, NULL, 1, '2023-09-08 10:19:05', NULL, NULL, NULL),
(227, 2, NULL, 1, '2023-09-08 10:19:38', NULL, NULL, NULL),
(228, 2, NULL, 1, '2023-09-08 10:20:09', NULL, NULL, NULL),
(229, 2, NULL, 1, '2023-09-08 10:26:25', NULL, NULL, NULL),
(230, 2, NULL, 1, '2023-09-08 10:29:18', NULL, NULL, NULL),
(231, 2, NULL, 2, '2023-09-08 11:18:42', NULL, NULL, NULL),
(232, 2, NULL, 2, '2023-09-08 11:20:48', NULL, NULL, NULL),
(233, 2, NULL, 2, '2023-09-08 11:26:38', NULL, NULL, NULL),
(234, 2, NULL, 2, '2023-09-08 12:12:20', NULL, NULL, NULL),
(235, 2, NULL, 2, '2023-09-08 12:12:57', NULL, NULL, NULL),
(236, 2, NULL, 2, '2023-09-08 12:13:48', NULL, NULL, NULL),
(237, 2, NULL, 2, '2023-09-08 12:15:14', NULL, NULL, NULL),
(238, 2, NULL, 2, '2023-09-08 12:15:38', NULL, NULL, NULL),
(239, 2, NULL, 2, '2023-09-08 12:17:46', NULL, NULL, NULL),
(240, 2, NULL, 2, '2023-09-08 12:19:52', NULL, NULL, NULL),
(241, 2, NULL, 2, '2023-09-11 07:10:58', NULL, NULL, NULL),
(242, 2, NULL, 2, '2023-09-11 07:12:31', NULL, NULL, NULL),
(243, 2, NULL, 2, '2023-09-11 07:18:20', NULL, NULL, NULL),
(244, 2, NULL, 1, '2023-09-11 07:58:02', NULL, NULL, NULL),
(245, 2, NULL, 1, '2023-09-11 07:59:37', NULL, NULL, NULL),
(246, 2, NULL, 1, '2023-09-11 08:01:03', NULL, NULL, NULL),
(247, 2, NULL, 1, '2023-09-11 08:01:58', NULL, NULL, NULL),
(248, 2, NULL, 1, '2023-09-11 08:02:52', NULL, NULL, NULL),
(249, 2, NULL, 1, '2023-09-11 08:04:16', NULL, NULL, NULL),
(250, 2, NULL, 1, '2023-09-11 08:04:48', NULL, NULL, NULL),
(251, 2, NULL, 1, '2023-09-11 08:05:04', NULL, NULL, NULL),
(252, 2, NULL, 1, '2023-09-11 08:05:40', NULL, NULL, NULL),
(253, 2, NULL, 1, '2023-09-11 08:06:17', NULL, NULL, NULL),
(254, 2, NULL, 1, '2023-09-11 08:06:30', NULL, NULL, NULL),
(255, 2, NULL, 1, '2023-09-11 08:06:56', NULL, NULL, NULL),
(256, 2, NULL, 1, '2023-09-11 08:07:51', NULL, NULL, NULL),
(257, 2, NULL, 2, '2023-09-11 08:53:16', NULL, NULL, NULL),
(258, 2, NULL, 2, '2023-09-11 08:54:10', NULL, NULL, NULL),
(259, 2, NULL, 2, '2023-09-11 08:55:30', NULL, NULL, NULL),
(260, 2, NULL, 2, '2023-09-11 08:55:53', NULL, NULL, NULL),
(261, 2, NULL, 2, '2023-09-11 08:56:36', NULL, NULL, NULL),
(262, 2, NULL, 1, '2023-09-11 08:58:13', NULL, NULL, NULL),
(263, 2, NULL, 2, '2023-09-11 08:59:45', NULL, NULL, NULL),
(264, 2, NULL, 2, '2023-09-11 09:00:16', NULL, NULL, NULL),
(265, 2, NULL, 2, '2023-09-11 09:01:03', NULL, NULL, NULL),
(266, 2, NULL, 2, '2023-09-11 09:05:59', NULL, NULL, NULL),
(267, 2, NULL, 2, '2023-09-11 09:07:08', NULL, NULL, NULL),
(268, 2, NULL, 2, '2023-09-11 09:47:50', NULL, NULL, NULL),
(269, 2, NULL, 2, '2023-09-11 09:48:16', NULL, NULL, NULL),
(270, 2, NULL, 2, '2023-09-11 09:48:44', NULL, NULL, NULL),
(271, 2, NULL, 2, '2023-09-11 09:49:26', NULL, NULL, NULL),
(272, 2, NULL, 2, '2023-09-11 09:49:48', NULL, NULL, NULL),
(273, 2, NULL, 2, '2023-09-11 09:50:40', NULL, NULL, NULL),
(274, 2, NULL, 2, '2023-09-11 09:51:13', NULL, NULL, NULL),
(275, 2, NULL, 2, '2023-09-11 09:51:52', NULL, NULL, NULL),
(276, 2, NULL, 2, '2023-09-11 09:53:04', NULL, NULL, NULL),
(277, 2, NULL, 2, '2023-09-11 09:53:24', NULL, NULL, NULL),
(278, 2, NULL, 2, '2023-09-11 09:53:56', NULL, NULL, NULL),
(279, 2, NULL, 2, '2023-09-11 09:54:36', NULL, NULL, NULL),
(280, 2, NULL, 2, '2023-09-11 09:55:52', NULL, NULL, NULL),
(281, 2, NULL, 2, '2023-09-11 09:56:55', NULL, NULL, NULL),
(282, 2, NULL, 2, '2023-09-11 09:57:28', NULL, NULL, NULL),
(283, 2, NULL, 2, '2023-09-11 09:58:26', NULL, NULL, NULL),
(284, 2, NULL, 2, '2023-09-11 09:59:51', NULL, NULL, NULL),
(285, 2, NULL, 2, '2023-09-11 10:00:46', NULL, NULL, NULL),
(286, 2, NULL, 2, '2023-09-11 10:00:49', NULL, NULL, NULL),
(287, 2, NULL, 2, '2023-09-11 10:01:58', NULL, NULL, NULL),
(288, 2, NULL, 2, '2023-09-11 10:03:30', NULL, NULL, NULL),
(289, 2, NULL, 2, '2023-09-11 10:04:24', NULL, NULL, NULL),
(290, 2, NULL, 2, '2023-09-11 10:06:24', NULL, NULL, NULL),
(291, 2, NULL, 2, '2023-09-11 10:10:51', NULL, NULL, NULL),
(292, 2, NULL, 2, '2023-09-11 10:48:35', NULL, NULL, NULL),
(293, 2, NULL, 2, '2023-09-11 10:49:31', NULL, NULL, NULL),
(294, 2, NULL, 2, '2023-09-11 10:50:08', NULL, NULL, NULL),
(295, 2, NULL, 2, '2023-09-11 10:51:53', NULL, NULL, NULL),
(296, 2, NULL, 2, '2023-09-11 10:52:23', NULL, NULL, NULL),
(297, 2, NULL, 2, '2023-09-11 10:52:38', NULL, NULL, NULL),
(298, 2, NULL, 2, '2023-09-11 11:45:37', NULL, NULL, NULL),
(299, 2, NULL, 2, '2023-09-11 11:46:21', NULL, NULL, NULL),
(300, 2, NULL, 2, '2023-09-11 11:47:43', NULL, NULL, NULL),
(301, 2, NULL, 2, '2023-09-11 11:49:04', NULL, NULL, NULL),
(302, 2, NULL, 2, '2023-09-11 11:49:41', NULL, NULL, NULL),
(303, 2, NULL, 2, '2023-09-11 11:50:01', NULL, NULL, NULL),
(304, 2, NULL, 2, '2023-09-11 11:52:37', NULL, NULL, NULL),
(305, 2, NULL, 2, '2023-09-11 11:52:47', NULL, NULL, NULL),
(306, 2, NULL, 1, '2023-09-11 11:55:41', NULL, NULL, NULL),
(307, 2, NULL, 1, '2023-09-11 12:00:51', NULL, NULL, NULL),
(308, 3, NULL, 1, '2023-09-12 06:18:33', NULL, NULL, NULL),
(309, 3, NULL, 1, '2023-09-12 06:20:16', NULL, NULL, NULL),
(310, 3, NULL, 1, '2023-09-12 07:04:42', NULL, NULL, NULL),
(311, 3, NULL, 1, '2023-09-12 07:05:34', NULL, NULL, NULL),
(312, 3, NULL, 1, '2023-09-12 07:06:29', NULL, NULL, NULL),
(313, 3, NULL, 1, '2023-09-12 07:08:40', NULL, NULL, NULL),
(314, 3, NULL, 2, '2023-09-12 07:09:23', NULL, NULL, NULL),
(315, 3, NULL, 2, '2023-09-12 07:09:56', NULL, NULL, NULL),
(316, 3, NULL, 2, '2023-09-12 07:11:21', NULL, NULL, NULL),
(317, 3, NULL, 1, '2023-09-12 07:11:42', NULL, NULL, NULL),
(318, 3, NULL, 1, '2023-09-12 07:14:57', NULL, NULL, NULL),
(319, 3, NULL, 1, '2023-09-12 07:54:10', NULL, NULL, NULL),
(320, 3, NULL, 1, '2023-09-12 07:55:02', NULL, NULL, NULL),
(321, 3, NULL, 1, '2023-09-12 07:56:32', NULL, NULL, NULL),
(322, 3, NULL, 1, '2023-09-12 07:57:11', NULL, NULL, NULL),
(323, 3, NULL, 1, '2023-09-12 07:57:52', NULL, NULL, NULL),
(324, 3, NULL, 1, '2023-09-12 07:58:39', NULL, NULL, NULL),
(325, 3, NULL, 1, '2023-09-12 07:59:48', NULL, NULL, NULL),
(326, 3, NULL, 1, '2023-09-12 08:01:31', NULL, NULL, NULL),
(327, 3, NULL, 1, '2023-09-12 08:02:07', NULL, NULL, NULL),
(328, 3, NULL, 1, '2023-09-12 08:02:45', NULL, NULL, NULL),
(329, 3, NULL, 1, '2023-09-12 08:04:22', NULL, NULL, NULL),
(330, 3, NULL, 1, '2023-09-12 08:04:33', NULL, NULL, NULL),
(331, 3, NULL, 1, '2023-09-12 08:06:10', NULL, NULL, NULL),
(332, 3, NULL, 1, '2023-09-12 08:08:28', NULL, NULL, NULL),
(333, 3, NULL, 1, '2023-09-12 08:13:40', NULL, NULL, NULL),
(334, 3, NULL, 1, '2023-09-12 08:50:22', NULL, NULL, NULL),
(335, 3, NULL, 1, '2023-09-12 08:50:30', NULL, NULL, NULL),
(336, 3, NULL, 1, '2023-09-12 08:51:27', NULL, NULL, NULL),
(337, 3, NULL, 1, '2023-09-12 08:53:39', NULL, NULL, NULL),
(338, 3, NULL, 1, '2023-09-12 08:53:53', NULL, NULL, NULL),
(339, 3, NULL, 1, '2023-09-12 08:54:48', NULL, NULL, NULL),
(340, 3, NULL, 1, '2023-09-12 08:55:44', NULL, NULL, NULL),
(341, 3, NULL, 1, '2023-09-12 08:58:47', NULL, NULL, NULL),
(342, 3, NULL, 1, '2023-09-12 08:59:33', NULL, NULL, NULL),
(343, 3, NULL, 1, '2023-09-12 09:00:22', NULL, NULL, NULL),
(344, 3, NULL, 1, '2023-09-12 09:01:34', NULL, NULL, NULL),
(345, 3, NULL, 1, '2023-09-12 09:44:36', NULL, NULL, NULL),
(346, 3, NULL, 1, '2023-09-12 09:44:56', NULL, NULL, NULL),
(347, 3, NULL, 1, '2023-09-12 09:45:20', NULL, NULL, NULL),
(348, 3, NULL, 1, '2023-09-12 09:45:45', NULL, NULL, NULL),
(349, 3, NULL, 1, '2023-09-12 09:46:24', NULL, NULL, NULL),
(350, 3, NULL, 1, '2023-09-12 09:47:36', NULL, NULL, NULL),
(351, 3, NULL, 1, '2023-09-12 09:48:20', NULL, NULL, NULL),
(352, 3, NULL, 1, '2023-09-12 09:48:41', NULL, NULL, NULL),
(353, 3, NULL, 1, '2023-09-12 09:49:08', NULL, NULL, NULL),
(354, 3, NULL, 1, '2023-09-12 09:49:40', NULL, NULL, NULL),
(355, 3, NULL, 1, '2023-09-12 09:50:41', NULL, NULL, NULL),
(356, 3, NULL, 1, '2023-09-12 09:52:24', NULL, NULL, NULL),
(357, 3, NULL, 1, '2023-09-12 09:52:33', NULL, NULL, NULL),
(358, 3, NULL, 1, '2023-09-12 09:53:23', NULL, NULL, NULL),
(359, 3, NULL, 1, '2023-09-12 09:54:13', NULL, NULL, NULL),
(360, 3, NULL, 1, '2023-09-12 09:55:46', NULL, NULL, NULL),
(361, 3, NULL, 1, '2023-09-12 10:43:40', NULL, NULL, NULL),
(362, 3, NULL, 1, '2023-09-12 10:44:44', NULL, NULL, NULL),
(363, 3, NULL, 1, '2023-09-12 10:44:57', NULL, NULL, NULL),
(364, 3, NULL, 1, '2023-09-12 10:45:28', NULL, NULL, NULL),
(365, 3, NULL, 1, '2023-09-12 10:46:33', NULL, NULL, NULL),
(366, 3, NULL, 1, '2023-09-12 10:48:10', NULL, NULL, NULL),
(367, 3, NULL, 1, '2023-09-12 10:48:23', NULL, NULL, NULL),
(368, 3, NULL, 1, '2023-09-12 10:49:04', NULL, NULL, NULL),
(369, 3, NULL, 1, '2023-09-12 10:50:19', NULL, NULL, NULL),
(370, 3, NULL, 1, '2023-09-12 10:50:49', NULL, NULL, NULL),
(371, 3, NULL, 1, '2023-09-12 10:51:17', NULL, NULL, NULL),
(372, 3, NULL, 1, '2023-09-12 10:52:54', NULL, NULL, NULL),
(373, 3, NULL, 1, '2023-09-12 10:54:02', NULL, NULL, NULL),
(374, 3, NULL, 1, '2023-09-12 10:54:08', NULL, NULL, NULL),
(375, 3, NULL, 1, '2023-09-12 10:55:16', NULL, NULL, NULL),
(376, 3, NULL, 1, '2023-09-12 11:07:36', NULL, NULL, NULL),
(377, 3, NULL, 1, '2023-09-12 11:39:24', NULL, NULL, NULL),
(378, 3, NULL, 1, '2023-09-12 11:41:03', NULL, NULL, NULL),
(379, 3, NULL, 1, '2023-09-12 11:41:54', NULL, NULL, NULL),
(380, 3, NULL, 1, '2023-09-12 11:43:13', NULL, NULL, NULL),
(381, 3, NULL, 1, '2023-09-12 11:43:15', NULL, NULL, NULL),
(382, 3, NULL, 1, '2023-09-12 11:44:53', NULL, NULL, NULL),
(383, 3, NULL, 1, '2023-09-12 11:46:09', NULL, NULL, NULL),
(384, 3, NULL, 2, '2023-09-12 11:50:57', NULL, NULL, NULL),
(385, 2, NULL, 1, '2023-09-12 11:55:17', NULL, NULL, NULL),
(386, 2, NULL, 1, '2023-09-13 05:10:48', NULL, NULL, NULL),
(387, 2, NULL, 1, '2023-09-13 05:11:04', NULL, NULL, NULL),
(388, 2, NULL, 2, '2023-09-13 06:16:18', NULL, NULL, NULL),
(389, 2, NULL, 2, '2023-09-13 06:17:06', NULL, NULL, NULL),
(390, 2, NULL, 2, '2023-09-13 06:17:35', NULL, NULL, NULL),
(391, 2, NULL, 2, '2023-09-13 06:18:24', NULL, NULL, NULL),
(392, 2, NULL, 1, '2023-09-13 06:19:07', NULL, NULL, NULL),
(393, 2, NULL, 1, '2023-09-13 06:19:28', NULL, NULL, NULL),
(394, 2, NULL, 1, '2023-09-13 07:02:43', NULL, NULL, NULL),
(395, 2, NULL, 1, '2023-09-13 07:04:17', NULL, NULL, NULL),
(396, 2, NULL, 1, '2023-09-13 07:04:58', NULL, NULL, NULL),
(397, 2, NULL, 1, '2023-09-13 07:05:57', NULL, NULL, NULL),
(398, 2, NULL, 1, '2023-09-13 07:06:18', NULL, NULL, NULL),
(399, 2, NULL, 1, '2023-09-13 07:06:54', NULL, NULL, NULL),
(400, 2, NULL, 1, '2023-09-13 07:07:49', NULL, NULL, NULL),
(401, 2, NULL, 1, '2023-09-13 07:08:42', NULL, NULL, NULL),
(402, 2, NULL, 1, '2023-09-13 07:09:23', NULL, NULL, NULL),
(403, 2, NULL, 1, '2023-09-13 07:09:38', NULL, NULL, NULL),
(404, 2, NULL, 1, '2023-09-13 07:10:42', NULL, NULL, NULL),
(405, 2, NULL, 1, '2023-09-13 07:50:58', NULL, NULL, NULL),
(406, 2, NULL, 1, '2023-09-13 07:54:48', NULL, NULL, NULL),
(407, 2, NULL, 1, '2023-09-13 07:55:31', NULL, NULL, NULL),
(408, 2, NULL, 1, '2023-09-13 07:55:57', NULL, NULL, NULL),
(409, 2, NULL, 1, '2023-09-13 07:56:21', NULL, NULL, NULL),
(410, 2, NULL, 1, '2023-09-13 07:56:58', NULL, NULL, NULL),
(411, 2, NULL, 1, '2023-09-13 07:57:27', NULL, NULL, NULL),
(412, 2, NULL, 1, '2023-09-13 07:59:09', NULL, NULL, NULL),
(413, 2, NULL, 1, '2023-09-13 08:00:21', NULL, NULL, NULL),
(414, 2, NULL, 1, '2023-09-13 08:01:36', NULL, NULL, NULL),
(415, 2, NULL, 1, '2023-09-13 08:02:02', NULL, NULL, NULL),
(416, 2, NULL, 1, '2023-09-13 08:02:46', NULL, NULL, NULL),
(417, 2, NULL, 1, '2023-09-13 08:37:44', NULL, NULL, NULL),
(418, 2, NULL, 1, '2023-09-13 08:49:13', NULL, NULL, NULL),
(419, 2, NULL, 1, '2023-09-13 08:49:16', NULL, NULL, NULL),
(420, 2, NULL, 1, '2023-09-13 08:50:09', NULL, NULL, NULL),
(421, 2, NULL, 1, '2023-09-13 08:50:25', NULL, NULL, NULL),
(422, 2, NULL, 1, '2023-09-13 08:51:51', NULL, NULL, NULL),
(423, 2, NULL, 1, '2023-09-13 08:52:19', NULL, NULL, NULL),
(424, 2, NULL, 1, '2023-09-13 08:52:41', NULL, NULL, NULL),
(425, 2, NULL, 1, '2023-09-13 08:53:03', NULL, NULL, NULL),
(426, 2, NULL, 1, '2023-09-13 08:54:19', NULL, NULL, NULL),
(427, 2, NULL, 1, '2023-09-13 08:55:31', NULL, NULL, NULL),
(428, 2, NULL, 1, '2023-09-13 08:56:24', NULL, NULL, NULL),
(429, 2, NULL, 1, '2023-09-13 08:57:25', NULL, NULL, NULL),
(430, 2, NULL, 1, '2023-09-13 08:58:17', NULL, NULL, NULL),
(431, 2, NULL, 1, '2023-09-13 08:59:23', NULL, NULL, NULL),
(432, 2, NULL, 1, '2023-09-13 08:59:25', NULL, NULL, NULL),
(433, 2, NULL, 1, '2023-09-13 09:00:12', NULL, NULL, NULL),
(434, 2, NULL, 1, '2023-09-13 09:01:04', NULL, NULL, NULL),
(435, 2, NULL, 1, '2023-09-13 09:02:09', NULL, NULL, NULL),
(436, 2, NULL, 1, '2023-09-13 09:02:57', NULL, NULL, NULL),
(437, 2, NULL, 1, '2023-09-13 09:05:08', NULL, NULL, NULL),
(438, 2, NULL, 1, '2023-09-13 09:09:50', NULL, NULL, NULL),
(439, 2, NULL, 1, '2023-09-13 09:44:43', NULL, NULL, NULL),
(440, 2, NULL, 1, '2023-09-13 09:45:41', NULL, NULL, NULL),
(441, 2, NULL, 1, '2023-09-13 09:46:37', NULL, NULL, NULL),
(442, 2, NULL, 1, '2023-09-13 09:48:12', NULL, NULL, NULL),
(443, 2, NULL, 1, '2023-09-13 09:48:30', NULL, NULL, NULL),
(444, 2, NULL, 1, '2023-09-13 09:48:57', NULL, NULL, NULL),
(445, 2, NULL, 1, '2023-09-13 09:49:17', NULL, NULL, NULL),
(446, 2, NULL, 1, '2023-09-13 09:50:42', NULL, NULL, NULL),
(447, 2, NULL, 1, '2023-09-13 09:50:44', NULL, NULL, NULL),
(448, 2, NULL, 1, '2023-09-13 09:52:02', NULL, NULL, NULL),
(449, 2, NULL, 1, '2023-09-13 09:52:05', NULL, NULL, NULL),
(450, 2, NULL, 1, '2023-09-13 09:54:31', NULL, NULL, NULL),
(451, 2, NULL, 1, '2023-09-13 09:59:16', NULL, NULL, NULL),
(452, 2, NULL, 1, '2023-09-13 09:59:34', NULL, NULL, NULL),
(453, 2, NULL, 1, '2023-09-13 10:44:17', NULL, NULL, NULL),
(454, 2, NULL, 1, '2023-09-13 10:45:13', NULL, NULL, NULL),
(455, 2, NULL, 1, '2023-09-13 10:46:07', NULL, NULL, NULL),
(456, 2, NULL, 1, '2023-09-13 10:46:16', NULL, NULL, NULL),
(457, 2, NULL, 1, '2023-09-13 10:47:00', NULL, NULL, NULL),
(458, 2, NULL, 1, '2023-09-13 10:47:29', NULL, NULL, NULL),
(459, 2, NULL, 1, '2023-09-13 10:48:00', NULL, NULL, NULL),
(460, 2, NULL, 1, '2023-09-13 10:48:16', NULL, NULL, NULL),
(461, 2, NULL, 1, '2023-09-13 10:48:36', NULL, NULL, NULL),
(462, 2, NULL, 1, '2023-09-13 10:48:54', NULL, NULL, NULL),
(463, 2, NULL, 1, '2023-09-13 10:49:48', NULL, NULL, NULL),
(464, 2, NULL, 2, '2023-09-13 11:33:42', NULL, NULL, NULL),
(465, 2, NULL, 2, '2023-09-13 11:38:58', NULL, NULL, NULL),
(466, 2, NULL, 2, '2023-09-13 11:39:21', NULL, NULL, NULL),
(467, 2, NULL, 2, '2023-09-13 11:39:40', NULL, NULL, NULL),
(468, 2, NULL, 2, '2023-09-13 11:41:13', NULL, NULL, NULL),
(469, 2, NULL, 2, '2023-09-13 11:41:15', NULL, NULL, NULL),
(470, 2, NULL, 2, '2023-09-13 11:41:43', NULL, NULL, NULL),
(471, 2, NULL, 2, '2023-09-13 11:42:30', NULL, NULL, NULL),
(472, 2, NULL, 2, '2023-09-13 11:43:18', NULL, NULL, NULL),
(473, 2, NULL, 2, '2023-09-13 11:44:04', NULL, NULL, NULL),
(474, 2, NULL, 2, '2023-09-13 11:45:13', NULL, NULL, NULL),
(475, 2, NULL, 2, '2023-09-13 11:45:42', NULL, NULL, NULL),
(476, 2, NULL, 2, '2023-09-13 11:46:15', NULL, NULL, NULL),
(477, 2, NULL, 2, '2023-09-13 11:46:18', NULL, NULL, NULL),
(478, 2, NULL, 2, '2023-09-13 11:48:58', NULL, NULL, NULL),
(479, 3, NULL, 1, '2023-09-14 06:15:52', NULL, NULL, NULL),
(480, 3, NULL, 1, '2023-09-14 06:17:13', NULL, NULL, NULL),
(481, 3, NULL, 1, '2023-09-14 06:17:41', NULL, NULL, NULL),
(482, 3, NULL, 1, '2023-09-14 06:18:57', NULL, NULL, NULL),
(483, 3, NULL, 1, '2023-09-14 07:05:24', NULL, NULL, NULL),
(484, 3, NULL, 1, '2023-09-14 07:06:08', NULL, NULL, NULL),
(485, 3, NULL, 1, '2023-09-14 07:07:08', NULL, NULL, NULL),
(486, 3, NULL, 1, '2023-09-14 07:09:25', NULL, NULL, NULL),
(487, 3, NULL, 1, '2023-09-14 07:10:46', NULL, NULL, NULL),
(488, 3, NULL, 1, '2023-09-14 07:13:41', NULL, NULL, NULL),
(489, 3, NULL, 1, '2023-09-14 07:53:24', NULL, NULL, NULL),
(490, 3, NULL, 1, '2023-09-14 07:53:58', NULL, NULL, NULL),
(491, 3, NULL, 1, '2023-09-14 07:54:20', NULL, NULL, NULL),
(492, 3, NULL, 1, '2023-09-14 07:55:27', NULL, NULL, NULL),
(493, 3, NULL, 1, '2023-09-14 07:56:19', NULL, NULL, NULL),
(494, 3, NULL, 1, '2023-09-14 07:56:38', NULL, NULL, NULL),
(495, 3, NULL, 1, '2023-09-14 07:56:59', NULL, NULL, NULL),
(496, 3, NULL, 1, '2023-09-14 07:57:46', NULL, NULL, NULL),
(497, 3, NULL, 1, '2023-09-14 07:58:16', NULL, NULL, NULL),
(498, 3, NULL, 1, '2023-09-14 07:58:55', NULL, NULL, NULL),
(499, 3, NULL, 1, '2023-09-14 08:00:43', NULL, NULL, NULL),
(500, 3, NULL, 1, '2023-09-14 08:03:40', NULL, NULL, NULL),
(501, 3, NULL, 1, '2023-09-14 08:46:42', NULL, NULL, NULL),
(502, 3, NULL, 1, '2023-09-14 08:47:07', NULL, NULL, NULL),
(503, 3, NULL, 1, '2023-09-14 08:48:27', NULL, NULL, NULL),
(504, 3, NULL, 1, '2023-09-14 08:49:20', NULL, NULL, NULL),
(505, 3, NULL, 1, '2023-09-14 08:50:44', NULL, NULL, NULL),
(506, 3, NULL, 1, '2023-09-14 08:51:17', NULL, NULL, NULL),
(507, 3, NULL, 1, '2023-09-14 08:52:10', NULL, NULL, NULL),
(508, 3, NULL, 1, '2023-09-14 08:53:14', NULL, NULL, NULL),
(509, 3, NULL, 1, '2023-09-14 08:54:00', NULL, NULL, NULL),
(510, 3, NULL, 1, '2023-09-14 08:55:58', NULL, NULL, NULL),
(511, 3, NULL, 1, '2023-09-14 08:56:21', NULL, NULL, NULL),
(512, 3, NULL, 1, '2023-09-14 08:57:12', NULL, NULL, NULL),
(513, 3, NULL, 1, '2023-09-14 08:58:04', NULL, NULL, NULL),
(514, 3, NULL, 1, '2023-09-14 09:00:29', NULL, NULL, NULL),
(515, 3, NULL, 1, '2023-09-14 09:01:01', NULL, NULL, NULL),
(516, 3, NULL, 1, '2023-09-14 09:05:59', NULL, NULL, NULL),
(517, 3, NULL, 1, '2023-09-14 09:11:24', NULL, NULL, NULL),
(518, 3, NULL, 1, '2023-09-14 09:14:11', NULL, NULL, NULL),
(519, 3, NULL, 1, '2023-09-14 09:45:18', NULL, NULL, NULL),
(520, 3, NULL, 1, '2023-09-14 09:45:47', NULL, NULL, NULL),
(521, 3, NULL, 1, '2023-09-14 09:46:26', NULL, NULL, NULL),
(522, 3, NULL, 1, '2023-09-14 09:46:50', NULL, NULL, NULL),
(523, 3, NULL, 1, '2023-09-14 09:47:36', NULL, NULL, NULL),
(524, 3, NULL, 1, '2023-09-14 09:48:28', NULL, NULL, NULL),
(525, 3, NULL, 1, '2023-09-14 09:48:57', NULL, NULL, NULL),
(526, 3, NULL, 1, '2023-09-14 09:49:48', NULL, NULL, NULL),
(527, 3, NULL, 1, '2023-09-14 09:50:58', NULL, NULL, NULL),
(528, 3, NULL, 1, '2023-09-14 09:51:03', NULL, NULL, NULL),
(529, 3, NULL, 1, '2023-09-14 09:51:47', NULL, NULL, NULL),
(530, 3, NULL, 1, '2023-09-14 09:52:23', NULL, NULL, NULL),
(531, 3, NULL, 1, '2023-09-14 09:53:42', NULL, NULL, NULL),
(532, 3, NULL, 1, '2023-09-14 10:45:36', NULL, NULL, NULL),
(533, 3, NULL, 1, '2023-09-14 10:46:12', NULL, NULL, NULL),
(534, 3, NULL, 1, '2023-09-14 10:46:37', NULL, NULL, NULL),
(535, 3, NULL, 1, '2023-09-14 10:47:10', NULL, NULL, NULL),
(536, 3, NULL, 1, '2023-09-14 10:47:34', NULL, NULL, NULL),
(537, 3, NULL, 1, '2023-09-14 10:48:27', NULL, NULL, NULL),
(538, 3, NULL, 1, '2023-09-14 10:49:11', NULL, NULL, NULL),
(539, 3, NULL, 1, '2023-09-14 10:50:29', NULL, NULL, NULL),
(540, 3, NULL, 1, '2023-09-14 10:50:52', NULL, NULL, NULL),
(541, 3, NULL, 1, '2023-09-14 10:51:22', NULL, NULL, NULL),
(542, 3, NULL, 1, '2023-09-14 10:53:44', NULL, NULL, NULL),
(543, 3, NULL, 1, '2023-09-14 10:54:19', NULL, NULL, NULL),
(544, 3, NULL, 1, '2023-09-14 10:58:03', NULL, NULL, NULL),
(545, 3, NULL, 1, '2023-09-14 11:00:42', NULL, NULL, NULL),
(546, 3, NULL, 1, '2023-09-14 11:15:03', NULL, NULL, NULL),
(547, 3, NULL, 1, '2023-09-14 11:16:27', NULL, NULL, NULL),
(548, 3, NULL, 1, '2023-09-14 11:41:11', NULL, NULL, NULL),
(549, 3, NULL, 1, '2023-09-14 11:41:44', NULL, NULL, NULL),
(550, 3, NULL, 1, '2023-09-14 11:43:25', NULL, NULL, NULL),
(551, 3, NULL, 1, '2023-09-14 11:43:58', NULL, NULL, NULL),
(552, 3, NULL, 1, '2023-09-14 11:44:42', NULL, NULL, NULL),
(553, 3, NULL, 1, '2023-09-14 11:45:49', NULL, NULL, NULL),
(554, 3, NULL, 1, '2023-09-14 11:46:01', NULL, NULL, NULL),
(555, 3, NULL, 1, '2023-09-14 11:51:48', NULL, NULL, NULL),
(556, 3, NULL, 1, '2023-09-14 11:51:57', NULL, NULL, NULL),
(557, 3, NULL, 1, '2023-09-14 11:52:02', NULL, NULL, NULL),
(558, 2, NULL, 1, '2023-09-15 05:24:59', NULL, NULL, NULL),
(559, 2, NULL, 1, '2023-09-15 06:16:45', NULL, NULL, NULL),
(560, 2, NULL, 1, '2023-09-15 06:18:36', NULL, NULL, NULL),
(561, 2, NULL, 1, '2023-09-15 06:18:58', NULL, NULL, NULL),
(562, 2, NULL, 1, '2023-09-15 06:20:01', NULL, NULL, NULL),
(563, 2, NULL, 1, '2023-09-15 06:20:24', NULL, NULL, NULL),
(564, 2, NULL, 1, '2023-09-15 06:22:47', NULL, NULL, NULL),
(565, 2, NULL, 1, '2023-09-15 06:25:52', NULL, NULL, NULL),
(566, 2, NULL, 1, '2023-09-15 07:05:07', NULL, NULL, NULL),
(567, 2, NULL, 1, '2023-09-15 07:06:29', NULL, NULL, NULL),
(568, 2, NULL, 1, '2023-09-15 07:08:01', NULL, NULL, NULL),
(569, 2, NULL, 1, '2023-09-15 07:08:46', NULL, NULL, NULL),
(570, 2, NULL, 1, '2023-09-15 07:09:36', NULL, NULL, NULL),
(571, 2, NULL, 1, '2023-09-15 07:10:56', NULL, NULL, NULL),
(572, 2, NULL, 1, '2023-09-15 07:11:06', NULL, NULL, NULL),
(573, 2, NULL, 1, '2023-09-15 07:11:41', NULL, NULL, NULL),
(574, 2, NULL, 1, '2023-09-15 07:16:04', NULL, NULL, NULL),
(575, 2, NULL, 1, '2023-09-15 07:16:12', NULL, NULL, NULL),
(576, 2, NULL, 1, '2023-09-15 07:21:03', NULL, NULL, NULL),
(577, 2, NULL, 1, '2023-09-15 07:54:48', NULL, NULL, NULL),
(578, 2, NULL, 1, '2023-09-15 07:56:24', NULL, NULL, NULL),
(579, 2, NULL, 1, '2023-09-15 07:56:53', NULL, NULL, NULL),
(580, 2, NULL, 1, '2023-09-15 07:57:19', NULL, NULL, NULL),
(581, 2, NULL, 1, '2023-09-15 08:02:09', NULL, NULL, NULL),
(582, 2, NULL, 1, '2023-09-15 08:03:34', NULL, NULL, NULL),
(583, 2, NULL, 1, '2023-09-15 08:04:31', NULL, NULL, NULL),
(584, 2, NULL, 1, '2023-09-15 08:04:54', NULL, NULL, NULL),
(585, 2, NULL, 1, '2023-09-15 08:06:47', NULL, NULL, NULL),
(586, 2, NULL, 1, '2023-09-15 08:48:42', NULL, NULL, NULL),
(587, 2, NULL, 1, '2023-09-15 08:50:12', NULL, NULL, NULL),
(588, 2, NULL, 1, '2023-09-15 08:52:51', NULL, NULL, NULL),
(589, 2, NULL, 1, '2023-09-15 08:53:12', NULL, NULL, NULL),
(590, 2, NULL, 1, '2023-09-15 08:53:38', NULL, NULL, NULL),
(591, 2, NULL, 1, '2023-09-15 08:54:27', NULL, NULL, NULL),
(592, 2, NULL, 1, '2023-09-15 08:55:06', NULL, NULL, NULL),
(593, 2, NULL, 1, '2023-09-15 08:55:29', NULL, NULL, NULL),
(594, 2, NULL, 1, '2023-09-15 08:56:19', NULL, NULL, NULL),
(595, 2, NULL, 1, '2023-09-15 08:57:09', NULL, NULL, NULL),
(596, 2, NULL, 1, '2023-09-15 08:57:16', NULL, NULL, NULL),
(597, 2, NULL, 1, '2023-09-15 08:59:46', NULL, NULL, NULL),
(598, 2, NULL, 1, '2023-09-15 08:59:48', NULL, NULL, NULL),
(599, 2, NULL, 1, '2023-09-15 09:00:56', NULL, NULL, NULL),
(600, 2, NULL, 1, '2023-09-15 09:01:37', NULL, NULL, NULL),
(601, 2, NULL, 1, '2023-09-15 09:01:59', NULL, NULL, NULL),
(602, 2, NULL, 1, '2023-09-15 09:02:32', NULL, NULL, NULL),
(603, 2, NULL, 1, '2023-09-15 09:44:48', NULL, NULL, NULL),
(604, 2, NULL, 1, '2023-09-15 09:45:23', NULL, NULL, NULL),
(605, 2, NULL, 1, '2023-09-15 09:46:32', NULL, NULL, NULL),
(606, 2, NULL, 1, '2023-09-15 09:47:08', NULL, NULL, NULL),
(607, 2, NULL, 1, '2023-09-15 09:48:03', NULL, NULL, NULL),
(608, 2, NULL, 1, '2023-09-15 09:48:51', NULL, NULL, NULL),
(609, 2, NULL, 1, '2023-09-15 09:49:28', NULL, NULL, NULL),
(610, 2, NULL, 1, '2023-09-15 09:49:44', NULL, NULL, NULL),
(611, 2, NULL, 1, '2023-09-15 09:51:07', NULL, NULL, NULL),
(612, 2, NULL, 1, '2023-09-15 09:51:49', NULL, NULL, NULL),
(613, 2, NULL, 1, '2023-09-15 09:52:41', NULL, NULL, NULL),
(614, 2, NULL, 1, '2023-09-15 09:53:16', NULL, NULL, NULL),
(615, 2, NULL, 1, '2023-09-15 09:54:31', NULL, NULL, NULL),
(616, 2, NULL, 1, '2023-09-15 09:54:58', NULL, NULL, NULL),
(617, 2, NULL, 1, '2023-09-15 10:00:45', NULL, NULL, NULL),
(618, 3, NULL, 1, '2023-09-18 06:47:30', NULL, NULL, NULL),
(619, 3, NULL, 1, '2023-09-18 07:05:14', NULL, NULL, NULL),
(620, 3, NULL, 1, '2023-09-18 07:06:52', NULL, NULL, NULL),
(621, 3, NULL, 1, '2023-09-18 07:08:12', NULL, NULL, NULL),
(622, 3, NULL, 1, '2023-09-18 07:08:21', NULL, NULL, NULL),
(623, 3, NULL, 1, '2023-09-18 07:08:48', NULL, NULL, NULL),
(624, 3, NULL, 1, '2023-09-18 07:09:15', NULL, NULL, NULL),
(625, 3, NULL, 1, '2023-09-18 07:09:56', NULL, NULL, NULL),
(626, 3, NULL, 1, '2023-09-18 07:11:21', NULL, NULL, NULL),
(627, 3, NULL, 1, '2023-09-18 07:11:57', NULL, NULL, NULL),
(628, 3, NULL, 1, '2023-09-18 07:13:00', NULL, NULL, NULL),
(629, 3, NULL, 1, '2023-09-18 07:13:39', NULL, NULL, NULL),
(630, 3, NULL, 1, '2023-09-18 07:14:44', NULL, NULL, NULL),
(631, 3, NULL, 1, '2023-09-18 07:14:58', NULL, NULL, NULL),
(632, 3, NULL, 1, '2023-09-18 07:15:38', NULL, NULL, NULL),
(633, 3, NULL, 1, '2023-09-18 07:18:45', NULL, NULL, NULL),
(634, 3, NULL, 1, '2023-09-18 07:55:25', NULL, NULL, NULL),
(635, 3, NULL, 1, '2023-09-18 07:56:09', NULL, NULL, NULL),
(636, 3, NULL, 1, '2023-09-18 07:56:28', NULL, NULL, NULL),
(637, 3, NULL, 1, '2023-09-18 07:57:06', NULL, NULL, NULL),
(638, 3, NULL, 1, '2023-09-18 07:57:25', NULL, NULL, NULL),
(639, 3, NULL, 1, '2023-09-18 07:58:07', NULL, NULL, NULL),
(640, 3, NULL, 1, '2023-09-18 07:58:35', NULL, NULL, NULL),
(641, 3, NULL, 1, '2023-09-18 07:59:45', NULL, NULL, NULL),
(642, 3, NULL, 1, '2023-09-18 08:00:14', NULL, NULL, NULL),
(643, 3, NULL, 1, '2023-09-18 08:00:33', NULL, NULL, NULL),
(644, 3, NULL, 1, '2023-09-18 08:01:43', NULL, NULL, NULL),
(645, 3, NULL, 1, '2023-09-18 08:02:32', NULL, NULL, NULL),
(646, 3, NULL, 1, '2023-09-18 08:03:19', NULL, NULL, NULL),
(647, 3, NULL, 1, '2023-09-18 08:03:47', NULL, NULL, NULL),
(648, 3, NULL, 1, '2023-09-18 08:07:46', NULL, NULL, NULL),
(649, 3, NULL, 1, '2023-09-18 08:51:59', NULL, NULL, NULL),
(650, 3, NULL, 1, '2023-09-18 08:52:01', NULL, NULL, NULL),
(651, 3, NULL, 1, '2023-09-18 08:52:33', NULL, NULL, NULL),
(652, 3, NULL, 1, '2023-09-18 08:53:09', NULL, NULL, NULL),
(653, 3, NULL, 1, '2023-09-18 08:53:35', NULL, NULL, NULL),
(654, 3, NULL, 1, '2023-09-18 08:54:49', NULL, NULL, NULL),
(655, 3, NULL, 1, '2023-09-18 08:54:55', NULL, NULL, NULL),
(656, 3, NULL, 1, '2023-09-18 08:55:59', NULL, NULL, NULL),
(657, 3, NULL, 1, '2023-09-18 08:56:14', NULL, NULL, NULL),
(658, 3, NULL, 1, '2023-09-18 08:56:44', NULL, NULL, NULL),
(659, 3, NULL, 1, '2023-09-18 08:58:01', NULL, NULL, NULL),
(660, 3, NULL, 1, '2023-09-18 08:58:14', NULL, NULL, NULL),
(661, 3, NULL, 1, '2023-09-18 09:00:17', NULL, NULL, NULL),
(662, 3, NULL, 1, '2023-09-18 09:45:04', NULL, NULL, NULL),
(663, 3, NULL, 1, '2023-09-18 09:45:07', NULL, NULL, NULL),
(664, 3, NULL, 1, '2023-09-18 09:47:01', NULL, NULL, NULL),
(665, 3, NULL, 1, '2023-09-18 09:47:04', NULL, NULL, NULL),
(666, 3, NULL, 1, '2023-09-18 09:47:35', NULL, NULL, NULL),
(667, 3, NULL, 1, '2023-09-18 09:48:27', NULL, NULL, NULL),
(668, 3, NULL, 1, '2023-09-18 09:48:40', NULL, NULL, NULL),
(669, 3, NULL, 1, '2023-09-18 09:49:07', NULL, NULL, NULL),
(670, 3, NULL, 1, '2023-09-18 09:49:31', NULL, NULL, NULL),
(671, 3, NULL, 1, '2023-09-18 09:50:04', NULL, NULL, NULL),
(672, 3, NULL, 1, '2023-09-18 09:50:28', NULL, NULL, NULL),
(673, 3, NULL, 1, '2023-09-18 09:51:34', NULL, NULL, NULL),
(674, 3, NULL, 1, '2023-09-18 09:52:13', NULL, NULL, NULL),
(675, 3, NULL, 1, '2023-09-18 09:52:49', NULL, NULL, NULL),
(676, 3, NULL, 1, '2023-09-18 09:54:15', NULL, NULL, NULL),
(677, 3, NULL, 1, '2023-09-18 09:57:16', NULL, NULL, NULL),
(678, 3, NULL, 1, '2023-09-18 09:57:20', NULL, NULL, NULL),
(679, 3, NULL, 1, '2023-09-18 09:58:45', NULL, NULL, NULL),
(680, 3, NULL, 1, '2023-09-18 09:59:47', NULL, NULL, NULL),
(681, 3, NULL, 1, '2023-09-18 10:46:45', NULL, NULL, NULL),
(682, 3, NULL, 1, '2023-09-18 10:48:33', NULL, NULL, NULL),
(683, 3, NULL, 1, '2023-09-18 10:48:35', NULL, NULL, NULL),
(684, 3, NULL, 1, '2023-09-18 10:49:02', NULL, NULL, NULL),
(685, 3, NULL, 1, '2023-09-18 10:49:26', NULL, NULL, NULL),
(686, 3, NULL, 1, '2023-09-18 10:49:51', NULL, NULL, NULL),
(687, 3, NULL, 1, '2023-09-18 10:50:42', NULL, NULL, NULL),
(688, 3, NULL, 1, '2023-09-18 10:51:49', NULL, NULL, NULL),
(689, 3, NULL, 1, '2023-09-18 10:52:08', NULL, NULL, NULL),
(690, 3, NULL, 1, '2023-09-18 10:53:13', NULL, NULL, NULL),
(691, 3, NULL, 1, '2023-09-18 11:36:05', NULL, NULL, NULL),
(692, 3, NULL, 1, '2023-09-18 11:37:43', NULL, NULL, NULL),
(693, 3, NULL, 1, '2023-09-18 11:39:32', NULL, NULL, NULL),
(694, 3, NULL, 1, '2023-09-18 11:41:34', NULL, NULL, NULL),
(695, 3, NULL, 1, '2023-09-18 11:45:13', NULL, NULL, NULL),
(696, 3, NULL, 1, '2023-09-18 11:45:23', NULL, NULL, NULL),
(697, 3, NULL, 1, '2023-09-18 11:48:23', NULL, NULL, NULL),
(698, 2, NULL, 1, '2023-09-18 11:55:11', NULL, NULL, NULL),
(699, 2, NULL, 1, '2023-09-19 06:18:40', NULL, NULL, NULL),
(700, 2, NULL, 1, '2023-09-19 06:36:08', NULL, NULL, NULL),
(701, 2, NULL, 1, '2023-09-19 07:09:27', NULL, NULL, NULL),
(702, 2, NULL, 1, '2023-09-19 07:10:11', NULL, NULL, NULL),
(703, 2, NULL, 1, '2023-09-19 07:57:25', NULL, NULL, NULL),
(704, 2, NULL, 1, '2023-09-19 07:59:17', NULL, NULL, NULL),
(705, 2, NULL, 1, '2023-09-19 08:00:04', NULL, NULL, NULL),
(706, 2, NULL, 1, '2023-09-19 08:00:27', NULL, NULL, NULL),
(707, 2, NULL, 1, '2023-09-19 08:01:45', NULL, NULL, NULL),
(708, 2, NULL, 1, '2023-09-19 08:03:12', NULL, NULL, NULL),
(709, 2, NULL, 1, '2023-09-19 08:03:48', NULL, NULL, NULL),
(710, 2, NULL, 1, '2023-09-19 08:07:31', NULL, NULL, NULL),
(711, 2, NULL, 1, '2023-09-19 08:50:11', NULL, NULL, NULL),
(712, 2, NULL, 1, '2023-09-19 08:51:00', NULL, NULL, NULL),
(713, 2, NULL, 1, '2023-09-19 08:51:43', NULL, NULL, NULL),
(714, 2, NULL, 1, '2023-09-19 08:53:09', NULL, NULL, NULL),
(715, 2, NULL, 1, '2023-09-19 08:53:25', NULL, NULL, NULL),
(716, 2, NULL, 1, '2023-09-19 08:53:54', NULL, NULL, NULL),
(717, 2, NULL, 1, '2023-09-19 08:55:31', NULL, NULL, NULL),
(718, 2, NULL, 1, '2023-09-19 08:56:07', NULL, NULL, NULL),
(719, 2, NULL, 1, '2023-09-19 08:57:18', NULL, NULL, NULL),
(720, 2, NULL, 1, '2023-09-19 08:57:50', NULL, NULL, NULL),
(721, 2, NULL, 1, '2023-09-19 08:58:49', NULL, NULL, NULL),
(722, 2, NULL, 1, '2023-09-19 08:59:45', NULL, NULL, NULL),
(723, 2, NULL, 1, '2023-09-19 09:00:48', NULL, NULL, NULL),
(724, 2, NULL, 1, '2023-09-19 09:01:42', NULL, NULL, NULL),
(725, 2, NULL, 1, '2023-09-19 10:18:02', NULL, NULL, NULL),
(726, 2, NULL, 1, '2023-09-19 10:18:14', NULL, NULL, NULL),
(727, 2, NULL, 1, '2023-09-19 10:18:56', NULL, NULL, NULL),
(728, 2, NULL, 1, '2023-09-19 10:19:47', NULL, NULL, NULL),
(729, 2, NULL, 1, '2023-09-19 10:20:18', NULL, NULL, NULL),
(730, 2, NULL, 1, '2023-09-19 10:21:31', NULL, NULL, NULL),
(731, 2, NULL, 1, '2023-09-19 10:22:42', NULL, NULL, NULL),
(732, 2, NULL, 1, '2023-09-19 10:23:34', NULL, NULL, NULL),
(733, 2, NULL, 1, '2023-09-19 10:24:42', NULL, NULL, NULL),
(734, 2, NULL, 1, '2023-09-19 10:24:57', NULL, NULL, NULL),
(735, 2, NULL, 1, '2023-09-19 10:25:39', NULL, NULL, NULL),
(736, 2, NULL, 1, '2023-09-19 10:26:44', NULL, NULL, NULL),
(737, 2, NULL, 1, '2023-09-19 10:27:26', NULL, NULL, NULL),
(738, 2, NULL, 1, '2023-09-19 10:27:44', NULL, NULL, NULL),
(739, 2, NULL, 1, '2023-09-19 10:29:45', NULL, NULL, NULL),
(740, 2, NULL, 1, '2023-09-19 10:30:20', NULL, NULL, NULL),
(741, 2, NULL, 1, '2023-09-19 10:30:55', NULL, NULL, NULL),
(742, 2, NULL, 1, '2023-09-19 10:31:39', NULL, NULL, NULL),
(743, 2, NULL, 1, '2023-09-19 10:31:58', NULL, NULL, NULL),
(744, 2, NULL, 1, '2023-09-19 11:16:11', NULL, NULL, NULL),
(745, 2, NULL, 1, '2023-09-19 11:16:40', NULL, NULL, NULL),
(746, 2, NULL, 1, '2023-09-19 11:17:11', NULL, NULL, NULL),
(747, 2, NULL, 1, '2023-09-19 11:18:39', NULL, NULL, NULL),
(748, 2, NULL, 1, '2023-09-19 11:19:14', NULL, NULL, NULL),
(749, 2, NULL, 1, '2023-09-19 11:20:23', NULL, NULL, NULL),
(750, 2, NULL, 1, '2023-09-19 11:20:54', NULL, NULL, NULL),
(751, 2, NULL, 1, '2023-09-19 11:21:47', NULL, NULL, NULL),
(752, 2, NULL, 1, '2023-09-19 11:22:13', NULL, NULL, NULL),
(753, 2, NULL, 1, '2023-09-19 11:23:26', NULL, NULL, NULL),
(754, 2, NULL, 1, '2023-09-19 11:23:54', NULL, NULL, NULL),
(755, 2, NULL, 1, '2023-09-19 11:25:13', NULL, NULL, NULL),
(756, 2, NULL, 1, '2023-09-19 11:26:54', NULL, NULL, NULL),
(757, 3, NULL, 2, '2023-09-19 12:12:58', NULL, NULL, NULL),
(758, 3, NULL, 2, '2023-09-19 12:13:34', NULL, NULL, NULL),
(759, 3, NULL, 2, '2023-09-19 12:14:08', NULL, NULL, NULL),
(760, 3, NULL, 2, '2023-09-19 12:14:48', NULL, NULL, NULL),
(761, 3, NULL, 2, '2023-09-19 12:15:16', NULL, NULL, NULL),
(762, 3, NULL, 2, '2023-09-19 12:16:11', NULL, NULL, NULL),
(763, 3, NULL, 2, '2023-09-19 12:18:35', NULL, NULL, NULL),
(764, 3, NULL, 2, '2023-09-19 12:22:25', NULL, NULL, NULL),
(765, 3, NULL, 2, '2023-09-19 12:23:12', NULL, NULL, NULL),
(766, 3, NULL, 2, '2023-09-19 12:46:52', NULL, NULL, NULL),
(767, 2, NULL, 1, '2023-09-20 06:49:28', NULL, NULL, NULL),
(768, 2, NULL, 1, '2023-09-20 06:51:30', NULL, NULL, NULL),
(769, 2, NULL, 1, '2023-09-20 06:52:04', NULL, NULL, NULL),
(770, 2, NULL, 1, '2023-09-20 06:55:01', NULL, NULL, NULL),
(771, 2, NULL, 1, '2023-09-20 07:02:18', NULL, NULL, NULL),
(772, 2, NULL, 1, '2023-09-20 07:02:40', NULL, NULL, NULL),
(773, 2, NULL, 1, '2023-09-20 07:11:07', NULL, NULL, NULL),
(774, 2, NULL, 1, '2023-09-20 07:35:52', NULL, NULL, NULL),
(775, 2, NULL, 1, '2023-09-20 07:36:43', NULL, NULL, NULL),
(776, 2, NULL, 1, '2023-09-20 07:37:18', NULL, NULL, NULL),
(777, 2, NULL, 1, '2023-09-20 07:37:51', NULL, NULL, NULL),
(778, 2, NULL, 1, '2023-09-20 07:38:36', NULL, NULL, NULL),
(779, 2, NULL, 1, '2023-09-20 07:39:50', NULL, NULL, NULL),
(780, 2, NULL, 1, '2023-09-20 07:41:40', NULL, NULL, NULL),
(781, 2, NULL, 1, '2023-09-20 08:28:29', NULL, NULL, NULL),
(782, 2, NULL, 1, '2023-09-20 08:29:25', NULL, NULL, NULL),
(783, 2, NULL, 1, '2023-09-20 08:30:09', NULL, NULL, NULL),
(784, 2, NULL, 1, '2023-09-20 08:30:30', NULL, NULL, NULL),
(785, 2, NULL, 1, '2023-09-20 08:31:00', NULL, NULL, NULL),
(786, 2, NULL, 1, '2023-09-20 08:31:31', NULL, NULL, NULL),
(787, 2, NULL, 1, '2023-09-20 08:32:12', NULL, NULL, NULL),
(788, 2, NULL, 1, '2023-09-20 08:33:26', NULL, NULL, NULL),
(789, 2, NULL, 1, '2023-09-20 08:34:33', NULL, NULL, NULL),
(790, 2, NULL, 1, '2023-09-20 08:35:11', NULL, NULL, NULL),
(791, 2, NULL, 1, '2023-09-20 08:35:33', NULL, NULL, NULL),
(792, 2, NULL, 1, '2023-09-20 08:36:00', NULL, NULL, NULL),
(793, 2, NULL, 1, '2023-09-20 09:22:21', NULL, NULL, NULL),
(794, 2, NULL, 1, '2023-09-20 09:23:21', NULL, NULL, NULL),
(795, 2, NULL, 1, '2023-09-20 09:24:04', NULL, NULL, NULL),
(796, 2, NULL, 1, '2023-09-20 09:24:32', NULL, NULL, NULL),
(797, 2, NULL, 1, '2023-09-20 09:24:54', NULL, NULL, NULL),
(798, 2, NULL, 1, '2023-09-20 09:26:14', NULL, NULL, NULL),
(799, 2, NULL, 1, '2023-09-20 09:28:13', NULL, NULL, NULL),
(800, 2, NULL, 1, '2023-09-20 09:28:59', NULL, NULL, NULL),
(801, 2, NULL, 1, '2023-09-20 09:30:44', NULL, NULL, NULL),
(802, 2, NULL, 1, '2023-09-20 09:30:48', NULL, NULL, NULL),
(803, 2, NULL, 1, '2023-09-20 09:31:47', NULL, NULL, NULL),
(804, 2, NULL, 1, '2023-09-20 09:32:17', NULL, NULL, NULL),
(805, 2, NULL, 1, '2023-09-20 09:34:10', NULL, NULL, NULL),
(806, 2, NULL, 1, '2023-09-20 09:40:21', NULL, NULL, NULL),
(807, 2, NULL, 1, '2023-09-20 10:16:24', NULL, NULL, NULL),
(808, 2, NULL, 1, '2023-09-20 10:16:52', NULL, NULL, NULL),
(809, 2, NULL, 1, '2023-09-20 10:17:15', NULL, NULL, NULL),
(810, 2, NULL, 1, '2023-09-20 10:17:49', NULL, NULL, NULL),
(811, 2, NULL, 1, '2023-09-20 10:18:14', NULL, NULL, NULL),
(812, 2, NULL, 1, '2023-09-20 10:18:59', NULL, NULL, NULL),
(813, 2, NULL, 1, '2023-09-20 10:19:33', NULL, NULL, NULL),
(814, 2, NULL, 1, '2023-09-20 10:20:21', NULL, NULL, NULL),
(815, 2, NULL, 1, '2023-09-20 10:21:06', NULL, NULL, NULL),
(816, 2, NULL, 1, '2023-09-20 10:21:55', NULL, NULL, NULL),
(817, 2, NULL, 1, '2023-09-20 10:22:55', NULL, NULL, NULL),
(818, 2, NULL, 1, '2023-09-20 10:27:20', NULL, NULL, NULL),
(819, 2, NULL, 1, '2023-09-20 11:17:06', NULL, NULL, NULL),
(820, 2, NULL, 1, '2023-09-20 11:18:43', NULL, NULL, NULL),
(821, 2, NULL, 1, '2023-09-20 11:19:54', NULL, NULL, NULL),
(822, 2, NULL, 1, '2023-09-20 11:20:51', NULL, NULL, NULL),
(823, 2, NULL, 1, '2023-09-20 11:21:52', NULL, NULL, NULL),
(824, 2, NULL, 1, '2023-09-20 11:22:39', NULL, NULL, NULL),
(825, 2, NULL, 1, '2023-09-20 11:23:27', NULL, NULL, NULL),
(826, 2, NULL, 1, '2023-09-20 11:24:19', NULL, NULL, NULL),
(827, 2, NULL, 1, '2023-09-20 11:24:45', NULL, NULL, NULL),
(828, 2, NULL, 1, '2023-09-20 11:25:21', NULL, NULL, NULL),
(829, 2, NULL, 1, '2023-09-20 11:26:44', NULL, NULL, NULL),
(830, 2, NULL, 1, '2023-09-20 12:22:19', NULL, NULL, NULL),
(831, 3, NULL, 1, '2023-09-21 06:55:11', NULL, NULL, NULL),
(832, 3, NULL, 1, '2023-09-21 07:37:48', NULL, NULL, NULL),
(833, 3, NULL, 1, '2023-09-21 07:38:22', NULL, NULL, NULL),
(834, 3, NULL, 1, '2023-09-21 07:39:08', NULL, NULL, NULL),
(835, 3, NULL, 1, '2023-09-21 07:39:51', NULL, NULL, NULL),
(836, 3, NULL, 1, '2023-09-21 07:40:50', NULL, NULL, NULL),
(837, 3, NULL, 1, '2023-09-21 07:41:33', NULL, NULL, NULL),
(838, 3, NULL, 1, '2023-09-21 07:42:53', NULL, NULL, NULL),
(839, 3, NULL, 1, '2023-09-21 08:26:46', NULL, NULL, NULL),
(840, 3, NULL, 1, '2023-09-21 08:28:20', NULL, NULL, NULL),
(841, 3, NULL, 1, '2023-09-21 08:28:49', NULL, NULL, NULL),
(842, 3, NULL, 1, '2023-09-21 08:30:25', NULL, NULL, NULL),
(843, 3, NULL, 1, '2023-09-21 08:30:56', NULL, NULL, NULL),
(844, 3, NULL, 1, '2023-09-21 08:31:58', NULL, NULL, NULL),
(845, 3, NULL, 1, '2023-09-21 08:32:41', NULL, NULL, NULL),
(846, 3, NULL, 1, '2023-09-21 08:33:15', NULL, NULL, NULL),
(847, 3, NULL, 1, '2023-09-21 08:33:35', NULL, NULL, NULL),
(848, 3, NULL, 1, '2023-09-21 08:34:41', NULL, NULL, NULL),
(849, 3, NULL, 1, '2023-09-21 08:35:23', NULL, NULL, NULL),
(850, 3, NULL, 1, '2023-09-21 08:35:57', NULL, NULL, NULL),
(851, 3, NULL, 1, '2023-09-21 08:37:09', NULL, NULL, NULL),
(852, 3, NULL, 1, '2023-09-21 09:24:08', NULL, NULL, NULL),
(853, 3, NULL, 1, '2023-09-21 09:26:31', NULL, NULL, NULL),
(854, 3, NULL, 1, '2023-09-21 09:27:35', NULL, NULL, NULL),
(855, 3, NULL, 1, '2023-09-21 09:27:58', NULL, NULL, NULL),
(856, 3, NULL, 1, '2023-09-21 09:28:46', NULL, NULL, NULL),
(857, 3, NULL, 1, '2023-09-21 09:31:12', NULL, NULL, NULL),
(858, 3, NULL, 1, '2023-09-21 10:15:49', NULL, NULL, NULL),
(859, 3, NULL, 1, '2023-09-21 10:15:52', NULL, NULL, NULL),
(860, 3, NULL, 1, '2023-09-21 10:16:25', NULL, NULL, NULL),
(861, 3, NULL, 1, '2023-09-21 10:17:14', NULL, NULL, NULL);
INSERT INTO `orders` (`id`, `worker_id`, `client_id`, `payment_method_id`, `created_at`, `closed_at`, `status`, `lesson_id`) VALUES
(862, 3, NULL, 1, '2023-09-21 10:17:35', NULL, NULL, NULL),
(863, 3, NULL, 1, '2023-09-21 10:18:10', NULL, NULL, NULL),
(864, 3, NULL, 1, '2023-09-21 10:18:32', NULL, NULL, NULL),
(865, 3, NULL, 1, '2023-09-21 10:19:26', NULL, NULL, NULL),
(866, 3, NULL, 1, '2023-09-21 10:19:55', NULL, NULL, NULL),
(867, 3, NULL, 1, '2023-09-21 10:20:23', NULL, NULL, NULL),
(868, 3, NULL, 1, '2023-09-21 10:21:39', NULL, NULL, NULL),
(869, 3, NULL, 1, '2023-09-21 10:22:21', NULL, NULL, NULL),
(870, 3, NULL, 1, '2023-09-21 10:24:32', NULL, NULL, NULL),
(871, 3, NULL, 1, '2023-09-21 10:25:08', NULL, NULL, NULL),
(872, 3, NULL, 1, '2023-09-21 10:28:24', NULL, NULL, NULL),
(873, 3, NULL, 1, '2023-09-21 10:36:31', NULL, NULL, NULL),
(874, 3, NULL, 1, '2023-09-21 11:08:19', NULL, NULL, NULL),
(875, 3, NULL, 1, '2023-09-21 11:08:24', NULL, NULL, NULL),
(876, 3, NULL, 1, '2023-09-21 11:15:06', NULL, NULL, NULL),
(877, 3, NULL, 1, '2023-09-21 11:16:32', NULL, NULL, NULL),
(878, 3, NULL, 1, '2023-09-21 11:16:47', NULL, NULL, NULL),
(879, 3, NULL, 1, '2023-09-21 11:18:15', NULL, NULL, NULL),
(880, 3, NULL, 1, '2023-09-21 11:18:32', NULL, NULL, NULL),
(881, 3, NULL, 1, '2023-09-21 11:19:17', NULL, NULL, NULL),
(882, 3, NULL, 1, '2023-09-21 11:19:34', NULL, NULL, NULL),
(883, 3, NULL, 1, '2023-09-21 11:20:42', NULL, NULL, NULL),
(884, 3, NULL, 1, '2023-09-21 11:21:02', NULL, NULL, NULL),
(885, 3, NULL, 1, '2023-09-21 11:22:38', NULL, NULL, NULL),
(886, 3, NULL, 1, '2023-09-21 11:22:51', NULL, NULL, NULL),
(887, 3, NULL, 1, '2023-09-21 11:27:08', NULL, NULL, NULL),
(888, 3, NULL, 1, '2023-09-21 11:27:36', NULL, NULL, NULL),
(889, 3, NULL, 1, '2023-09-21 11:28:25', NULL, NULL, NULL),
(890, 3, NULL, 2, '2023-09-21 11:41:25', NULL, NULL, NULL),
(891, 3, NULL, 2, '2023-09-21 12:09:12', NULL, NULL, NULL),
(892, 3, NULL, 2, '2023-09-21 12:11:21', NULL, NULL, NULL),
(893, 3, NULL, 2, '2023-09-21 12:11:45', NULL, NULL, NULL),
(894, 3, NULL, 2, '2023-09-21 12:12:25', NULL, NULL, NULL),
(895, 3, NULL, 2, '2023-09-21 12:12:47', NULL, NULL, NULL),
(896, 3, NULL, 2, '2023-09-21 12:13:45', NULL, NULL, NULL),
(897, 3, NULL, 2, '2023-09-21 12:14:56', NULL, NULL, NULL),
(898, 3, NULL, 2, '2023-09-21 12:15:58', NULL, NULL, NULL),
(899, 3, NULL, 2, '2023-09-21 12:16:35', NULL, NULL, NULL),
(900, 3, NULL, 2, '2023-09-21 12:17:15', NULL, NULL, NULL),
(901, 3, NULL, 2, '2023-09-21 12:20:11', NULL, NULL, NULL),
(902, 3, NULL, 2, '2023-09-21 12:23:00', NULL, NULL, NULL),
(903, 3, NULL, 2, '2023-09-21 12:23:21', NULL, NULL, NULL),
(904, 2, NULL, 1, '2023-09-22 05:57:22', NULL, NULL, NULL),
(905, 2, NULL, 1, '2023-09-22 05:57:31', NULL, NULL, NULL),
(906, 2, NULL, 1, '2023-09-22 05:57:35', NULL, NULL, NULL),
(907, 3, NULL, 1, '2023-09-22 06:48:13', NULL, NULL, NULL),
(908, 3, NULL, 1, '2023-09-22 06:49:41', NULL, NULL, NULL),
(909, 2, NULL, 1, '2023-09-22 07:38:11', NULL, NULL, NULL),
(910, 2, NULL, 1, '2023-09-22 07:39:11', NULL, NULL, NULL),
(911, 2, NULL, 1, '2023-09-22 07:39:40', NULL, NULL, NULL),
(912, 2, NULL, 1, '2023-09-22 07:40:06', NULL, NULL, NULL),
(913, 2, NULL, 1, '2023-09-22 07:40:24', NULL, NULL, NULL),
(914, 2, NULL, 1, '2023-09-22 07:41:10', NULL, NULL, NULL),
(915, 2, NULL, 1, '2023-09-22 07:41:53', NULL, NULL, NULL),
(916, 2, NULL, 1, '2023-09-22 07:43:08', NULL, NULL, NULL),
(917, 2, NULL, 1, '2023-09-22 07:43:53', NULL, NULL, NULL),
(918, 2, NULL, 1, '2023-09-22 07:46:18', NULL, NULL, NULL),
(919, 2, NULL, 1, '2023-09-22 07:46:54', NULL, NULL, NULL),
(920, 2, NULL, 1, '2023-09-22 08:27:34', NULL, NULL, NULL),
(921, 2, NULL, 1, '2023-09-22 08:28:12', NULL, NULL, NULL),
(922, 2, NULL, 1, '2023-09-22 08:28:34', NULL, NULL, NULL),
(923, 2, NULL, 1, '2023-09-22 08:28:54', NULL, NULL, NULL),
(924, 2, NULL, 1, '2023-09-22 08:29:24', NULL, NULL, NULL),
(925, 2, NULL, 1, '2023-09-22 08:29:48', NULL, NULL, NULL),
(926, 2, NULL, 1, '2023-09-22 08:32:51', NULL, NULL, NULL),
(927, 2, NULL, 1, '2023-09-22 08:33:03', NULL, NULL, NULL),
(928, 2, NULL, 1, '2023-09-22 08:34:01', NULL, NULL, NULL),
(929, 2, NULL, 1, '2023-09-22 08:34:27', NULL, NULL, NULL),
(930, 2, NULL, 1, '2023-09-22 08:34:45', NULL, NULL, NULL),
(931, 2, NULL, 1, '2023-09-22 08:35:16', NULL, NULL, NULL),
(932, 2, NULL, 1, '2023-09-22 08:36:33', NULL, NULL, NULL),
(933, 2, NULL, 1, '2023-09-22 09:21:59', NULL, NULL, NULL),
(934, 2, NULL, 1, '2023-09-22 09:22:50', NULL, NULL, NULL),
(935, 2, NULL, 1, '2023-09-22 09:23:36', NULL, NULL, NULL),
(936, 2, NULL, 1, '2023-09-22 09:24:13', NULL, NULL, NULL),
(937, 2, NULL, 1, '2023-09-22 09:24:47', NULL, NULL, NULL),
(938, 2, NULL, 1, '2023-09-22 09:26:44', NULL, NULL, NULL),
(939, 2, NULL, 1, '2023-09-22 09:27:09', NULL, NULL, NULL),
(940, 2, NULL, 1, '2023-09-22 09:28:28', NULL, NULL, NULL),
(941, 2, NULL, 1, '2023-09-22 09:28:51', NULL, NULL, NULL),
(942, 2, NULL, 1, '2023-09-22 09:29:25', NULL, NULL, NULL),
(943, 2, NULL, 1, '2023-09-22 09:30:20', NULL, NULL, NULL),
(944, 2, NULL, 1, '2023-09-22 09:30:23', NULL, NULL, NULL),
(945, 2, NULL, 1, '2023-09-22 09:32:22', NULL, NULL, NULL),
(946, 2, NULL, 1, '2023-09-22 10:15:57', NULL, NULL, NULL),
(947, 2, NULL, 1, '2023-09-22 10:16:26', NULL, NULL, NULL),
(948, 2, NULL, 1, '2023-09-22 10:16:44', NULL, NULL, NULL),
(949, 2, NULL, 1, '2023-09-22 10:18:33', NULL, NULL, NULL),
(950, 2, NULL, 1, '2023-09-22 10:19:30', NULL, NULL, NULL),
(951, 2, NULL, 1, '2023-09-22 10:19:53', NULL, NULL, NULL),
(952, 2, NULL, 1, '2023-09-22 10:20:44', NULL, NULL, NULL),
(953, 2, NULL, 1, '2023-09-22 10:21:16', NULL, NULL, NULL),
(954, 2, NULL, 1, '2023-09-22 10:22:29', NULL, NULL, NULL),
(955, 2, NULL, 1, '2023-09-22 10:22:50', NULL, NULL, NULL),
(956, 2, NULL, 1, '2023-09-22 10:33:42', NULL, NULL, NULL),
(957, 3, NULL, 1, '2023-09-25 06:43:46', NULL, NULL, NULL),
(958, 3, NULL, 1, '2023-09-25 06:45:58', NULL, NULL, NULL),
(959, 3, NULL, 1, '2023-09-25 06:46:39', NULL, NULL, NULL),
(960, 3, NULL, 1, '2023-09-25 06:49:24', NULL, NULL, NULL),
(961, 3, NULL, 1, '2023-09-25 06:50:28', NULL, NULL, NULL),
(962, 3, NULL, 1, '2023-09-25 07:35:03', NULL, NULL, NULL),
(963, 3, NULL, 1, '2023-09-25 07:36:21', NULL, NULL, NULL),
(964, 3, NULL, 1, '2023-09-25 07:37:18', NULL, NULL, NULL),
(965, 3, NULL, 1, '2023-09-25 07:37:58', NULL, NULL, NULL),
(966, 3, NULL, 1, '2023-09-25 07:40:40', NULL, NULL, NULL),
(967, 3, NULL, 1, '2023-09-25 08:27:34', NULL, NULL, NULL),
(968, 3, NULL, 1, '2023-09-25 08:28:04', NULL, NULL, NULL),
(969, 3, NULL, 1, '2023-09-25 08:28:52', NULL, NULL, NULL),
(970, 3, NULL, 1, '2023-09-25 08:29:11', NULL, NULL, NULL),
(971, 3, NULL, 1, '2023-09-25 08:29:48', NULL, NULL, NULL),
(972, 3, NULL, 1, '2023-09-25 08:32:09', NULL, NULL, NULL),
(973, 3, NULL, 1, '2023-09-25 08:37:22', NULL, NULL, NULL),
(974, 3, NULL, 1, '2023-09-25 09:21:12', NULL, NULL, NULL),
(975, 3, NULL, 1, '2023-09-25 09:22:24', NULL, NULL, NULL),
(976, 3, NULL, 1, '2023-09-25 09:22:47', NULL, NULL, NULL),
(977, 3, NULL, 1, '2023-09-25 09:24:09', NULL, NULL, NULL),
(978, 3, NULL, 1, '2023-09-25 09:24:56', NULL, NULL, NULL),
(979, 3, NULL, 1, '2023-09-25 10:17:15', NULL, NULL, NULL),
(980, 3, NULL, 1, '2023-09-25 10:17:48', NULL, NULL, NULL),
(981, 3, NULL, 1, '2023-09-25 10:18:06', NULL, NULL, NULL),
(982, 3, NULL, 1, '2023-09-25 10:19:57', NULL, NULL, NULL),
(983, 3, NULL, 1, '2023-09-25 10:21:30', NULL, NULL, NULL),
(984, 3, NULL, 1, '2023-09-25 10:22:03', NULL, NULL, NULL),
(985, 3, NULL, 1, '2023-09-25 10:23:09', NULL, NULL, NULL),
(986, 3, NULL, 1, '2023-09-25 10:23:32', NULL, NULL, NULL),
(987, 3, NULL, 1, '2023-09-25 10:24:02', NULL, NULL, NULL),
(988, 3, NULL, 1, '2023-09-25 10:27:11', NULL, NULL, NULL),
(989, 3, NULL, 1, '2023-09-25 11:15:33', NULL, NULL, NULL),
(990, 3, NULL, 1, '2023-09-25 11:16:20', NULL, NULL, NULL),
(991, 3, NULL, 1, '2023-09-25 11:17:55', NULL, NULL, NULL),
(992, 3, NULL, 1, '2023-09-25 11:18:27', NULL, NULL, NULL),
(993, 3, NULL, 1, '2023-09-25 11:19:24', NULL, NULL, NULL),
(994, 3, NULL, 1, '2023-09-25 11:20:33', NULL, NULL, NULL),
(995, 3, NULL, 1, '2023-09-25 11:21:42', NULL, NULL, NULL),
(996, 3, NULL, 1, '2023-09-25 11:25:32', NULL, NULL, NULL),
(997, 3, NULL, 1, '2023-09-25 11:28:35', NULL, NULL, NULL),
(998, 3, NULL, 1, '2023-09-25 12:11:57', NULL, NULL, NULL),
(999, 3, NULL, 1, '2023-09-25 12:12:08', NULL, NULL, NULL),
(1000, 3, NULL, 1, '2023-09-25 12:12:55', NULL, NULL, NULL),
(1001, 3, NULL, 1, '2023-09-25 12:13:20', NULL, NULL, NULL),
(1002, 3, NULL, 1, '2023-09-25 12:13:50', NULL, NULL, NULL),
(1003, 3, NULL, 1, '2023-09-25 12:18:39', NULL, NULL, NULL),
(1004, 2, NULL, 1, '2023-09-25 13:19:18', NULL, NULL, NULL),
(1005, 2, NULL, 1, '2023-09-25 13:22:50', NULL, NULL, NULL),
(1006, 3, NULL, 1, '2023-09-26 07:36:00', NULL, NULL, NULL),
(1007, 3, NULL, 1, '2023-09-26 07:37:07', NULL, NULL, NULL),
(1008, 3, NULL, 1, '2023-09-26 07:38:17', NULL, NULL, NULL),
(1009, 3, NULL, 1, '2023-09-26 07:40:54', NULL, NULL, NULL),
(1010, 3, NULL, 1, '2023-09-26 08:26:15', NULL, NULL, NULL),
(1011, 3, NULL, 1, '2023-09-26 08:27:49', NULL, NULL, NULL),
(1012, 3, NULL, 1, '2023-09-26 08:28:25', NULL, NULL, NULL),
(1013, 3, NULL, 1, '2023-09-26 08:29:01', NULL, NULL, NULL),
(1014, 3, NULL, 1, '2023-09-26 08:29:37', NULL, NULL, NULL),
(1015, 3, NULL, 1, '2023-09-26 08:31:47', NULL, NULL, NULL),
(1016, 3, NULL, 1, '2023-09-26 08:32:01', NULL, NULL, NULL),
(1017, 3, NULL, 1, '2023-09-26 08:32:38', NULL, NULL, NULL),
(1018, 3, NULL, 1, '2023-09-26 08:35:26', NULL, NULL, NULL),
(1019, 3, NULL, 1, '2023-09-26 08:39:11', NULL, NULL, NULL),
(1020, 3, NULL, 1, '2023-09-26 09:20:15', NULL, NULL, NULL),
(1021, 3, NULL, 1, '2023-09-26 09:21:30', NULL, NULL, NULL),
(1022, 3, NULL, 1, '2023-09-26 09:23:43', NULL, NULL, NULL),
(1023, 3, NULL, 1, '2023-09-26 09:25:05', NULL, NULL, NULL),
(1024, 3, NULL, 1, '2023-09-26 09:26:59', NULL, NULL, NULL),
(1025, 3, NULL, 1, '2023-09-26 09:27:37', NULL, NULL, NULL),
(1026, 3, NULL, 1, '2023-09-26 09:30:19', NULL, NULL, NULL),
(1027, 3, NULL, 1, '2023-09-26 09:30:28', NULL, NULL, NULL),
(1028, 3, NULL, 1, '2023-09-26 09:33:48', NULL, NULL, NULL),
(1029, 3, NULL, 1, '2023-09-26 10:14:23', NULL, NULL, NULL),
(1030, 3, NULL, 1, '2023-09-26 10:15:57', NULL, NULL, NULL),
(1031, 3, NULL, 1, '2023-09-26 10:16:16', NULL, NULL, NULL),
(1032, 3, NULL, 1, '2023-09-26 10:17:26', NULL, NULL, NULL),
(1033, 3, NULL, 1, '2023-09-26 10:17:30', NULL, NULL, NULL),
(1034, 3, NULL, 1, '2023-09-26 10:18:21', NULL, NULL, NULL),
(1035, 3, NULL, 1, '2023-09-26 10:19:17', NULL, NULL, NULL),
(1036, 3, NULL, 1, '2023-09-26 10:19:44', NULL, NULL, NULL),
(1037, 3, NULL, 1, '2023-09-26 10:20:23', NULL, NULL, NULL),
(1038, 3, NULL, 1, '2023-09-26 10:20:49', NULL, NULL, NULL),
(1039, 3, NULL, 1, '2023-09-26 10:21:10', NULL, NULL, NULL),
(1040, 3, NULL, 1, '2023-09-26 10:25:19', NULL, NULL, NULL),
(1041, 3, NULL, 1, '2023-09-26 10:25:35', NULL, NULL, NULL),
(1042, 3, NULL, 1, '2023-09-26 10:29:45', NULL, NULL, NULL),
(1043, 3, NULL, 1, '2023-09-26 10:30:37', NULL, NULL, NULL),
(1044, 3, NULL, 1, '2023-09-26 10:30:56', NULL, NULL, NULL),
(1045, 3, NULL, 1, '2023-09-26 11:12:54', NULL, NULL, NULL),
(1046, 3, NULL, 1, '2023-09-26 11:16:06', NULL, NULL, NULL),
(1047, 3, NULL, 1, '2023-09-26 11:16:44', NULL, NULL, NULL),
(1048, 3, NULL, 1, '2023-09-26 11:18:57', NULL, NULL, NULL),
(1049, 3, NULL, 1, '2023-09-26 11:20:18', NULL, NULL, NULL),
(1050, 3, NULL, 1, '2023-09-26 11:20:30', NULL, NULL, NULL),
(1051, 3, NULL, 1, '2023-09-26 11:21:07', NULL, NULL, NULL),
(1052, 3, NULL, 1, '2023-09-26 12:11:26', NULL, NULL, NULL),
(1053, 3, NULL, 1, '2023-09-26 12:12:52', NULL, NULL, NULL),
(1054, 3, NULL, 1, '2023-09-26 12:15:19', NULL, NULL, NULL),
(1055, 3, NULL, 1, '2023-09-26 12:16:26', NULL, NULL, NULL),
(1056, 3, NULL, 1, '2023-09-27 06:54:50', NULL, NULL, NULL),
(1057, 3, NULL, 1, '2023-09-27 07:37:14', NULL, NULL, NULL),
(1058, 3, NULL, 1, '2023-09-27 07:37:22', NULL, NULL, NULL),
(1059, 3, NULL, 1, '2023-09-27 07:41:09', NULL, NULL, NULL),
(1060, 3, NULL, 1, '2023-09-27 07:42:13', NULL, NULL, NULL),
(1061, 3, NULL, 1, '2023-09-27 07:43:57', NULL, NULL, NULL),
(1062, 3, NULL, 1, '2023-09-27 08:25:19', NULL, NULL, NULL),
(1063, 3, NULL, 1, '2023-09-27 08:25:59', NULL, NULL, NULL),
(1064, 3, NULL, 1, '2023-09-27 08:27:40', NULL, NULL, NULL),
(1065, 3, NULL, 1, '2023-09-27 08:28:21', NULL, NULL, NULL),
(1066, 3, NULL, 1, '2023-09-27 08:29:16', NULL, NULL, NULL),
(1067, 3, NULL, 1, '2023-09-27 08:29:54', NULL, NULL, NULL),
(1068, 3, NULL, 1, '2023-09-27 08:30:52', NULL, NULL, NULL),
(1069, 3, NULL, 1, '2023-09-27 08:33:19', NULL, NULL, NULL),
(1070, 3, NULL, 1, '2023-09-27 08:33:35', NULL, NULL, NULL),
(1071, 3, NULL, 1, '2023-09-27 08:35:35', NULL, NULL, NULL),
(1072, 3, NULL, 1, '2023-09-27 08:35:40', NULL, NULL, NULL),
(1073, 3, NULL, 1, '2023-09-27 08:38:47', NULL, NULL, NULL),
(1074, 3, NULL, 1, '2023-09-27 08:40:50', NULL, NULL, NULL),
(1075, 3, NULL, 2, '2023-09-27 09:12:42', NULL, NULL, NULL),
(1076, 3, NULL, 2, '2023-09-27 09:20:45', NULL, NULL, NULL),
(1077, 3, NULL, 2, '2023-09-27 09:21:06', NULL, NULL, NULL),
(1078, 3, NULL, 2, '2023-09-27 09:23:54', NULL, NULL, NULL),
(1079, 3, NULL, 2, '2023-09-27 09:25:24', NULL, NULL, NULL),
(1080, 3, NULL, 2, '2023-09-27 09:26:07', NULL, NULL, NULL),
(1081, 3, NULL, 2, '2023-09-27 09:27:16', NULL, NULL, NULL),
(1082, 3, NULL, 2, '2023-09-27 09:27:18', NULL, NULL, NULL),
(1083, 3, NULL, 2, '2023-09-27 09:27:57', NULL, NULL, NULL),
(1084, 3, NULL, 2, '2023-09-27 09:29:18', NULL, NULL, NULL),
(1085, 3, NULL, 2, '2023-09-27 09:29:22', NULL, NULL, NULL),
(1086, 3, NULL, 2, '2023-09-27 09:29:51', NULL, NULL, NULL),
(1087, 3, NULL, 1, '2023-09-27 10:17:35', NULL, NULL, NULL),
(1088, 3, NULL, 1, '2023-09-27 10:22:27', NULL, NULL, NULL),
(1089, 3, NULL, 1, '2023-09-27 10:22:57', NULL, NULL, NULL),
(1090, 3, NULL, 1, '2023-09-27 10:24:09', NULL, NULL, NULL),
(1091, 3, NULL, 1, '2023-09-27 10:26:37', NULL, NULL, NULL),
(1092, 3, NULL, 1, '2023-09-27 10:28:38', NULL, NULL, NULL),
(1093, 3, NULL, 1, '2023-09-27 10:30:36', NULL, NULL, NULL),
(1094, 3, NULL, 1, '2023-09-27 10:32:18', NULL, NULL, NULL),
(1095, 3, NULL, 1, '2023-09-27 10:33:50', NULL, NULL, NULL),
(1096, 2, NULL, 1, '2023-09-28 06:47:53', NULL, NULL, NULL),
(1097, 2, NULL, 1, '2023-09-28 06:54:27', NULL, NULL, NULL),
(1098, 2, NULL, 1, '2023-09-28 07:42:08', NULL, NULL, NULL),
(1099, 2, NULL, 1, '2023-09-28 07:43:17', NULL, NULL, NULL),
(1100, 2, NULL, 1, '2023-09-28 08:28:20', NULL, NULL, NULL),
(1101, 2, NULL, 1, '2023-09-28 08:28:42', NULL, NULL, NULL),
(1102, 2, NULL, 1, '2023-09-28 08:29:02', NULL, NULL, NULL),
(1103, 2, NULL, 1, '2023-09-28 08:29:38', NULL, NULL, NULL),
(1104, 2, NULL, 1, '2023-09-28 08:29:43', NULL, NULL, NULL),
(1105, 2, NULL, 1, '2023-09-28 08:31:22', NULL, NULL, NULL),
(1106, 2, NULL, 1, '2023-09-28 08:32:24', NULL, NULL, NULL),
(1107, 2, NULL, 1, '2023-09-28 08:32:33', NULL, NULL, NULL),
(1108, 2, NULL, 1, '2023-09-28 08:34:29', NULL, NULL, NULL),
(1109, 2, NULL, 1, '2023-09-28 08:35:40', NULL, NULL, NULL),
(1110, 2, NULL, 1, '2023-09-28 09:21:57', NULL, NULL, NULL),
(1111, 2, NULL, 1, '2023-09-28 09:22:53', NULL, NULL, NULL),
(1112, 2, NULL, 1, '2023-09-28 09:23:48', NULL, NULL, NULL),
(1113, 2, NULL, 1, '2023-09-28 09:25:11', NULL, NULL, NULL),
(1114, 2, NULL, 1, '2023-09-28 09:26:39', NULL, NULL, NULL),
(1115, 2, NULL, 1, '2023-09-28 09:27:34', NULL, NULL, NULL),
(1116, 2, NULL, 1, '2023-09-28 09:34:06', NULL, NULL, NULL),
(1117, 2, NULL, 1, '2023-09-28 10:19:23', NULL, NULL, NULL),
(1118, 2, NULL, 1, '2023-09-28 10:19:31', NULL, NULL, NULL),
(1119, 2, NULL, 1, '2023-09-28 10:20:06', NULL, NULL, NULL),
(1120, 2, NULL, 1, '2023-09-28 10:20:37', NULL, NULL, NULL),
(1121, 2, NULL, 1, '2023-09-28 10:21:44', NULL, NULL, NULL),
(1122, 2, NULL, 1, '2023-09-28 10:22:56', NULL, NULL, NULL),
(1123, 2, NULL, 1, '2023-09-28 10:23:19', NULL, NULL, NULL),
(1124, 2, NULL, 1, '2023-09-28 10:26:15', NULL, NULL, NULL),
(1125, 2, NULL, 1, '2023-09-28 10:26:21', NULL, NULL, NULL),
(1126, 2, NULL, 1, '2023-09-29 07:39:31', NULL, NULL, NULL),
(1127, 2, NULL, 1, '2023-09-29 07:41:19', NULL, NULL, NULL),
(1128, 2, NULL, 1, '2023-09-29 07:41:49', NULL, NULL, NULL),
(1129, 2, NULL, 1, '2023-09-29 07:42:57', NULL, NULL, NULL),
(1130, 2, NULL, 1, '2023-09-29 08:28:09', NULL, NULL, NULL),
(1131, 2, NULL, 1, '2023-09-29 08:32:11', NULL, NULL, NULL),
(1132, 2, NULL, 1, '2023-09-29 08:32:27', NULL, NULL, NULL),
(1133, 2, NULL, 1, '2023-09-29 08:32:55', NULL, NULL, NULL),
(1134, 2, NULL, 1, '2023-09-29 08:33:36', NULL, NULL, NULL),
(1135, 2, NULL, 1, '2023-09-29 09:25:15', NULL, NULL, NULL),
(1136, 2, NULL, 1, '2023-09-29 09:25:19', NULL, NULL, NULL),
(1137, 2, NULL, 1, '2023-09-29 09:26:58', NULL, NULL, NULL),
(1138, 2, NULL, 1, '2023-09-29 09:28:38', NULL, NULL, NULL),
(1139, 2, NULL, 1, '2023-09-29 09:32:07', NULL, NULL, NULL),
(1140, 2, NULL, 1, '2023-09-29 09:34:15', NULL, NULL, NULL),
(1141, 2, NULL, 1, '2023-09-29 09:37:46', NULL, NULL, NULL),
(1142, 2, NULL, 1, '2023-09-29 09:37:56', NULL, NULL, NULL),
(1143, 2, NULL, 1, '2023-09-29 10:16:00', NULL, NULL, NULL),
(1144, 2, NULL, 1, '2023-09-29 10:16:22', NULL, NULL, NULL),
(1145, 2, NULL, 1, '2023-09-29 10:16:56', NULL, NULL, NULL),
(1146, 2, NULL, 1, '2023-09-29 10:17:31', NULL, NULL, NULL),
(1147, 2, NULL, 1, '2023-09-29 10:18:25', NULL, NULL, NULL),
(1148, 2, NULL, 1, '2023-09-29 10:19:30', NULL, NULL, NULL),
(1149, 2, NULL, 1, '2023-09-29 10:19:42', NULL, NULL, NULL),
(1150, 2, NULL, 1, '2023-09-29 10:19:56', NULL, NULL, NULL),
(1151, 2, NULL, 1, '2023-09-29 10:21:50', NULL, NULL, NULL),
(1152, 2, NULL, 1, '2023-09-29 10:22:01', NULL, NULL, NULL),
(1153, 2, NULL, 1, '2023-09-29 10:22:34', NULL, NULL, NULL),
(1154, 2, NULL, 1, '2023-09-29 10:23:41', NULL, NULL, NULL),
(1155, 2, NULL, 1, '2023-09-29 10:29:58', NULL, NULL, NULL),
(1156, 2, NULL, 1, '2023-10-02 06:58:16', NULL, NULL, NULL),
(1157, 2, NULL, 1, '2023-10-02 06:58:23', NULL, NULL, NULL),
(1158, 2, NULL, 1, '2023-10-02 06:58:36', NULL, NULL, NULL),
(1159, 2, NULL, 1, '2023-10-02 06:58:46', NULL, NULL, NULL),
(1160, 2, NULL, 1, '2023-10-02 07:35:50', NULL, NULL, NULL),
(1161, 2, NULL, 1, '2023-10-02 07:36:53', NULL, NULL, NULL),
(1162, 2, NULL, 1, '2023-10-02 07:36:59', NULL, NULL, NULL),
(1163, 2, NULL, 1, '2023-10-02 07:37:42', NULL, NULL, NULL),
(1164, 2, NULL, 1, '2023-10-02 07:41:18', NULL, NULL, NULL),
(1165, 2, NULL, 1, '2023-10-02 08:24:52', NULL, NULL, NULL),
(1166, 2, NULL, 1, '2023-10-02 08:25:48', NULL, NULL, NULL),
(1167, 2, NULL, 1, '2023-10-02 08:26:50', NULL, NULL, NULL),
(1168, 2, NULL, 1, '2023-10-02 08:26:54', NULL, NULL, NULL),
(1169, 2, NULL, 1, '2023-10-02 08:27:26', NULL, NULL, NULL),
(1170, 2, NULL, 1, '2023-10-02 08:28:07', NULL, NULL, NULL),
(1171, 2, NULL, 1, '2023-10-02 08:29:00', NULL, NULL, NULL),
(1172, 2, NULL, 1, '2023-10-02 08:29:03', NULL, NULL, NULL),
(1173, 2, NULL, 1, '2023-10-02 08:33:53', NULL, NULL, NULL),
(1174, 2, NULL, 1, '2023-10-02 08:34:28', NULL, NULL, NULL),
(1175, 2, NULL, 1, '2023-10-02 09:18:24', NULL, NULL, NULL),
(1176, 2, NULL, 1, '2023-10-02 09:19:58', NULL, NULL, NULL),
(1177, 2, NULL, 1, '2023-10-02 09:20:49', NULL, NULL, NULL),
(1178, 2, NULL, 1, '2023-10-02 09:22:38', NULL, NULL, NULL),
(1179, 2, NULL, 1, '2023-10-02 09:23:06', NULL, NULL, NULL),
(1180, 2, NULL, 1, '2023-10-02 09:24:23', NULL, NULL, NULL),
(1181, 2, NULL, 1, '2023-10-02 09:25:39', NULL, NULL, NULL),
(1182, 2, NULL, 1, '2023-10-02 09:27:12', NULL, NULL, NULL),
(1183, 2, NULL, 1, '2023-10-02 09:27:44', NULL, NULL, NULL),
(1184, 2, NULL, 1, '2023-10-02 09:28:25', NULL, NULL, NULL),
(1185, 2, NULL, 1, '2023-10-02 09:29:26', NULL, NULL, NULL),
(1186, 3, NULL, 1, '2023-10-02 10:15:58', NULL, NULL, NULL),
(1187, 3, NULL, 1, '2023-10-02 10:16:58', NULL, NULL, NULL),
(1188, 3, NULL, 1, '2023-10-02 10:18:18', NULL, NULL, NULL),
(1189, 3, NULL, 2, '2023-10-02 10:18:47', NULL, NULL, NULL),
(1190, 3, NULL, 2, '2023-10-02 10:19:49', NULL, NULL, NULL),
(1191, 3, NULL, 2, '2023-10-02 10:21:56', NULL, NULL, NULL),
(1192, 3, NULL, 2, '2023-10-02 10:23:23', NULL, NULL, NULL),
(1193, 3, NULL, 2, '2023-10-02 10:24:11', NULL, NULL, NULL),
(1194, 3, NULL, 2, '2023-10-02 10:25:52', NULL, NULL, NULL),
(1195, 3, NULL, 2, '2023-10-02 10:27:19', NULL, NULL, NULL),
(1196, 3, NULL, 2, '2023-10-02 10:28:53', NULL, NULL, NULL),
(1197, 3, NULL, 2, '2023-10-02 10:29:28', NULL, NULL, NULL),
(1198, 3, NULL, 2, '2023-10-02 10:30:31', NULL, NULL, NULL),
(1199, 3, NULL, 1, '2023-10-02 10:31:42', NULL, NULL, NULL),
(1200, 2, NULL, 2, '2023-10-02 11:15:23', NULL, NULL, NULL),
(1201, 2, NULL, 2, '2023-10-02 11:16:10', NULL, NULL, NULL),
(1202, 2, NULL, 2, '2023-10-02 11:16:17', NULL, NULL, NULL),
(1203, 2, NULL, 2, '2023-10-02 11:18:53', NULL, NULL, NULL),
(1204, 2, NULL, 2, '2023-10-02 11:19:55', NULL, NULL, NULL),
(1205, 2, NULL, 2, '2023-10-02 11:20:50', NULL, NULL, NULL),
(1206, 2, NULL, 2, '2023-10-02 11:21:26', NULL, NULL, NULL),
(1207, 2, NULL, 2, '2023-10-02 11:22:07', NULL, NULL, NULL),
(1208, 2, NULL, 2, '2023-10-02 11:23:23', NULL, NULL, NULL),
(1209, 2, NULL, 2, '2023-10-02 11:24:23', NULL, NULL, NULL),
(1210, 2, NULL, 2, '2023-10-02 12:11:39', NULL, NULL, NULL),
(1211, 2, NULL, 2, '2023-10-02 12:12:46', NULL, NULL, NULL),
(1212, 2, NULL, 2, '2023-10-02 12:15:27', NULL, NULL, NULL),
(1213, 2, NULL, 2, '2023-10-02 12:18:43', NULL, NULL, NULL),
(1214, 2, NULL, 2, '2023-10-02 12:20:23', NULL, NULL, NULL),
(1215, 2, NULL, 2, '2023-10-02 12:21:34', NULL, NULL, NULL),
(1216, 3, NULL, 1, '2023-10-03 06:46:33', NULL, NULL, NULL),
(1217, 3, NULL, 1, '2023-10-03 06:47:35', NULL, NULL, NULL),
(1218, 3, NULL, 1, '2023-10-03 07:34:17', NULL, NULL, NULL),
(1219, 3, NULL, 1, '2023-10-03 08:25:10', NULL, NULL, NULL),
(1220, 3, NULL, 1, '2023-10-03 08:26:48', NULL, NULL, NULL),
(1221, 3, NULL, 1, '2023-10-03 08:27:33', NULL, NULL, NULL),
(1222, 3, NULL, 1, '2023-10-03 08:28:40', NULL, NULL, NULL),
(1223, 3, NULL, 1, '2023-10-03 08:29:20', NULL, NULL, NULL),
(1224, 3, NULL, 1, '2023-10-03 08:29:55', NULL, NULL, NULL),
(1225, 3, NULL, 1, '2023-10-03 08:30:33', NULL, NULL, NULL),
(1226, 3, NULL, 1, '2023-10-03 08:32:02', NULL, NULL, NULL),
(1227, 3, NULL, 1, '2023-10-03 08:33:05', NULL, NULL, NULL),
(1228, 3, NULL, 1, '2023-10-03 09:20:15', NULL, NULL, NULL),
(1229, 3, NULL, 1, '2023-10-03 09:20:40', NULL, NULL, NULL),
(1230, 3, NULL, 1, '2023-10-03 09:21:23', NULL, NULL, NULL),
(1231, 3, NULL, 1, '2023-10-03 09:22:12', NULL, NULL, NULL),
(1232, 3, NULL, 1, '2023-10-03 09:23:20', NULL, NULL, NULL),
(1233, 3, NULL, 1, '2023-10-03 09:26:17', NULL, NULL, NULL),
(1234, 3, NULL, 1, '2023-10-03 09:27:55', NULL, NULL, NULL),
(1235, 3, NULL, 1, '2023-10-03 10:16:23', NULL, NULL, NULL),
(1236, 3, NULL, 1, '2023-10-03 10:16:59', NULL, NULL, NULL),
(1237, 3, NULL, 1, '2023-10-03 10:18:18', NULL, NULL, NULL),
(1238, 3, NULL, 1, '2023-10-03 10:18:40', NULL, NULL, NULL),
(1239, 3, NULL, 1, '2023-10-03 10:20:30', NULL, NULL, NULL),
(1240, 3, NULL, 1, '2023-10-03 10:21:00', NULL, NULL, NULL),
(1241, 3, NULL, 1, '2023-10-03 10:21:44', NULL, NULL, NULL),
(1242, 3, NULL, 1, '2023-10-03 10:22:10', NULL, NULL, NULL),
(1243, 3, NULL, 1, '2023-10-03 10:23:27', NULL, NULL, NULL),
(1244, 3, NULL, 1, '2023-10-03 10:23:39', NULL, NULL, NULL),
(1245, 3, NULL, 1, '2023-10-03 10:25:00', NULL, NULL, NULL),
(1246, 3, NULL, 1, '2023-10-03 10:25:28', NULL, NULL, NULL),
(1247, 3, NULL, 1, '2023-10-03 10:27:23', NULL, NULL, NULL),
(1248, 3, NULL, 1, '2023-10-03 10:28:37', NULL, NULL, NULL),
(1249, 3, NULL, 1, '2023-10-03 10:29:53', NULL, NULL, NULL),
(1250, 3, NULL, 1, '2023-10-03 10:30:47', NULL, NULL, NULL),
(1251, 3, NULL, 1, '2023-10-03 11:15:00', NULL, NULL, NULL),
(1252, 3, NULL, 1, '2023-10-03 11:15:37', NULL, NULL, NULL),
(1253, 3, NULL, 1, '2023-10-03 11:18:12', NULL, NULL, NULL),
(1254, 3, NULL, 1, '2023-10-03 11:19:04', NULL, NULL, NULL),
(1255, 3, NULL, 1, '2023-10-03 12:09:52', NULL, NULL, NULL),
(1256, 3, NULL, 1, '2023-10-03 12:10:52', NULL, NULL, NULL),
(1257, 3, NULL, 1, '2023-10-03 12:11:19', NULL, NULL, NULL),
(1258, 3, NULL, 1, '2023-10-03 12:11:44', NULL, NULL, NULL),
(1259, 3, NULL, 1, '2023-10-03 12:13:39', NULL, NULL, NULL),
(1260, 3, NULL, 1, '2023-10-03 12:14:04', NULL, NULL, NULL),
(1261, 3, NULL, 1, '2023-10-03 12:20:42', NULL, NULL, NULL),
(1262, 2, NULL, 1, '2023-10-04 07:34:57', NULL, NULL, NULL),
(1263, 2, NULL, 1, '2023-10-04 07:36:37', NULL, NULL, NULL),
(1264, 2, NULL, 1, '2023-10-04 07:38:55', NULL, NULL, NULL),
(1265, 2, NULL, 1, '2023-10-04 07:39:21', NULL, NULL, NULL),
(1266, 2, NULL, 1, '2023-10-04 08:22:43', NULL, NULL, NULL),
(1267, 2, NULL, 1, '2023-10-04 08:24:31', NULL, NULL, NULL),
(1268, 2, NULL, 1, '2023-10-04 08:25:14', NULL, NULL, NULL),
(1269, 2, NULL, 1, '2023-10-04 08:25:51', NULL, NULL, NULL),
(1270, 2, NULL, 1, '2023-10-04 08:26:17', NULL, NULL, NULL),
(1271, 2, NULL, 1, '2023-10-04 08:26:35', NULL, NULL, NULL),
(1272, 2, NULL, 1, '2023-10-04 08:27:37', NULL, NULL, NULL),
(1273, 2, NULL, 1, '2023-10-04 08:28:50', NULL, NULL, NULL),
(1274, 2, NULL, 1, '2023-10-04 08:29:01', NULL, NULL, NULL),
(1275, 2, NULL, 1, '2023-10-04 08:31:03', NULL, NULL, NULL),
(1276, 2, NULL, 1, '2023-10-04 08:37:34', NULL, NULL, NULL),
(1277, 2, NULL, 1, '2023-10-04 09:19:22', NULL, NULL, NULL),
(1278, 2, NULL, 1, '2023-10-04 09:20:07', NULL, NULL, NULL),
(1279, 2, NULL, 1, '2023-10-04 09:21:21', NULL, NULL, NULL),
(1280, 2, NULL, 1, '2023-10-04 09:22:32', NULL, NULL, NULL),
(1281, 2, NULL, 1, '2023-10-04 09:23:16', NULL, NULL, NULL),
(1282, 2, NULL, 1, '2023-10-04 09:25:03', NULL, NULL, NULL),
(1283, 2, NULL, 1, '2023-10-04 09:26:16', NULL, NULL, NULL),
(1284, 2, NULL, 1, '2023-10-04 09:27:13', NULL, NULL, NULL),
(1285, 2, NULL, 1, '2023-10-04 09:28:55', NULL, NULL, NULL),
(1286, 2, NULL, 1, '2023-10-04 09:29:27', NULL, NULL, NULL),
(1287, 2, NULL, 1, '2023-10-04 09:38:01', NULL, NULL, NULL),
(1288, 2, NULL, 1, '2023-10-04 10:15:11', NULL, NULL, NULL),
(1289, 2, NULL, 1, '2023-10-04 10:15:47', NULL, NULL, NULL),
(1290, 2, NULL, 1, '2023-10-04 10:16:28', NULL, NULL, NULL),
(1291, 2, NULL, 1, '2023-10-04 10:17:07', NULL, NULL, NULL),
(1292, 2, NULL, 1, '2023-10-04 10:18:16', NULL, NULL, NULL),
(1293, 2, NULL, 1, '2023-10-04 10:18:47', NULL, NULL, NULL),
(1294, 2, NULL, 1, '2023-10-04 10:20:16', NULL, NULL, NULL),
(1295, 2, NULL, 1, '2023-10-04 10:21:46', NULL, NULL, NULL),
(1296, 2, NULL, 1, '2023-10-04 10:22:05', NULL, NULL, NULL),
(1297, 2, NULL, 1, '2023-10-04 10:23:34', NULL, NULL, NULL),
(1298, 2, NULL, 1, '2023-10-04 10:24:32', NULL, NULL, NULL),
(1299, 2, NULL, 1, '2023-10-04 10:26:10', NULL, NULL, NULL),
(1300, 2, NULL, 1, '2023-10-04 10:27:33', NULL, NULL, NULL),
(1301, 2, NULL, 1, '2023-10-04 10:29:06', NULL, NULL, NULL),
(1302, 2, NULL, 1, '2023-10-04 10:32:34', NULL, NULL, NULL),
(1303, 2, NULL, 1, '2023-10-04 10:32:36', NULL, NULL, NULL),
(1304, 2, NULL, 1, '2023-10-04 10:36:42', NULL, NULL, NULL),
(1305, 2, NULL, 1, '2023-10-04 10:38:43', NULL, NULL, NULL),
(1306, 2, NULL, 1, '2023-10-04 10:38:49', NULL, NULL, NULL),
(1307, 2, NULL, 1, '2023-10-04 10:45:29', NULL, NULL, NULL),
(1308, 2, NULL, 1, '2023-10-04 10:45:48', NULL, NULL, NULL),
(1309, 2, NULL, 1, '2023-10-04 11:16:25', NULL, NULL, NULL),
(1310, 2, NULL, 1, '2023-10-04 11:17:28', NULL, NULL, NULL),
(1311, 2, NULL, 1, '2023-10-04 11:18:00', NULL, NULL, NULL),
(1312, 2, NULL, 1, '2023-10-04 11:18:08', NULL, NULL, NULL),
(1313, 2, NULL, 1, '2023-10-04 11:24:26', NULL, NULL, NULL),
(1314, 2, NULL, 1, '2023-10-04 12:10:56', NULL, NULL, NULL),
(1315, 2, NULL, 1, '2023-10-04 12:12:03', NULL, NULL, NULL),
(1316, 2, NULL, 1, '2023-10-04 12:13:16', NULL, NULL, NULL),
(1317, 2, NULL, 1, '2023-10-04 12:14:45', NULL, NULL, NULL),
(1318, 2, NULL, 1, '2023-10-04 12:15:25', NULL, NULL, NULL),
(1319, 2, NULL, 1, '2023-10-04 12:18:17', NULL, NULL, NULL),
(1320, 3, NULL, 1, '2023-10-05 06:46:36', NULL, NULL, NULL),
(1321, 3, NULL, 1, '2023-10-05 06:47:13', NULL, NULL, NULL),
(1322, 3, NULL, 1, '2023-10-05 06:52:53', NULL, NULL, NULL),
(1323, 3, NULL, 1, '2023-10-05 07:35:40', NULL, NULL, NULL),
(1324, 3, NULL, 1, '2023-10-05 07:36:44', NULL, NULL, NULL),
(1325, 3, NULL, 1, '2023-10-05 07:37:38', NULL, NULL, NULL),
(1326, 3, NULL, 1, '2023-10-05 08:24:39', NULL, NULL, NULL),
(1327, 3, NULL, 1, '2023-10-05 08:25:47', NULL, NULL, NULL),
(1328, 3, NULL, 1, '2023-10-05 08:26:27', NULL, NULL, NULL),
(1329, 3, NULL, 1, '2023-10-05 08:26:43', NULL, NULL, NULL),
(1330, 3, NULL, 1, '2023-10-05 08:27:07', NULL, NULL, NULL),
(1331, 3, NULL, 1, '2023-10-05 08:29:04', NULL, NULL, NULL),
(1332, 3, NULL, 1, '2023-10-05 08:29:37', NULL, NULL, NULL),
(1333, 3, NULL, 1, '2023-10-05 08:31:19', NULL, NULL, NULL),
(1334, 3, NULL, 1, '2023-10-05 08:31:30', NULL, NULL, NULL),
(1335, 3, NULL, 1, '2023-10-05 08:36:26', NULL, NULL, NULL),
(1336, 3, NULL, 1, '2023-10-05 08:40:27', NULL, NULL, NULL),
(1337, 3, NULL, 1, '2023-10-05 08:41:39', NULL, NULL, NULL),
(1338, 3, NULL, 1, '2023-10-05 09:19:34', NULL, NULL, NULL),
(1339, 3, NULL, 1, '2023-10-05 09:20:03', NULL, NULL, NULL),
(1340, 3, NULL, 1, '2023-10-05 09:20:44', NULL, NULL, NULL),
(1341, 3, NULL, 1, '2023-10-05 09:21:17', NULL, NULL, NULL),
(1342, 3, NULL, 1, '2023-10-05 09:21:39', NULL, NULL, NULL),
(1343, 3, NULL, 1, '2023-10-05 09:22:01', NULL, NULL, NULL),
(1344, 3, NULL, 1, '2023-10-05 09:22:31', NULL, NULL, NULL),
(1345, 3, NULL, 1, '2023-10-05 09:23:28', NULL, NULL, NULL),
(1346, 3, NULL, 1, '2023-10-05 09:25:23', NULL, NULL, NULL),
(1347, 3, NULL, 1, '2023-10-05 09:25:27', NULL, NULL, NULL),
(1348, 3, NULL, 1, '2023-10-05 09:25:59', NULL, NULL, NULL),
(1349, 3, NULL, 1, '2023-10-05 09:26:34', NULL, NULL, NULL),
(1350, 3, NULL, 1, '2023-10-05 09:29:33', NULL, NULL, NULL),
(1351, 3, NULL, 1, '2023-10-05 10:16:04', NULL, NULL, NULL),
(1352, 3, NULL, 1, '2023-10-05 10:16:50', NULL, NULL, NULL),
(1353, 3, NULL, 1, '2023-10-05 10:18:07', NULL, NULL, NULL),
(1354, 3, NULL, 1, '2023-10-05 10:18:57', NULL, NULL, NULL),
(1355, 3, NULL, 1, '2023-10-05 10:19:24', NULL, NULL, NULL),
(1356, 3, NULL, 1, '2023-10-05 10:20:04', NULL, NULL, NULL),
(1357, 3, NULL, 1, '2023-10-05 10:22:53', NULL, NULL, NULL),
(1358, 2, NULL, 1, '2023-10-05 13:43:07', NULL, NULL, NULL),
(1359, 2, NULL, 1, '2023-10-06 06:45:47', NULL, NULL, NULL),
(1360, 2, NULL, 1, '2023-10-06 06:54:40', NULL, NULL, NULL),
(1361, 2, NULL, 1, '2023-10-06 06:55:08', NULL, NULL, NULL),
(1362, 2, NULL, 1, '2023-10-06 07:36:15', NULL, NULL, NULL),
(1363, 2, NULL, 1, '2023-10-06 07:37:48', NULL, NULL, NULL),
(1364, 2, NULL, 1, '2023-10-06 07:40:22', NULL, NULL, NULL),
(1365, 2, NULL, 1, '2023-10-06 08:27:26', NULL, NULL, NULL),
(1366, 2, NULL, 1, '2023-10-06 08:28:04', NULL, NULL, NULL),
(1367, 2, NULL, 1, '2023-10-06 08:28:19', NULL, NULL, NULL),
(1368, 2, NULL, 1, '2023-10-06 08:29:12', NULL, NULL, NULL),
(1369, 2, NULL, 1, '2023-10-06 08:29:42', NULL, NULL, NULL),
(1370, 2, NULL, 1, '2023-10-06 08:31:21', NULL, NULL, NULL),
(1371, 2, NULL, 1, '2023-10-06 09:21:05', NULL, NULL, NULL),
(1372, 2, NULL, 1, '2023-10-06 09:21:32', NULL, NULL, NULL),
(1373, 2, NULL, 1, '2023-10-06 09:22:26', NULL, NULL, NULL),
(1374, 2, NULL, 1, '2023-10-06 09:22:42', NULL, NULL, NULL),
(1375, 2, NULL, 1, '2023-10-06 09:23:31', NULL, NULL, NULL),
(1376, 2, NULL, 1, '2023-10-06 09:24:13', NULL, NULL, NULL),
(1377, 2, NULL, 1, '2023-10-06 09:24:32', NULL, NULL, NULL),
(1378, 2, NULL, 1, '2023-10-06 09:25:50', NULL, NULL, NULL),
(1379, 2, NULL, 1, '2023-10-06 09:26:36', NULL, NULL, NULL),
(1380, 2, NULL, 1, '2023-10-06 09:27:19', NULL, NULL, NULL),
(1381, 2, NULL, 1, '2023-10-06 09:28:31', NULL, NULL, NULL),
(1382, 2, NULL, 1, '2023-10-06 09:29:00', NULL, NULL, NULL),
(1383, 3, NULL, 1, '2023-10-06 10:14:29', NULL, NULL, NULL),
(1384, 3, NULL, 1, '2023-10-06 10:15:23', NULL, NULL, NULL),
(1385, 3, NULL, 1, '2023-10-06 10:16:10', NULL, NULL, NULL),
(1386, 3, NULL, 1, '2023-10-06 10:17:15', NULL, NULL, NULL),
(1387, 3, NULL, 1, '2023-10-06 10:17:52', NULL, NULL, NULL),
(1388, 3, NULL, 1, '2023-10-06 10:18:22', NULL, NULL, NULL),
(1389, 3, NULL, 1, '2023-10-06 10:19:19', NULL, NULL, NULL),
(1390, 3, NULL, 1, '2023-10-06 10:20:08', NULL, NULL, NULL),
(1391, 3, NULL, 1, '2023-10-06 10:21:12', NULL, NULL, NULL),
(1392, 3, NULL, 1, '2023-10-06 10:22:45', NULL, NULL, NULL),
(1393, 3, NULL, 1, '2023-10-06 10:24:31', NULL, NULL, NULL),
(1394, 3, NULL, 1, '2023-10-06 10:26:07', NULL, NULL, NULL),
(1395, 3, NULL, 1, '2023-10-06 10:26:33', NULL, NULL, NULL),
(1396, 3, NULL, 1, '2023-10-06 10:28:01', NULL, NULL, NULL),
(1397, 3, NULL, 1, '2023-10-06 10:29:33', NULL, NULL, NULL),
(1398, 3, NULL, 1, '2023-10-06 10:35:23', NULL, NULL, NULL),
(1399, 3, NULL, 1, '2023-10-06 11:14:43', NULL, NULL, NULL),
(1400, 3, NULL, 1, '2023-10-06 11:15:44', NULL, NULL, NULL),
(1401, 3, NULL, 1, '2023-10-06 11:16:31', NULL, NULL, NULL),
(1402, 3, NULL, 2, '2023-10-06 11:17:16', NULL, NULL, NULL),
(1403, 3, NULL, 2, '2023-10-06 11:17:36', NULL, NULL, NULL),
(1404, 3, NULL, 2, '2023-10-06 11:18:11', NULL, NULL, NULL),
(1405, 3, NULL, 2, '2023-10-06 11:18:55', NULL, NULL, NULL),
(1406, 3, NULL, 1, '2023-10-06 11:22:15', NULL, NULL, NULL),
(1407, 3, NULL, 2, '2023-10-06 11:29:05', NULL, NULL, NULL),
(1408, 3, NULL, 2, '2023-10-06 12:10:10', NULL, NULL, NULL),
(1409, 3, NULL, 1, '2023-10-06 12:11:14', NULL, NULL, NULL),
(1410, 3, NULL, 1, '2023-10-06 12:16:44', NULL, NULL, NULL),
(1411, 3, NULL, 1, '2023-10-06 12:17:35', NULL, NULL, NULL),
(1412, 3, NULL, 1, '2023-10-06 12:18:46', NULL, NULL, NULL),
(1413, 3, NULL, 2, '2023-10-09 06:46:43', NULL, NULL, NULL),
(1414, 3, NULL, 2, '2023-10-09 06:47:37', NULL, NULL, NULL),
(1415, 3, NULL, 1, '2023-10-09 06:49:25', NULL, NULL, NULL),
(1416, 3, NULL, 1, '2023-10-09 06:49:45', NULL, NULL, NULL),
(1417, 3, NULL, 2, '2023-10-09 07:34:58', NULL, NULL, NULL),
(1418, 3, NULL, 2, '2023-10-09 07:36:13', NULL, NULL, NULL),
(1419, 3, NULL, 1, '2023-10-09 07:37:22', NULL, NULL, NULL),
(1420, 3, NULL, 1, '2023-10-09 07:37:45', NULL, NULL, NULL),
(1421, 3, NULL, 1, '2023-10-09 07:38:33', NULL, NULL, NULL),
(1422, 3, NULL, 1, '2023-10-09 07:40:58', NULL, NULL, NULL),
(1423, 3, NULL, 1, '2023-10-09 07:42:48', NULL, NULL, NULL),
(1424, 3, NULL, 1, '2023-10-09 08:24:33', NULL, NULL, NULL),
(1425, 3, NULL, 1, '2023-10-09 08:25:19', NULL, NULL, NULL),
(1426, 3, NULL, 1, '2023-10-09 08:25:44', NULL, NULL, NULL),
(1427, 3, NULL, 1, '2023-10-09 08:27:47', NULL, NULL, NULL),
(1428, 3, NULL, 1, '2023-10-09 08:28:18', NULL, NULL, NULL),
(1429, 3, NULL, 1, '2023-10-09 08:28:56', NULL, NULL, NULL),
(1430, 3, NULL, 1, '2023-10-09 08:29:44', NULL, NULL, NULL),
(1431, 3, NULL, 1, '2023-10-09 08:30:39', NULL, NULL, NULL),
(1432, 3, NULL, 1, '2023-10-09 08:32:05', NULL, NULL, NULL),
(1433, 3, NULL, 1, '2023-10-09 09:18:40', NULL, NULL, NULL),
(1434, 3, NULL, 1, '2023-10-09 09:19:41', NULL, NULL, NULL),
(1435, 3, NULL, 1, '2023-10-09 09:20:56', NULL, NULL, NULL),
(1436, 3, NULL, 1, '2023-10-09 09:21:44', NULL, NULL, NULL),
(1437, 3, NULL, 1, '2023-10-09 09:22:20', NULL, NULL, NULL),
(1438, 3, NULL, 1, '2023-10-09 09:23:00', NULL, NULL, NULL),
(1439, 3, NULL, 1, '2023-10-09 09:24:03', NULL, NULL, NULL),
(1440, 3, NULL, 1, '2023-10-09 09:24:20', NULL, NULL, NULL),
(1441, 3, NULL, 1, '2023-10-09 09:25:21', NULL, NULL, NULL),
(1442, 3, NULL, 1, '2023-10-09 09:25:45', NULL, NULL, NULL),
(1443, 3, NULL, 1, '2023-10-09 09:26:35', NULL, NULL, NULL),
(1444, 3, NULL, 1, '2023-10-09 09:27:28', NULL, NULL, NULL),
(1445, 3, NULL, 1, '2023-10-09 09:27:50', NULL, NULL, NULL),
(1446, 3, NULL, 1, '2023-10-09 09:28:19', NULL, NULL, NULL),
(1447, 3, NULL, 1, '2023-10-09 09:28:52', NULL, NULL, NULL),
(1448, 3, NULL, 1, '2023-10-09 09:29:51', NULL, NULL, NULL),
(1449, 3, NULL, 1, '2023-10-09 10:15:05', NULL, NULL, NULL),
(1450, 3, NULL, 1, '2023-10-09 10:16:02', NULL, NULL, NULL),
(1451, 3, NULL, 1, '2023-10-09 10:16:24', NULL, NULL, NULL),
(1452, 3, NULL, 1, '2023-10-09 10:17:06', NULL, NULL, NULL),
(1453, 3, NULL, 1, '2023-10-09 10:18:09', NULL, NULL, NULL),
(1454, 3, NULL, 1, '2023-10-09 10:18:42', NULL, NULL, NULL),
(1455, 3, NULL, 1, '2023-10-09 10:19:24', NULL, NULL, NULL),
(1456, 3, NULL, 1, '2023-10-09 10:19:36', NULL, NULL, NULL),
(1457, 3, NULL, 1, '2023-10-09 10:20:26', NULL, NULL, NULL),
(1458, 3, NULL, 1, '2023-10-09 10:20:59', NULL, NULL, NULL),
(1459, 3, NULL, 1, '2023-10-09 10:21:31', NULL, NULL, NULL),
(1460, 3, NULL, 1, '2023-10-09 10:23:00', NULL, NULL, NULL),
(1461, 3, NULL, 1, '2023-10-09 10:24:11', NULL, NULL, NULL),
(1462, 3, NULL, 1, '2023-10-09 10:25:34', NULL, NULL, NULL),
(1463, 3, NULL, 1, '2023-10-09 10:27:36', NULL, NULL, NULL),
(1464, 3, NULL, 1, '2023-10-09 10:30:59', NULL, NULL, NULL),
(1465, 3, NULL, 1, '2023-10-09 10:36:56', NULL, NULL, NULL),
(1466, 3, NULL, 1, '2023-10-09 11:16:14', NULL, NULL, NULL),
(1467, 3, NULL, 1, '2023-10-09 11:17:03', NULL, NULL, NULL),
(1468, 3, NULL, 1, '2023-10-09 11:18:17', NULL, NULL, NULL),
(1469, 3, NULL, 1, '2023-10-09 11:18:31', NULL, NULL, NULL),
(1470, 3, NULL, 1, '2023-10-09 11:19:59', NULL, NULL, NULL),
(1471, 3, NULL, 1, '2023-10-09 11:20:40', NULL, NULL, NULL),
(1472, 3, NULL, 1, '2023-10-09 11:26:43', NULL, NULL, NULL),
(1473, 3, NULL, 1, '2023-10-09 12:10:39', NULL, NULL, NULL),
(1474, 3, NULL, 1, '2023-10-09 12:14:17', NULL, NULL, NULL),
(1475, 3, NULL, 1, '2023-10-09 12:15:00', NULL, NULL, NULL),
(1476, 3, NULL, 1, '2023-10-09 12:15:34', NULL, NULL, NULL),
(1477, 3, NULL, 1, '2023-10-09 12:16:32', NULL, NULL, NULL),
(1478, 2, NULL, 1, '2023-10-10 06:05:03', NULL, NULL, NULL),
(1479, 3, NULL, 1, '2023-10-10 07:32:33', NULL, NULL, NULL),
(1480, 3, NULL, 1, '2023-10-10 07:35:51', NULL, NULL, NULL),
(1481, 3, NULL, 1, '2023-10-10 08:25:22', NULL, NULL, NULL),
(1482, 3, NULL, 1, '2023-10-10 08:25:37', NULL, NULL, NULL),
(1483, 3, NULL, 1, '2023-10-10 08:27:11', NULL, NULL, NULL),
(1484, 3, NULL, 1, '2023-10-10 08:27:42', NULL, NULL, NULL),
(1485, 3, NULL, 1, '2023-10-10 08:29:11', NULL, NULL, NULL),
(1486, 3, NULL, 1, '2023-10-10 08:29:51', NULL, NULL, NULL),
(1487, 3, NULL, 1, '2023-10-10 08:32:26', NULL, NULL, NULL),
(1488, 3, NULL, 1, '2023-10-10 09:22:11', NULL, NULL, NULL),
(1489, 3, NULL, 1, '2023-10-10 09:22:19', NULL, NULL, NULL),
(1490, 3, NULL, 1, '2023-10-10 09:24:10', NULL, NULL, NULL),
(1491, 3, NULL, 1, '2023-10-10 09:25:56', NULL, NULL, NULL),
(1492, 3, NULL, 1, '2023-10-10 09:27:45', NULL, NULL, NULL),
(1493, 3, NULL, 1, '2023-10-10 09:28:32', NULL, NULL, NULL),
(1494, 3, NULL, 1, '2023-10-10 09:29:32', NULL, NULL, NULL),
(1495, 3, NULL, 1, '2023-10-10 09:31:05', NULL, NULL, NULL),
(1496, 3, NULL, 1, '2023-10-10 09:33:36', NULL, NULL, NULL),
(1497, 3, NULL, 1, '2023-10-10 09:36:44', NULL, NULL, NULL),
(1498, 3, NULL, 1, '2023-10-10 09:39:54', NULL, NULL, NULL),
(1499, 3, NULL, 1, '2023-10-10 09:49:07', NULL, NULL, NULL),
(1500, 3, NULL, 1, '2023-10-10 09:49:13', NULL, NULL, NULL),
(1501, 3, NULL, 1, '2023-10-10 10:16:52', NULL, NULL, NULL),
(1502, 3, NULL, 1, '2023-10-10 10:17:47', NULL, NULL, NULL),
(1503, 3, NULL, 1, '2023-10-10 10:18:00', NULL, NULL, NULL),
(1504, 3, NULL, 1, '2023-10-10 10:18:37', NULL, NULL, NULL),
(1505, 3, NULL, 1, '2023-10-10 10:19:58', NULL, NULL, NULL),
(1506, 3, NULL, 1, '2023-10-10 10:21:15', NULL, NULL, NULL),
(1507, 3, NULL, 1, '2023-10-10 10:22:16', NULL, NULL, NULL),
(1508, 3, NULL, 1, '2023-10-10 10:22:43', NULL, NULL, NULL),
(1509, 3, NULL, 1, '2023-10-10 10:23:13', NULL, NULL, NULL),
(1510, 3, NULL, 1, '2023-10-10 10:23:55', NULL, NULL, NULL),
(1511, 3, NULL, 1, '2023-10-10 10:24:52', NULL, NULL, NULL),
(1512, 3, NULL, 1, '2023-10-10 10:25:40', NULL, NULL, NULL),
(1513, 3, NULL, 1, '2023-10-10 10:27:12', NULL, NULL, NULL),
(1514, 3, NULL, 1, '2023-10-10 10:28:26', NULL, NULL, NULL),
(1515, 3, NULL, 1, '2023-10-10 10:29:03', NULL, NULL, NULL),
(1516, 3, NULL, 1, '2023-10-10 10:30:28', NULL, NULL, NULL),
(1517, 3, NULL, 1, '2023-10-10 10:32:18', NULL, NULL, NULL),
(1518, 3, NULL, 1, '2023-10-10 10:33:42', NULL, NULL, NULL),
(1519, 2, NULL, 1, '2023-10-10 11:15:08', NULL, NULL, NULL),
(1520, 2, NULL, 1, '2023-10-10 11:16:36', NULL, NULL, NULL),
(1521, 2, NULL, 1, '2023-10-10 11:18:24', NULL, NULL, NULL),
(1522, 2, NULL, 1, '2023-10-10 11:20:11', NULL, NULL, NULL),
(1523, 2, NULL, 1, '2023-10-10 11:20:30', NULL, NULL, NULL),
(1524, 2, NULL, 1, '2023-10-10 11:21:18', NULL, NULL, NULL),
(1525, 2, NULL, 1, '2023-10-10 11:21:27', NULL, NULL, NULL),
(1526, 2, NULL, 1, '2023-10-10 11:22:26', NULL, NULL, NULL),
(1527, 2, NULL, 1, '2023-10-10 11:23:45', NULL, NULL, NULL),
(1528, 2, NULL, 1, '2023-10-10 11:23:57', NULL, NULL, NULL),
(1529, 2, NULL, 1, '2023-10-10 11:24:52', NULL, NULL, NULL),
(1530, 2, NULL, 1, '2023-10-10 11:25:29', NULL, NULL, NULL),
(1531, 2, NULL, 1, '2023-10-10 11:26:44', NULL, NULL, NULL),
(1532, 2, NULL, 1, '2023-10-10 11:28:09', NULL, NULL, NULL),
(1533, 2, NULL, 1, '2023-10-10 11:28:13', NULL, NULL, NULL),
(1534, 2, NULL, 1, '2023-10-10 11:28:32', NULL, NULL, NULL),
(1535, 2, NULL, 1, '2023-10-10 11:30:04', NULL, NULL, NULL),
(1536, 2, NULL, 1, '2023-10-10 11:31:14', NULL, NULL, NULL),
(1537, 2, NULL, 1, '2023-10-10 12:11:17', NULL, NULL, NULL),
(1538, 2, NULL, 1, '2023-10-10 12:17:35', NULL, NULL, NULL),
(1539, 2, NULL, 1, '2023-10-10 12:20:33', NULL, NULL, NULL),
(1540, 2, NULL, 1, '2023-10-11 06:46:08', NULL, NULL, NULL),
(1541, 2, NULL, 1, '2023-10-11 06:46:12', NULL, NULL, NULL),
(1542, 2, NULL, 1, '2023-10-11 06:50:42', NULL, NULL, NULL),
(1543, 2, NULL, 1, '2023-10-11 06:51:13', NULL, NULL, NULL),
(1544, 2, NULL, 1, '2023-10-11 07:35:35', NULL, NULL, NULL),
(1545, 2, NULL, 1, '2023-10-11 07:35:51', NULL, NULL, NULL),
(1546, 2, NULL, 1, '2023-10-11 07:38:17', NULL, NULL, NULL),
(1547, 2, NULL, 1, '2023-10-11 08:24:04', NULL, NULL, NULL),
(1548, 2, NULL, 1, '2023-10-11 08:26:08', NULL, NULL, NULL),
(1549, 2, NULL, 1, '2023-10-11 08:27:46', NULL, NULL, NULL),
(1550, 2, NULL, 1, '2023-10-11 08:30:49', NULL, NULL, NULL),
(1551, 2, NULL, 1, '2023-10-11 08:31:38', NULL, NULL, NULL),
(1552, 2, NULL, 1, '2023-10-11 08:32:26', NULL, NULL, NULL),
(1553, 2, NULL, 1, '2023-10-11 08:34:00', NULL, NULL, NULL),
(1554, 2, NULL, 1, '2023-10-11 08:36:05', NULL, NULL, NULL),
(1555, 2, NULL, 1, '2023-10-11 09:19:04', NULL, NULL, NULL),
(1556, 2, NULL, 1, '2023-10-11 09:21:30', NULL, NULL, NULL),
(1557, 2, NULL, 1, '2023-10-11 09:22:40', NULL, NULL, NULL),
(1558, 2, NULL, 1, '2023-10-11 09:23:20', NULL, NULL, NULL),
(1559, 2, NULL, 1, '2023-10-11 09:24:24', NULL, NULL, NULL),
(1560, 2, NULL, 1, '2023-10-11 09:31:05', NULL, NULL, NULL),
(1561, 2, NULL, 1, '2023-10-11 09:31:30', NULL, NULL, NULL),
(1562, 2, NULL, 1, '2023-10-11 09:45:08', NULL, NULL, NULL),
(1563, 2, NULL, 1, '2023-10-11 10:13:37', NULL, NULL, NULL),
(1564, 2, NULL, 1, '2023-10-11 10:13:57', NULL, NULL, NULL),
(1565, 2, NULL, 1, '2023-10-11 10:14:27', NULL, NULL, NULL),
(1566, 2, NULL, 1, '2023-10-11 10:15:37', NULL, NULL, NULL),
(1567, 2, NULL, 1, '2023-10-11 10:16:32', NULL, NULL, NULL),
(1568, 2, NULL, 1, '2023-10-11 10:17:33', NULL, NULL, NULL),
(1569, 2, NULL, 1, '2023-10-11 10:18:07', NULL, NULL, NULL),
(1570, 2, NULL, 1, '2023-10-11 10:20:28', NULL, NULL, NULL),
(1571, 2, NULL, 1, '2023-10-11 10:21:35', NULL, NULL, NULL),
(1572, 2, NULL, 1, '2023-10-11 10:24:15', NULL, NULL, NULL),
(1573, 2, NULL, 1, '2023-10-11 10:24:45', NULL, NULL, NULL),
(1574, 2, NULL, 1, '2023-10-11 10:25:15', NULL, NULL, NULL),
(1575, 2, NULL, 1, '2023-10-11 10:26:54', NULL, NULL, NULL),
(1576, 2, NULL, 1, '2023-10-11 11:15:21', NULL, NULL, NULL),
(1577, 2, NULL, 1, '2023-10-11 11:16:22', NULL, NULL, NULL),
(1578, 2, NULL, 1, '2023-10-11 11:18:06', NULL, NULL, NULL),
(1579, 2, NULL, 1, '2023-10-11 11:20:42', NULL, NULL, NULL),
(1580, 2, NULL, 1, '2023-10-11 12:12:12', NULL, NULL, NULL),
(1581, 2, NULL, 1, '2023-10-11 12:17:12', NULL, NULL, NULL),
(1582, 2, NULL, 1, '2023-10-11 12:22:06', NULL, NULL, NULL),
(1583, 2, NULL, 1, '2023-10-11 15:52:35', NULL, NULL, NULL),
(1584, 3, NULL, 1, '2023-10-11 18:36:03', NULL, NULL, NULL),
(1585, 3, NULL, 2, '2023-10-12 06:50:26', NULL, NULL, NULL),
(1586, 3, NULL, 2, '2023-10-12 06:51:19', NULL, NULL, NULL),
(1587, 3, NULL, 1, '2023-10-12 07:35:12', NULL, NULL, NULL),
(1588, 3, NULL, 1, '2023-10-12 07:35:31', NULL, NULL, NULL),
(1589, 3, NULL, 1, '2023-10-12 07:36:45', NULL, NULL, NULL),
(1590, 3, NULL, 1, '2023-10-12 07:37:56', NULL, NULL, NULL),
(1591, 3, NULL, 1, '2023-10-12 07:38:30', NULL, NULL, NULL),
(1592, 3, NULL, 1, '2023-10-12 07:46:20', NULL, NULL, NULL),
(1593, 3, NULL, 1, '2023-10-12 08:26:28', NULL, NULL, NULL),
(1594, 3, NULL, 1, '2023-10-12 08:27:01', NULL, NULL, NULL),
(1595, 3, NULL, 1, '2023-10-12 08:27:52', NULL, NULL, NULL),
(1596, 3, NULL, 2, '2023-10-12 08:29:00', NULL, NULL, NULL),
(1597, 3, NULL, 1, '2023-10-12 08:29:15', NULL, NULL, NULL),
(1598, 3, NULL, 2, '2023-10-12 08:32:22', NULL, NULL, NULL),
(1599, 3, NULL, 1, '2023-10-12 09:20:22', NULL, NULL, NULL),
(1600, 3, NULL, 1, '2023-10-12 09:20:33', NULL, NULL, NULL),
(1601, 3, NULL, 1, '2023-10-12 09:21:15', NULL, NULL, NULL),
(1602, 3, NULL, 1, '2023-10-12 09:21:48', NULL, NULL, NULL),
(1603, 3, NULL, 1, '2023-10-12 09:22:18', NULL, NULL, NULL),
(1604, 3, NULL, 1, '2023-10-12 09:22:51', NULL, NULL, NULL),
(1605, 3, NULL, 1, '2023-10-12 09:24:08', NULL, NULL, NULL),
(1606, 3, NULL, 1, '2023-10-12 09:25:09', NULL, NULL, NULL),
(1607, 3, NULL, 1, '2023-10-12 10:15:36', NULL, NULL, NULL),
(1608, 3, NULL, 2, '2023-10-12 10:17:01', NULL, NULL, NULL),
(1609, 3, NULL, 2, '2023-10-12 10:17:42', NULL, NULL, NULL),
(1610, 3, NULL, 2, '2023-10-12 10:18:18', NULL, NULL, NULL),
(1611, 3, NULL, 2, '2023-10-12 10:18:54', NULL, NULL, NULL),
(1612, 3, NULL, 2, '2023-10-12 10:19:04', NULL, NULL, NULL),
(1613, 3, NULL, 2, '2023-10-12 10:19:19', NULL, NULL, NULL),
(1614, 3, NULL, 2, '2023-10-12 10:19:48', NULL, NULL, NULL),
(1615, 3, NULL, 2, '2023-10-12 10:20:24', NULL, NULL, NULL),
(1616, 3, NULL, 2, '2023-10-12 10:21:27', NULL, NULL, NULL),
(1617, 3, NULL, 2, '2023-10-12 10:23:19', NULL, NULL, NULL),
(1618, 3, NULL, 2, '2023-10-12 10:23:35', NULL, NULL, NULL),
(1619, 3, NULL, 1, '2023-10-12 10:24:13', NULL, NULL, NULL),
(1620, 3, NULL, 1, '2023-10-12 10:25:40', NULL, NULL, NULL),
(1621, 3, NULL, 1, '2023-10-12 11:14:41', NULL, NULL, NULL),
(1622, 3, NULL, 1, '2023-10-12 11:15:13', NULL, NULL, NULL),
(1623, 3, NULL, 1, '2023-10-12 11:17:14', NULL, NULL, NULL),
(1624, 3, NULL, 1, '2023-10-12 11:17:46', NULL, NULL, NULL),
(1625, 3, NULL, 1, '2023-10-12 11:18:27', NULL, NULL, NULL),
(1626, 3, NULL, 1, '2023-10-12 11:19:05', NULL, NULL, NULL),
(1627, 3, NULL, 1, '2023-10-12 11:19:27', NULL, NULL, NULL),
(1628, 3, NULL, 1, '2023-10-12 11:20:44', NULL, NULL, NULL),
(1629, 3, NULL, 1, '2023-10-12 11:21:15', NULL, NULL, NULL),
(1630, 3, NULL, 1, '2023-10-12 11:22:33', NULL, NULL, NULL),
(1631, 3, NULL, 1, '2023-10-12 11:23:36', NULL, NULL, NULL),
(1632, 3, NULL, 1, '2023-10-12 11:23:53', NULL, NULL, NULL),
(1633, 3, NULL, 1, '2023-10-12 12:10:42', NULL, NULL, NULL),
(1634, 3, NULL, 1, '2023-10-12 12:11:37', NULL, NULL, NULL),
(1635, 3, NULL, 1, '2023-10-12 12:12:25', NULL, NULL, NULL),
(1636, 3, NULL, 1, '2023-10-12 12:12:53', NULL, NULL, NULL),
(1637, 3, NULL, 1, '2023-10-12 12:14:18', NULL, NULL, NULL),
(1638, 3, NULL, 1, '2023-10-12 12:15:41', NULL, NULL, NULL),
(1639, 3, NULL, 1, '2023-10-12 13:12:56', NULL, NULL, NULL),
(1640, 3, NULL, 1, '2023-10-13 06:47:41', NULL, NULL, NULL),
(1641, 3, NULL, 1, '2023-10-13 06:52:19', NULL, NULL, NULL),
(1642, 3, NULL, 1, '2023-10-13 07:36:06', NULL, NULL, NULL),
(1643, 2, NULL, 1, '2023-10-13 07:39:02', NULL, NULL, NULL),
(1644, 2, NULL, 1, '2023-10-13 08:26:45', NULL, NULL, NULL),
(1645, 2, NULL, 1, '2023-10-13 08:28:31', NULL, NULL, NULL),
(1646, 2, NULL, 1, '2023-10-13 08:28:43', NULL, NULL, NULL),
(1647, 2, NULL, 1, '2023-10-13 08:30:04', NULL, NULL, NULL),
(1648, 2, NULL, 1, '2023-10-13 08:31:41', NULL, NULL, NULL),
(1649, 2, NULL, 1, '2023-10-13 08:35:08', NULL, NULL, NULL),
(1650, 2, NULL, 1, '2023-10-13 08:37:00', NULL, NULL, NULL),
(1651, 2, NULL, 1, '2023-10-13 09:21:17', NULL, NULL, NULL),
(1652, 2, NULL, 1, '2023-10-13 09:21:58', NULL, NULL, NULL),
(1653, 2, NULL, 1, '2023-10-13 09:22:19', NULL, NULL, NULL),
(1654, 2, NULL, 1, '2023-10-13 09:25:12', NULL, NULL, NULL),
(1655, 2, NULL, 1, '2023-10-13 09:25:23', NULL, NULL, NULL),
(1656, 2, NULL, 1, '2023-10-13 09:26:01', NULL, NULL, NULL),
(1657, 2, NULL, 1, '2023-10-13 09:26:52', NULL, NULL, NULL),
(1658, 2, NULL, 1, '2023-10-13 09:28:27', NULL, NULL, NULL),
(1659, 2, NULL, 1, '2023-10-13 09:29:30', NULL, NULL, NULL),
(1660, 2, NULL, 1, '2023-10-13 10:13:51', NULL, NULL, NULL),
(1661, 2, NULL, 1, '2023-10-13 10:14:46', NULL, NULL, NULL),
(1662, 2, NULL, 1, '2023-10-13 10:16:02', NULL, NULL, NULL),
(1663, 2, NULL, 1, '2023-10-13 10:16:22', NULL, NULL, NULL),
(1664, 2, NULL, 1, '2023-10-13 10:16:40', NULL, NULL, NULL),
(1665, 2, NULL, 1, '2023-10-13 10:17:22', NULL, NULL, NULL),
(1666, 2, NULL, 1, '2023-10-13 10:18:26', NULL, NULL, NULL),
(1667, 2, NULL, 1, '2023-10-13 10:20:51', NULL, NULL, NULL),
(1668, 2, NULL, 1, '2023-10-13 10:21:29', NULL, NULL, NULL),
(1669, 2, NULL, 1, '2023-10-13 10:23:00', NULL, NULL, NULL),
(1670, 2, NULL, 1, '2023-10-13 11:20:57', NULL, NULL, NULL),
(1671, 2, NULL, 1, '2023-10-13 11:43:57', NULL, NULL, NULL),
(1672, 2, NULL, 1, '2023-10-13 12:07:06', NULL, NULL, NULL),
(1673, 2, NULL, 1, '2023-10-13 12:09:56', NULL, NULL, NULL),
(1674, 2, NULL, 1, '2023-10-13 12:11:00', NULL, NULL, NULL),
(1675, 2, NULL, 1, '2023-10-13 12:51:17', NULL, NULL, NULL),
(1676, 2, NULL, 1, '2023-10-13 13:17:09', NULL, NULL, NULL),
(1677, 3, NULL, 1, '2023-10-16 06:47:35', NULL, NULL, NULL),
(1678, 3, NULL, 1, '2023-10-16 06:49:36', NULL, NULL, NULL),
(1679, 3, NULL, 1, '2023-10-16 07:36:10', NULL, NULL, NULL),
(1680, 3, NULL, 1, '2023-10-16 08:20:31', NULL, NULL, NULL),
(1681, 3, NULL, 1, '2023-10-16 08:25:36', NULL, NULL, NULL),
(1682, 3, NULL, 1, '2023-10-16 08:27:37', NULL, NULL, NULL),
(1683, 3, NULL, 1, '2023-10-16 08:28:27', NULL, NULL, NULL),
(1684, 3, NULL, 1, '2023-10-16 08:28:51', NULL, NULL, NULL),
(1685, 3, NULL, 1, '2023-10-16 08:29:35', NULL, NULL, NULL),
(1686, 3, NULL, 1, '2023-10-16 08:30:27', NULL, NULL, NULL),
(1687, 3, NULL, 1, '2023-10-16 08:30:32', NULL, NULL, NULL),
(1688, 3, NULL, 1, '2023-10-16 09:18:28', NULL, NULL, NULL),
(1689, 3, NULL, 1, '2023-10-16 09:19:43', NULL, NULL, NULL),
(1690, 3, NULL, 1, '2023-10-16 09:21:01', NULL, NULL, NULL),
(1691, 3, NULL, 1, '2023-10-16 09:28:32', NULL, NULL, NULL),
(1692, 3, NULL, 1, '2023-10-16 09:31:05', NULL, NULL, NULL),
(1693, 3, NULL, 1, '2023-10-16 09:31:26', NULL, NULL, NULL),
(1694, 3, NULL, 1, '2023-10-16 09:40:21', NULL, NULL, NULL),
(1695, 3, NULL, 1, '2023-10-16 10:12:36', NULL, NULL, NULL),
(1696, 3, NULL, 1, '2023-10-16 10:15:30', NULL, NULL, NULL),
(1697, 3, NULL, 1, '2023-10-16 10:16:48', NULL, NULL, NULL),
(1698, 3, NULL, 1, '2023-10-16 10:17:34', NULL, NULL, NULL),
(1699, 3, NULL, 1, '2023-10-16 10:17:51', NULL, NULL, NULL),
(1700, 3, NULL, 1, '2023-10-16 10:18:08', NULL, NULL, NULL),
(1701, 3, NULL, 1, '2023-10-16 10:18:53', NULL, NULL, NULL),
(1702, 3, NULL, 1, '2023-10-16 10:19:57', NULL, NULL, NULL),
(1703, 3, NULL, 1, '2023-10-16 10:20:16', NULL, NULL, NULL),
(1704, 3, NULL, 1, '2023-10-16 11:15:40', NULL, NULL, NULL),
(1705, 3, NULL, 1, '2023-10-16 11:17:02', NULL, NULL, NULL),
(1706, 3, NULL, 1, '2023-10-16 11:17:37', NULL, NULL, NULL),
(1707, 3, NULL, 1, '2023-10-16 11:18:29', NULL, NULL, NULL),
(1708, 3, NULL, 1, '2023-10-16 11:19:00', NULL, NULL, NULL);
INSERT INTO `orders` (`id`, `worker_id`, `client_id`, `payment_method_id`, `created_at`, `closed_at`, `status`, `lesson_id`) VALUES
(1709, 3, NULL, 1, '2023-10-16 11:19:54', NULL, NULL, NULL),
(1710, 3, NULL, 1, '2023-10-16 11:20:55', NULL, NULL, NULL),
(1711, 3, NULL, 1, '2023-10-16 11:21:41', NULL, NULL, NULL),
(1712, 3, NULL, 1, '2023-10-16 11:22:41', NULL, NULL, NULL),
(1713, 3, NULL, 1, '2023-10-16 11:23:43', NULL, NULL, NULL),
(1714, 3, NULL, 1, '2023-10-16 12:12:04', NULL, NULL, NULL),
(1715, 3, NULL, 1, '2023-10-16 12:12:38', NULL, NULL, NULL),
(1716, 3, NULL, 1, '2023-10-16 12:14:04', NULL, NULL, NULL),
(1717, 3, NULL, 1, '2023-10-16 12:14:15', NULL, NULL, NULL),
(1718, 3, NULL, 1, '2023-10-16 12:15:28', NULL, NULL, NULL),
(1719, 3, NULL, 1, '2023-10-16 12:15:31', NULL, NULL, NULL),
(1720, 3, NULL, 1, '2023-10-16 12:16:36', NULL, NULL, NULL),
(1721, 3, NULL, 1, '2023-10-16 12:17:40', NULL, NULL, NULL),
(1722, 3, NULL, 1, '2023-10-16 12:23:28', NULL, NULL, NULL),
(1723, 2, NULL, 1, '2023-10-17 09:33:55', NULL, NULL, NULL),
(1724, 2, NULL, 1, '2023-10-17 09:58:52', NULL, NULL, NULL),
(1725, 3, NULL, 1, '2023-10-17 12:49:55', NULL, NULL, NULL),
(1726, 3, NULL, 1, '2023-10-18 09:29:58', NULL, NULL, NULL),
(1727, 2, NULL, 1, '2023-10-23 08:23:59', NULL, NULL, NULL),
(1728, 2, NULL, 1, '2023-10-23 08:24:37', NULL, NULL, NULL),
(1729, 2, NULL, 1, '2023-10-23 08:25:10', NULL, NULL, NULL),
(1730, 2, NULL, 1, '2023-10-23 08:25:37', NULL, NULL, NULL),
(1731, 2, NULL, 1, '2023-10-23 08:26:42', NULL, NULL, NULL),
(1732, 2, NULL, 1, '2023-10-23 08:26:52', NULL, NULL, NULL),
(1733, 2, NULL, 1, '2023-10-23 08:27:37', NULL, NULL, NULL),
(1734, 2, NULL, 1, '2023-10-23 08:28:43', NULL, NULL, NULL),
(1735, 2, NULL, 1, '2023-10-23 08:35:05', NULL, NULL, NULL),
(1736, 2, NULL, 1, '2023-10-23 09:20:13', NULL, NULL, NULL),
(1737, 2, NULL, 1, '2023-10-23 09:20:39', NULL, NULL, NULL),
(1738, 2, NULL, 1, '2023-10-23 09:24:16', NULL, NULL, NULL),
(1739, 2, NULL, 1, '2023-10-23 09:25:45', NULL, NULL, NULL),
(1740, 2, NULL, 1, '2023-10-23 09:25:59', NULL, NULL, NULL),
(1741, 2, NULL, 1, '2023-10-23 10:14:09', NULL, NULL, NULL),
(1742, 2, NULL, 1, '2023-10-23 10:14:44', NULL, NULL, NULL),
(1743, 2, NULL, 1, '2023-10-23 10:15:45', NULL, NULL, NULL),
(1744, 2, NULL, 1, '2023-10-23 10:15:51', NULL, NULL, NULL),
(1745, 2, NULL, 1, '2023-10-23 10:16:43', NULL, NULL, NULL),
(1746, 2, NULL, 1, '2023-10-23 10:26:44', NULL, NULL, NULL),
(1747, 2, NULL, 1, '2023-10-23 10:28:04', NULL, NULL, NULL),
(1748, 2, NULL, 1, '2023-10-23 10:28:12', NULL, NULL, NULL),
(1749, 2, NULL, 1, '2023-10-23 11:13:54', NULL, NULL, NULL),
(1750, 2, NULL, 1, '2023-10-23 11:16:17', NULL, NULL, NULL),
(1751, 2, NULL, 1, '2023-10-23 11:19:38', NULL, NULL, NULL),
(1752, 2, NULL, 1, '2023-10-23 11:23:20', NULL, NULL, NULL),
(1753, 2, NULL, 1, '2023-10-23 12:09:55', NULL, NULL, NULL),
(1754, 2, NULL, 1, '2023-10-23 12:10:38', NULL, NULL, NULL),
(1755, 2, NULL, 1, '2023-10-23 12:10:53', NULL, NULL, NULL),
(1756, 2, NULL, 1, '2023-10-23 12:11:22', NULL, NULL, NULL),
(1757, 2, NULL, 1, '2023-10-23 12:11:54', NULL, NULL, NULL),
(1758, 6, NULL, 1, '2023-10-24 08:25:03', NULL, NULL, NULL),
(1759, 6, NULL, 1, '2023-10-24 08:27:53', NULL, NULL, NULL),
(1760, 6, NULL, 1, '2023-10-24 09:19:43', NULL, NULL, NULL),
(1761, 6, NULL, 1, '2023-10-24 09:20:40', NULL, NULL, NULL),
(1762, 6, NULL, 1, '2023-10-24 09:21:03', NULL, NULL, NULL),
(1763, 6, NULL, 1, '2023-10-24 09:21:21', NULL, NULL, NULL),
(1764, 6, NULL, 1, '2023-10-24 09:22:48', NULL, NULL, NULL),
(1765, 6, NULL, 1, '2023-10-24 09:23:29', NULL, NULL, NULL),
(1766, 6, NULL, 2, '2023-10-24 09:24:33', NULL, NULL, NULL),
(1767, 6, NULL, 2, '2023-10-24 09:26:20', NULL, NULL, NULL),
(1768, 6, NULL, 2, '2023-10-24 09:27:44', NULL, NULL, NULL),
(1769, 6, NULL, 2, '2023-10-24 09:28:40', NULL, NULL, NULL),
(1770, 6, NULL, 2, '2023-10-24 09:28:54', NULL, NULL, NULL),
(1771, 6, NULL, 2, '2023-10-24 09:29:34', NULL, NULL, NULL),
(1772, 6, NULL, 1, '2023-10-24 10:15:14', NULL, NULL, NULL),
(1773, 6, NULL, 1, '2023-10-24 10:25:40', NULL, NULL, NULL),
(1774, 6, NULL, 2, '2023-10-24 11:13:21', NULL, NULL, NULL),
(1775, 6, NULL, 2, '2023-10-24 11:14:12', NULL, NULL, NULL),
(1776, 6, NULL, 2, '2023-10-24 11:14:49', NULL, NULL, NULL),
(1777, 6, NULL, 2, '2023-10-24 11:15:58', NULL, NULL, NULL),
(1778, 6, NULL, 2, '2023-10-24 11:16:31', NULL, NULL, NULL),
(1779, 6, NULL, 2, '2023-10-24 11:18:11', NULL, NULL, NULL),
(1780, 6, NULL, 2, '2023-10-24 11:19:32', NULL, NULL, NULL),
(1781, 6, NULL, 1, '2023-10-24 12:12:16', NULL, NULL, NULL),
(1782, 6, NULL, 1, '2023-10-24 12:13:20', NULL, NULL, NULL),
(1783, 6, NULL, 1, '2023-10-24 12:17:36', NULL, NULL, NULL),
(1784, 6, NULL, 1, '2023-10-24 12:25:20', NULL, NULL, NULL),
(1785, 2, NULL, 1, '2023-10-25 06:45:44', NULL, NULL, NULL),
(1786, 2, NULL, 1, '2023-10-25 07:36:42', NULL, NULL, NULL),
(1787, 2, NULL, 1, '2023-10-25 08:24:33', NULL, NULL, NULL),
(1788, 2, NULL, 1, '2023-10-25 09:18:53', NULL, NULL, NULL),
(1789, 2, NULL, 1, '2023-10-25 09:20:07', NULL, NULL, NULL),
(1790, 2, NULL, 1, '2023-10-25 09:20:31', NULL, NULL, NULL),
(1791, 2, NULL, 1, '2023-10-25 09:20:35', NULL, NULL, NULL),
(1792, 2, NULL, 1, '2023-10-25 09:23:07', NULL, NULL, NULL),
(1793, 2, NULL, 1, '2023-10-25 09:26:06', NULL, NULL, NULL),
(1794, 2, NULL, 1, '2023-10-25 10:13:01', NULL, NULL, NULL),
(1795, 2, NULL, 1, '2023-10-25 10:14:03', NULL, NULL, NULL),
(1796, 2, NULL, 1, '2023-10-25 10:14:50', NULL, NULL, NULL),
(1797, 2, NULL, 1, '2023-10-25 10:16:11', NULL, NULL, NULL),
(1798, 2, NULL, 1, '2023-10-25 10:17:15', NULL, NULL, NULL),
(1799, 2, NULL, 1, '2023-10-25 11:19:29', NULL, NULL, NULL),
(1800, 2, NULL, 1, '2023-10-25 12:09:41', NULL, NULL, NULL),
(1801, 14, NULL, 1, '2023-10-26 07:31:34', NULL, NULL, NULL),
(1802, 14, NULL, 1, '2023-10-26 07:31:54', NULL, NULL, NULL),
(1803, 14, NULL, 1, '2023-10-26 08:23:14', NULL, NULL, NULL),
(1804, 14, NULL, 1, '2023-10-26 08:23:50', NULL, NULL, NULL),
(1805, 14, NULL, 1, '2023-10-26 08:24:17', NULL, NULL, NULL),
(1806, 14, NULL, 1, '2023-10-26 08:25:05', NULL, NULL, NULL),
(1807, 14, NULL, 1, '2023-10-26 08:25:11', NULL, NULL, NULL),
(1808, 14, NULL, 1, '2023-10-26 08:25:45', NULL, NULL, NULL),
(1809, 14, NULL, 1, '2023-10-26 08:26:14', NULL, NULL, NULL),
(1810, 14, NULL, 1, '2023-10-26 08:27:00', NULL, NULL, NULL),
(1811, 14, NULL, 1, '2023-10-26 08:27:31', NULL, NULL, NULL),
(1812, 14, NULL, 1, '2023-10-26 08:33:21', NULL, NULL, NULL),
(1813, 14, NULL, 1, '2023-10-26 08:33:55', NULL, NULL, NULL),
(1814, 14, NULL, 1, '2023-10-26 08:34:46', NULL, NULL, NULL),
(1815, 14, NULL, 1, '2023-10-26 08:50:59', NULL, NULL, NULL),
(1816, 14, NULL, 1, '2023-10-26 09:18:44', NULL, NULL, NULL),
(1817, 14, NULL, 1, '2023-10-26 09:19:16', NULL, NULL, NULL),
(1818, 14, NULL, 1, '2023-10-26 09:20:40', NULL, NULL, NULL),
(1819, 14, NULL, 1, '2023-10-26 09:21:20', NULL, NULL, NULL),
(1820, 14, NULL, 1, '2023-10-26 09:28:17', NULL, NULL, NULL),
(1821, 14, NULL, 1, '2023-10-26 09:41:21', NULL, NULL, NULL),
(1822, 14, NULL, 1, '2023-10-26 10:12:23', NULL, NULL, NULL),
(1823, 14, NULL, 1, '2023-10-26 10:12:53', NULL, NULL, NULL),
(1824, 14, NULL, 1, '2023-10-26 10:13:25', NULL, NULL, NULL),
(1825, 14, NULL, 1, '2023-10-26 10:14:28', NULL, NULL, NULL),
(1826, 14, NULL, 1, '2023-10-26 10:14:52', NULL, NULL, NULL),
(1827, 14, NULL, 1, '2023-10-26 10:16:14', NULL, NULL, NULL),
(1828, 14, NULL, 1, '2023-10-26 10:17:04', NULL, NULL, NULL),
(1829, 14, NULL, 1, '2023-10-26 10:22:30', NULL, NULL, NULL),
(1830, 14, NULL, 1, '2023-10-26 10:23:52', NULL, NULL, NULL),
(1831, 14, NULL, 1, '2023-10-26 10:24:20', NULL, NULL, NULL),
(1832, 14, NULL, 1, '2023-10-26 11:10:53', NULL, NULL, NULL),
(1833, 14, NULL, 1, '2023-10-26 11:12:00', NULL, NULL, NULL),
(1834, 14, NULL, 1, '2023-10-26 11:13:18', NULL, NULL, NULL),
(1835, 14, NULL, 1, '2023-10-26 11:14:41', NULL, NULL, NULL),
(1836, 14, NULL, 1, '2023-10-26 11:16:36', NULL, NULL, NULL),
(1837, 14, NULL, 1, '2023-10-26 11:16:48', NULL, NULL, NULL),
(1838, 14, NULL, 1, '2023-10-26 11:17:01', NULL, NULL, NULL),
(1839, 14, NULL, 1, '2023-10-26 12:07:13', NULL, NULL, NULL),
(1840, 14, NULL, 1, '2023-10-26 12:16:36', NULL, NULL, NULL),
(1841, 14, NULL, 1, '2023-10-26 12:56:47', NULL, NULL, NULL),
(1842, 2, NULL, 1, '2023-10-27 06:48:24', NULL, NULL, NULL),
(1843, 2, NULL, 2, '2023-10-27 07:04:00', NULL, NULL, NULL),
(1844, 2, NULL, 2, '2023-10-27 07:31:06', NULL, NULL, NULL),
(1845, 2, NULL, 2, '2023-10-27 07:32:39', NULL, NULL, NULL),
(1846, 2, NULL, 2, '2023-10-27 07:33:31', NULL, NULL, NULL),
(1847, 2, NULL, 2, '2023-10-27 08:21:28', NULL, NULL, NULL),
(1848, 2, NULL, 2, '2023-10-27 08:23:11', NULL, NULL, NULL),
(1849, 2, NULL, 2, '2023-10-27 08:24:33', NULL, NULL, NULL),
(1850, 2, NULL, 2, '2023-10-27 08:26:27', NULL, NULL, NULL),
(1851, 2, NULL, 2, '2023-10-27 08:27:16', NULL, NULL, NULL),
(1852, 2, NULL, 2, '2023-10-27 08:28:55', NULL, NULL, NULL),
(1853, 2, NULL, 2, '2023-10-27 08:29:21', NULL, NULL, NULL),
(1854, 2, NULL, 2, '2023-10-27 09:18:19', NULL, NULL, NULL),
(1855, 2, NULL, 2, '2023-10-27 09:19:26', NULL, NULL, NULL),
(1856, 2, NULL, 2, '2023-10-27 09:20:16', NULL, NULL, NULL),
(1857, 2, NULL, 2, '2023-10-27 09:21:07', NULL, NULL, NULL),
(1858, 2, NULL, 2, '2023-10-27 09:23:56', NULL, NULL, NULL),
(1859, 2, NULL, 1, '2023-10-27 10:11:44', NULL, NULL, NULL),
(1860, 2, NULL, 1, '2023-10-27 10:13:08', NULL, NULL, NULL),
(1861, 2, NULL, 1, '2023-10-27 10:13:42', NULL, NULL, NULL),
(1862, 2, NULL, 1, '2023-10-27 10:16:30', NULL, NULL, NULL),
(1863, 2, NULL, 1, '2023-10-27 10:17:56', NULL, NULL, NULL),
(1864, 2, NULL, 1, '2023-10-27 10:18:21', NULL, NULL, NULL),
(1865, 2, NULL, 1, '2023-10-27 10:21:30', NULL, NULL, NULL),
(1866, 2, NULL, 1, '2023-10-27 10:23:03', NULL, NULL, NULL),
(1867, 2, NULL, 1, '2023-10-27 10:23:14', NULL, NULL, NULL),
(1868, 2, NULL, 1, '2023-10-27 11:02:55', NULL, NULL, NULL),
(1869, 2, NULL, 1, '2023-10-27 11:16:05', NULL, NULL, NULL),
(1870, 2, NULL, 1, '2023-10-27 11:17:33', NULL, NULL, NULL),
(1871, 2, NULL, 1, '2023-10-27 11:21:10', NULL, NULL, NULL),
(1872, 2, NULL, 1, '2023-10-27 12:11:43', NULL, NULL, NULL),
(1873, 2, NULL, 1, '2023-10-27 12:13:31', NULL, NULL, NULL),
(1874, 2, NULL, 1, '2023-10-30 07:41:57', NULL, NULL, NULL),
(1875, 2, NULL, 1, '2023-10-30 07:43:40', NULL, NULL, NULL),
(1876, 2, NULL, 1, '2023-10-30 07:44:11', NULL, NULL, NULL),
(1877, 2, NULL, 1, '2023-10-30 07:45:58', NULL, NULL, NULL),
(1878, 2, NULL, 1, '2023-10-30 07:46:35', NULL, NULL, NULL),
(1879, 2, NULL, 1, '2023-10-30 07:47:57', NULL, NULL, NULL),
(1880, 2, NULL, 1, '2023-10-30 08:33:10', NULL, NULL, NULL),
(1881, 2, NULL, 1, '2023-10-30 08:36:40', NULL, NULL, NULL),
(1882, 2, NULL, 1, '2023-10-30 08:37:07', NULL, NULL, NULL),
(1883, 2, NULL, 1, '2023-10-30 09:22:27', NULL, NULL, NULL),
(1884, 2, NULL, 1, '2023-10-30 09:23:11', NULL, NULL, NULL),
(1885, 2, NULL, 1, '2023-10-30 09:24:20', NULL, NULL, NULL),
(1886, 2, NULL, 1, '2023-10-30 09:24:55', NULL, NULL, NULL),
(1887, 2, NULL, 1, '2023-10-30 09:25:37', NULL, NULL, NULL),
(1888, 2, NULL, 1, '2023-10-30 09:26:49', NULL, NULL, NULL),
(1889, 2, NULL, 1, '2023-10-30 09:27:12', NULL, NULL, NULL),
(1890, 2, NULL, 1, '2023-10-30 09:28:18', NULL, NULL, NULL),
(1891, 2, NULL, 1, '2023-10-30 09:30:04', NULL, NULL, NULL),
(1892, 2, NULL, 1, '2023-10-30 09:30:21', NULL, NULL, NULL),
(1893, 2, NULL, 1, '2023-10-30 09:30:48', NULL, NULL, NULL),
(1894, 2, NULL, 1, '2023-10-30 09:31:31', NULL, NULL, NULL),
(1895, 2, NULL, 1, '2023-10-30 10:19:00', NULL, NULL, NULL),
(1896, 2, NULL, 1, '2023-10-30 10:19:30', NULL, NULL, NULL),
(1897, 2, NULL, 1, '2023-10-30 10:20:27', NULL, NULL, NULL),
(1898, 2, NULL, 1, '2023-10-30 10:21:37', NULL, NULL, NULL),
(1899, 2, NULL, 1, '2023-10-30 10:22:01', NULL, NULL, NULL),
(1900, 2, NULL, 1, '2023-10-30 10:22:35', NULL, NULL, NULL),
(1901, 2, NULL, 1, '2023-10-30 10:23:10', NULL, NULL, NULL),
(1902, 2, NULL, 1, '2023-10-30 10:23:30', NULL, NULL, NULL),
(1903, 2, NULL, 1, '2023-10-30 10:24:25', NULL, NULL, NULL),
(1904, 2, NULL, 1, '2023-10-30 10:27:28', NULL, NULL, NULL),
(1905, 2, NULL, 1, '2023-10-30 11:12:17', NULL, NULL, NULL),
(1906, 2, NULL, 1, '2023-10-30 11:12:40', NULL, NULL, NULL),
(1907, 2, NULL, 1, '2023-10-30 11:13:48', NULL, NULL, NULL),
(1908, 2, NULL, 1, '2023-10-30 11:14:19', NULL, NULL, NULL),
(1909, 2, NULL, 1, '2023-10-30 11:15:37', NULL, NULL, NULL),
(1910, 2, NULL, 1, '2023-10-30 11:17:47', NULL, NULL, NULL),
(1911, 2, NULL, 1, '2023-10-30 11:19:15', NULL, NULL, NULL),
(1912, 2, NULL, 1, '2023-10-30 11:19:57', NULL, NULL, NULL),
(1913, 2, NULL, 1, '2023-10-30 11:21:21', NULL, NULL, NULL),
(1914, 2, NULL, 1, '2023-10-30 11:21:58', NULL, NULL, NULL),
(1915, 2, NULL, 1, '2023-10-30 12:10:14', NULL, NULL, NULL),
(1916, 2, NULL, 1, '2023-10-30 12:11:27', NULL, NULL, NULL),
(1917, 2, NULL, 1, '2023-10-30 12:15:56', NULL, NULL, NULL),
(1918, 2, NULL, 1, '2023-10-30 12:16:40', NULL, NULL, NULL),
(1919, 2, NULL, 1, '2023-10-30 12:17:42', NULL, NULL, NULL),
(1920, 2, NULL, 1, '2023-10-30 12:17:58', NULL, NULL, NULL),
(1921, 2, NULL, 1, '2023-10-30 12:18:37', NULL, NULL, NULL),
(1922, 2, NULL, 1, '2023-10-30 12:22:10', NULL, NULL, NULL),
(1923, 2, NULL, 1, '2023-10-30 13:06:21', NULL, NULL, NULL),
(1924, 2, NULL, 1, '2023-10-30 13:10:56', NULL, NULL, NULL),
(1925, 2, NULL, 1, '2023-10-30 13:13:03', NULL, NULL, NULL),
(1926, 2, NULL, 1, '2023-10-30 14:04:18', NULL, NULL, NULL),
(1927, 2, NULL, 2, '2023-10-31 08:32:52', NULL, NULL, NULL),
(1928, 2, NULL, 2, '2023-10-31 08:33:25', NULL, NULL, NULL),
(1929, 2, NULL, 2, '2023-10-31 08:36:01', NULL, NULL, NULL),
(1930, 2, NULL, 1, '2023-10-31 09:21:55', NULL, NULL, NULL),
(1931, 2, NULL, 1, '2023-10-31 09:22:49', NULL, NULL, NULL),
(1932, 2, NULL, 1, '2023-10-31 09:23:58', NULL, NULL, NULL),
(1933, 2, NULL, 1, '2023-10-31 09:24:49', NULL, NULL, NULL),
(1934, 2, NULL, 1, '2023-10-31 09:28:29', NULL, NULL, NULL),
(1935, 2, NULL, 1, '2023-10-31 09:30:39', NULL, NULL, NULL),
(1936, 2, NULL, 1, '2023-10-31 09:31:05', NULL, NULL, NULL),
(1937, 2, NULL, 1, '2023-10-31 09:39:19', NULL, NULL, NULL),
(1938, 2, NULL, 1, '2023-10-31 10:16:04', NULL, NULL, NULL),
(1939, 2, NULL, 1, '2023-10-31 10:21:53', NULL, NULL, NULL),
(1940, 2, NULL, 1, '2023-10-31 10:21:56', NULL, NULL, NULL),
(1941, 2, NULL, 1, '2023-10-31 11:11:07', NULL, NULL, NULL),
(1942, 2, NULL, 1, '2023-10-31 11:11:15', NULL, NULL, NULL),
(1943, 2, NULL, 1, '2023-10-31 11:11:45', NULL, NULL, NULL),
(1944, 2, NULL, 1, '2023-10-31 11:12:34', NULL, NULL, NULL),
(1945, 2, NULL, 1, '2023-10-31 11:14:29', NULL, NULL, NULL),
(1946, 2, NULL, 1, '2023-10-31 11:14:54', NULL, NULL, NULL),
(1947, 2, NULL, 1, '2023-10-31 11:16:57', NULL, NULL, NULL),
(1948, 2, NULL, 1, '2023-10-31 11:17:14', NULL, NULL, NULL),
(1949, 2, NULL, 1, '2023-10-31 11:19:00', NULL, NULL, NULL),
(1950, 2, NULL, 1, '2023-10-31 11:21:49', NULL, NULL, NULL),
(1951, 2, NULL, 1, '2023-10-31 11:24:51', NULL, NULL, NULL),
(1952, 2, NULL, 1, '2023-10-31 12:08:17', NULL, NULL, NULL),
(1953, 2, NULL, 1, '2023-10-31 12:11:36', NULL, NULL, NULL),
(1954, 2, NULL, 1, '2023-10-31 12:13:25', NULL, NULL, NULL),
(1955, 2, NULL, 1, '2023-10-31 12:14:10', NULL, NULL, NULL),
(1956, 2, NULL, 1, '2023-10-31 12:14:55', NULL, NULL, NULL),
(1957, 2, NULL, 1, '2023-10-31 12:15:12', NULL, NULL, NULL),
(1958, 2, NULL, 1, '2023-10-31 12:15:59', NULL, NULL, NULL),
(1959, 2, NULL, 1, '2023-10-31 12:16:40', NULL, NULL, NULL),
(1960, 2, NULL, 1, '2023-10-31 12:16:59', NULL, NULL, NULL),
(1961, 2, NULL, 1, '2023-10-31 12:17:38', NULL, NULL, NULL),
(1962, 2, NULL, 1, '2023-10-31 12:25:15', NULL, NULL, NULL),
(1963, 2, NULL, 1, '2023-10-31 12:26:21', NULL, NULL, NULL),
(1964, 2, NULL, 1, '2023-10-31 13:05:28', NULL, NULL, NULL),
(1965, 2, NULL, 1, '2023-10-31 13:06:29', NULL, NULL, NULL),
(1966, 2, NULL, 1, '2023-10-31 13:06:36', NULL, NULL, NULL),
(1967, 2, NULL, 1, '2023-10-31 13:07:16', NULL, NULL, NULL),
(1968, 2, NULL, 1, '2023-10-31 13:08:00', NULL, NULL, NULL),
(1969, 2, NULL, 1, '2023-10-31 13:08:37', NULL, NULL, NULL),
(1970, 2, NULL, 1, '2023-10-31 13:08:57', NULL, NULL, NULL),
(1971, 2, NULL, 1, '2023-10-31 13:09:58', NULL, NULL, NULL),
(1972, 2, NULL, 1, '2023-10-31 13:10:04', NULL, NULL, NULL),
(1973, 2, NULL, 1, '2023-10-31 13:10:46', NULL, NULL, NULL),
(1974, 2, NULL, 1, '2023-10-31 13:11:26', NULL, NULL, NULL),
(1975, 2, NULL, 1, '2023-11-02 07:44:03', NULL, NULL, NULL),
(1976, 2, NULL, 1, '2023-11-02 07:48:33', NULL, NULL, NULL),
(1977, 2, NULL, 1, '2023-11-02 08:32:39', NULL, NULL, NULL),
(1978, 2, NULL, 1, '2023-11-02 08:39:16', NULL, NULL, NULL),
(1979, 2, NULL, 1, '2023-11-02 09:22:56', NULL, NULL, NULL),
(1980, 2, NULL, 1, '2023-11-02 09:23:12', NULL, NULL, NULL),
(1981, 2, NULL, 1, '2023-11-02 09:24:38', NULL, NULL, NULL),
(1982, 2, NULL, 1, '2023-11-02 09:25:22', NULL, NULL, NULL),
(1983, 2, NULL, 1, '2023-11-02 09:26:25', NULL, NULL, NULL),
(1984, 2, NULL, 1, '2023-11-02 09:32:54', NULL, NULL, NULL),
(1985, 2, NULL, 1, '2023-11-02 10:10:49', NULL, NULL, NULL),
(1986, 2, NULL, 1, '2023-11-02 10:15:47', NULL, NULL, NULL),
(1987, 2, NULL, 1, '2023-11-02 10:16:07', NULL, NULL, NULL),
(1988, 2, NULL, 1, '2023-11-02 10:16:40', NULL, NULL, NULL),
(1989, 2, NULL, 1, '2023-11-02 10:18:48', NULL, NULL, NULL),
(1990, 2, NULL, 1, '2023-11-02 10:21:06', NULL, NULL, NULL),
(1991, 2, NULL, 1, '2023-11-02 10:21:22', NULL, NULL, NULL),
(1992, 2, NULL, 1, '2023-11-02 10:22:45', NULL, NULL, NULL),
(1993, 2, NULL, 1, '2023-11-02 10:24:12', NULL, NULL, NULL),
(1994, 2, NULL, 1, '2023-11-02 10:28:48', NULL, NULL, NULL),
(1995, 2, NULL, 1, '2023-11-02 11:15:26', NULL, NULL, NULL),
(1996, 2, NULL, 1, '2023-11-02 11:17:34', NULL, NULL, NULL),
(1997, 2, NULL, 1, '2023-11-02 11:18:20', NULL, NULL, NULL),
(1998, 2, NULL, 1, '2023-11-02 11:20:22', NULL, NULL, NULL),
(1999, 2, NULL, 1, '2023-11-02 11:20:56', NULL, NULL, NULL),
(2000, 2, NULL, 1, '2023-11-02 11:21:45', NULL, NULL, NULL),
(2001, 2, NULL, 1, '2023-11-02 11:22:48', NULL, NULL, NULL),
(2002, 2, NULL, 2, '2023-11-03 11:09:00', NULL, NULL, NULL),
(2003, 2, NULL, 1, '2023-11-03 11:09:42', NULL, NULL, NULL),
(2004, 2, NULL, 1, '2023-11-03 11:09:55', NULL, NULL, NULL),
(2005, 2, NULL, 1, '2023-11-03 11:12:46', NULL, NULL, NULL),
(2006, 2, NULL, 1, '2023-11-03 11:13:36', NULL, NULL, NULL),
(2007, 2, NULL, 2, '2023-11-03 11:14:09', NULL, NULL, NULL),
(2008, 2, NULL, 2, '2023-11-03 11:14:48', NULL, NULL, NULL),
(2009, 2, NULL, 1, '2023-11-03 11:15:34', NULL, NULL, NULL),
(2010, 2, NULL, 2, '2023-11-03 11:16:27', NULL, NULL, NULL),
(2011, 2, NULL, 2, '2023-11-03 11:17:00', NULL, NULL, NULL),
(2012, 2, NULL, 2, '2023-11-03 11:18:36', NULL, NULL, NULL),
(2013, 2, NULL, 2, '2023-11-03 11:19:13', NULL, NULL, NULL),
(2014, 2, NULL, 2, '2023-11-03 11:21:49', NULL, NULL, NULL),
(2015, 2, NULL, 1, '2023-11-03 11:22:14', NULL, NULL, NULL),
(2016, 2, NULL, 1, '2023-11-03 12:09:21', NULL, NULL, NULL),
(2017, 2, NULL, 2, '2023-11-03 12:11:18', NULL, NULL, NULL),
(2018, 2, NULL, 2, '2023-11-03 12:12:58', NULL, NULL, NULL),
(2019, 2, NULL, 1, '2023-11-03 12:16:37', NULL, NULL, NULL),
(2020, 2, NULL, 2, '2023-11-03 12:17:13', NULL, NULL, NULL),
(2021, 2, NULL, 2, '2023-11-03 12:18:29', NULL, NULL, NULL),
(2022, 2, NULL, 1, '2023-11-03 12:18:35', NULL, NULL, NULL),
(2023, 2, NULL, 1, '2023-11-03 13:04:20', NULL, NULL, NULL),
(2024, 2, NULL, 1, '2023-11-03 13:05:01', NULL, NULL, NULL),
(2025, 2, NULL, 1, '2023-11-03 13:06:55', NULL, NULL, NULL),
(2026, 2, NULL, 1, '2023-11-03 13:14:10', NULL, NULL, NULL),
(2027, 2, NULL, 2, '2023-11-06 09:19:14', NULL, NULL, NULL),
(2028, 2, NULL, 2, '2023-11-06 09:19:34', NULL, NULL, NULL),
(2029, 2, NULL, 1, '2023-11-06 09:20:15', NULL, NULL, NULL),
(2030, 2, NULL, 1, '2023-11-06 09:20:19', NULL, NULL, NULL),
(2031, 2, NULL, 1, '2023-11-06 09:20:56', NULL, NULL, NULL),
(2032, 2, NULL, 2, '2023-11-06 09:21:52', NULL, NULL, NULL),
(2033, 2, NULL, 2, '2023-11-06 09:21:56', NULL, NULL, NULL),
(2034, 2, NULL, 2, '2023-11-06 09:23:36', NULL, NULL, NULL),
(2035, 2, NULL, 2, '2023-11-06 09:23:54', NULL, NULL, NULL),
(2036, 2, NULL, 2, '2023-11-06 09:25:24', NULL, NULL, NULL),
(2037, 2, NULL, 1, '2023-11-06 09:25:29', NULL, NULL, NULL),
(2038, 2, NULL, 1, '2023-11-06 10:13:57', NULL, NULL, NULL),
(2039, 2, NULL, 1, '2023-11-06 10:15:04', NULL, NULL, NULL),
(2040, 2, NULL, 2, '2023-11-06 10:15:16', NULL, NULL, NULL),
(2041, 2, NULL, 2, '2023-11-06 10:16:06', NULL, NULL, NULL),
(2042, 2, NULL, 2, '2023-11-06 10:18:08', NULL, NULL, NULL),
(2043, 2, NULL, 2, '2023-11-06 10:18:54', NULL, NULL, NULL),
(2044, 2, NULL, 1, '2023-11-06 10:19:09', NULL, NULL, NULL),
(2045, 2, NULL, 2, '2023-11-06 10:21:31', NULL, NULL, NULL),
(2046, 2, NULL, 2, '2023-11-06 10:23:04', NULL, NULL, NULL),
(2047, 2, NULL, 2, '2023-11-06 10:24:04', NULL, NULL, NULL),
(2048, 2, NULL, 2, '2023-11-06 10:25:02', NULL, NULL, NULL),
(2049, 2, NULL, 2, '2023-11-06 10:25:15', NULL, NULL, NULL),
(2050, 2, NULL, 1, '2023-11-06 11:04:38', NULL, NULL, NULL),
(2051, 2, NULL, 2, '2023-11-06 11:08:47', NULL, NULL, NULL),
(2052, 2, NULL, 1, '2023-11-06 11:08:54', NULL, NULL, NULL),
(2053, 2, NULL, 2, '2023-11-06 11:10:38', NULL, NULL, NULL),
(2054, 2, NULL, 2, '2023-11-06 11:11:05', NULL, NULL, NULL),
(2055, 2, NULL, 2, '2023-11-06 11:11:36', NULL, NULL, NULL),
(2056, 2, NULL, 2, '2023-11-06 11:12:49', NULL, NULL, NULL),
(2057, 2, NULL, 2, '2023-11-06 11:13:44', NULL, NULL, NULL),
(2058, 2, NULL, 2, '2023-11-06 11:20:22', NULL, NULL, NULL),
(2059, 2, NULL, 2, '2023-11-06 11:21:45', NULL, NULL, NULL),
(2060, 2, NULL, 2, '2023-11-06 12:09:02', NULL, NULL, NULL),
(2061, 2, NULL, 2, '2023-11-06 12:09:34', NULL, NULL, NULL),
(2062, 2, NULL, 2, '2023-11-06 12:12:03', NULL, NULL, NULL),
(2063, 2, NULL, 2, '2023-11-06 12:13:51', NULL, NULL, NULL),
(2064, 2, NULL, 2, '2023-11-06 12:14:19', NULL, NULL, NULL),
(2065, 2, NULL, 2, '2023-11-06 12:17:03', NULL, NULL, NULL),
(2066, 2, NULL, 2, '2023-11-06 12:18:03', NULL, NULL, NULL),
(2067, 2, NULL, 2, '2023-11-06 12:18:42', NULL, NULL, NULL),
(2068, 2, NULL, 1, '2023-11-06 12:36:28', NULL, NULL, NULL),
(2069, 2, NULL, 1, '2023-11-06 13:03:53', NULL, NULL, NULL),
(2070, 2, NULL, 2, '2023-11-06 13:05:33', NULL, NULL, NULL),
(2071, 2, NULL, 2, '2023-11-06 13:07:00', NULL, NULL, NULL),
(2072, 2, NULL, 2, '2023-11-06 13:08:52', NULL, NULL, NULL),
(2073, 2, NULL, 1, '2023-11-07 09:22:06', NULL, NULL, NULL),
(2074, 2, NULL, 1, '2023-11-07 09:22:14', NULL, NULL, NULL),
(2075, 2, NULL, 1, '2023-11-07 09:22:17', NULL, NULL, NULL),
(2076, 2, NULL, 1, '2023-11-07 09:22:53', NULL, NULL, NULL),
(2077, 2, NULL, 1, '2023-11-07 09:25:12', NULL, NULL, NULL),
(2078, 2, NULL, 1, '2023-11-07 09:25:52', NULL, NULL, NULL),
(2079, 2, NULL, 1, '2023-11-07 09:28:19', NULL, NULL, NULL),
(2080, 2, NULL, 1, '2023-11-07 09:28:55', NULL, NULL, NULL),
(2081, 2, NULL, 1, '2023-11-07 09:31:54', NULL, NULL, NULL),
(2082, 2, NULL, 1, '2023-11-07 09:42:40', NULL, NULL, NULL),
(2083, 2, NULL, 2, '2023-11-07 10:19:32', NULL, NULL, NULL),
(2084, 2, NULL, 2, '2023-11-07 11:09:42', NULL, NULL, NULL),
(2085, 2, NULL, 2, '2023-11-07 11:10:44', NULL, NULL, NULL),
(2086, 2, NULL, 2, '2023-11-07 11:10:49', NULL, NULL, NULL),
(2087, 2, NULL, 2, '2023-11-07 11:12:42', NULL, NULL, NULL),
(2088, 2, NULL, 2, '2023-11-07 11:13:14', NULL, NULL, NULL),
(2089, 2, NULL, 2, '2023-11-07 11:14:10', NULL, NULL, NULL),
(2090, 2, NULL, 2, '2023-11-07 11:15:05', NULL, NULL, NULL),
(2091, 2, NULL, 2, '2023-11-07 11:17:10', NULL, NULL, NULL),
(2092, 2, NULL, 2, '2023-11-07 11:18:23', NULL, NULL, NULL),
(2093, 2, NULL, 2, '2023-11-07 11:18:28', NULL, NULL, NULL),
(2094, 2, NULL, 2, '2023-11-07 11:19:50', NULL, NULL, NULL),
(2095, 2, NULL, 2, '2023-11-07 11:20:35', NULL, NULL, NULL),
(2096, 2, NULL, 2, '2023-11-07 12:09:42', NULL, NULL, NULL),
(2097, 2, NULL, 1, '2023-11-07 12:10:27', NULL, NULL, NULL),
(2098, 2, NULL, 1, '2023-11-07 12:10:45', NULL, NULL, NULL),
(2099, 2, NULL, 1, '2023-11-07 12:11:22', NULL, NULL, NULL),
(2100, 2, NULL, 1, '2023-11-07 12:12:14', NULL, NULL, NULL),
(2101, 2, NULL, 1, '2023-11-07 12:13:15', NULL, NULL, NULL),
(2102, 2, NULL, 1, '2023-11-07 12:14:01', NULL, NULL, NULL),
(2103, 2, NULL, 1, '2023-11-07 12:16:00', NULL, NULL, NULL),
(2104, 2, NULL, 1, '2023-11-07 12:16:06', NULL, NULL, NULL),
(2105, 2, NULL, 1, '2023-11-07 12:16:32', NULL, NULL, NULL),
(2106, 2, NULL, 1, '2023-11-07 12:16:52', NULL, NULL, NULL),
(2107, 2, NULL, 1, '2023-11-07 13:03:49', NULL, NULL, NULL),
(2108, 2, NULL, 1, '2023-11-07 13:05:19', NULL, NULL, NULL),
(2109, 2, NULL, 1, '2023-11-07 13:05:32', NULL, NULL, NULL),
(2110, 2, NULL, 1, '2023-11-07 13:10:06', NULL, NULL, NULL),
(2111, 2, NULL, 1, '2023-11-07 13:11:10', NULL, NULL, NULL),
(2112, 2, NULL, 1, '2023-11-08 08:06:23', NULL, NULL, NULL),
(2113, 2, NULL, 1, '2023-11-08 08:28:57', NULL, NULL, NULL),
(2114, 2, NULL, 1, '2023-11-08 09:13:44', NULL, NULL, NULL),
(2115, 2, NULL, 1, '2023-11-08 09:20:19', NULL, NULL, NULL),
(2116, 2, NULL, 1, '2023-11-08 10:12:22', NULL, NULL, NULL),
(2117, 2, NULL, 1, '2023-11-08 10:15:55', NULL, NULL, NULL),
(2118, 2, NULL, 1, '2023-11-08 10:20:04', NULL, NULL, NULL),
(2119, 2, NULL, 1, '2023-11-08 10:20:07', NULL, NULL, NULL),
(2120, 2, NULL, 1, '2023-11-08 10:20:13', NULL, NULL, NULL),
(2121, 2, NULL, 1, '2023-11-08 10:20:21', NULL, NULL, NULL),
(2122, 2, NULL, 1, '2023-11-08 10:29:31', NULL, NULL, NULL),
(2123, 2, NULL, 1, '2023-11-08 10:30:11', NULL, NULL, NULL),
(2124, 2, NULL, 1, '2023-11-08 10:32:13', NULL, NULL, NULL),
(2125, 2, NULL, 1, '2023-11-08 10:35:18', NULL, NULL, NULL),
(2126, 2, NULL, 1, '2023-11-08 11:08:21', NULL, NULL, NULL),
(2127, 2, NULL, 1, '2023-11-08 11:10:01', NULL, NULL, NULL),
(2128, 2, NULL, 1, '2023-11-08 11:12:19', NULL, NULL, NULL),
(2129, 2, NULL, 1, '2023-11-08 11:14:19', NULL, NULL, NULL),
(2130, 2, NULL, 1, '2023-11-08 11:15:38', NULL, NULL, NULL),
(2131, 2, NULL, 1, '2023-11-08 11:16:19', NULL, NULL, NULL),
(2132, 2, NULL, 1, '2023-11-08 11:17:51', NULL, NULL, NULL),
(2133, 2, NULL, 1, '2023-11-08 11:20:46', NULL, NULL, NULL),
(2134, 2, NULL, 1, '2023-11-08 11:22:13', NULL, NULL, NULL),
(2135, 2, NULL, 1, '2023-11-08 12:04:18', NULL, NULL, NULL),
(2136, 2, NULL, 1, '2023-11-08 12:07:18', NULL, NULL, NULL),
(2137, 2, NULL, 1, '2023-11-08 12:09:32', NULL, NULL, NULL),
(2138, 2, NULL, 1, '2023-11-08 12:09:39', NULL, NULL, NULL),
(2139, 2, NULL, 1, '2023-11-08 12:12:15', NULL, NULL, NULL),
(2140, 2, NULL, 1, '2023-11-08 12:12:54', NULL, NULL, NULL),
(2141, 2, NULL, 1, '2023-11-08 12:15:02', NULL, NULL, NULL),
(2142, 2, NULL, 1, '2023-11-08 12:16:05', NULL, NULL, NULL),
(2143, 2, NULL, 1, '2023-11-08 13:00:41', NULL, NULL, NULL),
(2144, 2, NULL, 1, '2023-11-08 13:03:01', NULL, NULL, NULL),
(2145, 2, NULL, 1, '2023-11-08 13:04:13', NULL, NULL, NULL),
(2146, 2, NULL, 1, '2023-11-08 13:05:27', NULL, NULL, NULL),
(2147, 2, NULL, 1, '2023-11-08 13:06:25', NULL, NULL, NULL),
(2148, 2, NULL, 1, '2023-11-08 13:08:09', NULL, NULL, NULL),
(2149, 2, NULL, 1, '2023-11-08 13:09:31', NULL, NULL, NULL),
(2150, 8, NULL, 1, '2023-11-09 07:33:20', NULL, NULL, NULL),
(2151, 8, NULL, 1, '2023-11-09 07:36:03', NULL, NULL, NULL),
(2152, 5, NULL, 2, '2023-11-09 09:11:49', NULL, NULL, NULL),
(2153, 5, NULL, 2, '2023-11-09 09:13:17', NULL, NULL, NULL),
(2154, 5, NULL, 2, '2023-11-09 09:16:24', NULL, NULL, NULL),
(2155, 5, NULL, 2, '2023-11-09 09:17:06', NULL, NULL, NULL),
(2156, 1, NULL, 1, '2023-11-09 10:21:16', NULL, NULL, NULL),
(2157, 1, NULL, 1, '2023-11-09 10:22:09', NULL, NULL, NULL),
(2158, 1, NULL, 1, '2023-11-09 10:23:06', NULL, NULL, NULL),
(2159, 1, NULL, 1, '2023-11-09 10:24:32', NULL, NULL, NULL),
(2160, 1, NULL, 1, '2023-11-09 10:25:20', NULL, NULL, NULL),
(2161, 1, NULL, 1, '2023-11-09 10:25:33', NULL, NULL, NULL),
(2162, 1, NULL, 1, '2023-11-09 10:25:57', NULL, NULL, NULL),
(2163, 1, NULL, 1, '2023-11-09 10:26:27', NULL, NULL, NULL),
(2164, 1, NULL, 1, '2023-11-09 10:32:10', NULL, NULL, NULL),
(2165, 1, NULL, 1, '2023-11-09 10:32:16', NULL, NULL, NULL),
(2166, 1, NULL, 1, '2023-11-09 11:16:08', NULL, NULL, NULL),
(2167, 1, NULL, 1, '2023-11-09 11:26:33', NULL, NULL, NULL),
(2168, 1, NULL, 1, '2023-11-09 11:27:00', NULL, NULL, NULL),
(2169, 1, NULL, 1, '2023-11-09 11:27:06', NULL, NULL, NULL),
(2170, 1, NULL, 1, '2023-11-09 11:30:15', NULL, NULL, NULL),
(2171, 1, NULL, 2, '2023-11-09 12:07:56', NULL, NULL, NULL),
(2172, 1, NULL, 2, '2023-11-09 12:08:24', NULL, NULL, NULL),
(2173, 1, NULL, 2, '2023-11-09 12:08:53', NULL, NULL, NULL),
(2174, 1, NULL, 2, '2023-11-09 12:09:20', NULL, NULL, NULL),
(2175, 1, NULL, 2, '2023-11-09 12:09:36', NULL, NULL, NULL),
(2176, 1, NULL, 2, '2023-11-09 12:10:00', NULL, NULL, NULL),
(2177, 1, NULL, 2, '2023-11-09 12:10:39', NULL, NULL, NULL),
(2178, 1, NULL, 2, '2023-11-09 12:11:21', NULL, NULL, NULL),
(2179, 1, NULL, 2, '2023-11-09 12:14:04', NULL, NULL, NULL),
(2180, 1, NULL, 2, '2023-11-09 12:16:20', NULL, NULL, NULL),
(2181, 1, NULL, 2, '2023-11-09 13:11:52', NULL, NULL, NULL),
(2182, 1, NULL, 2, '2023-11-09 13:17:56', NULL, NULL, NULL),
(2183, 1, NULL, 2, '2023-11-09 13:19:38', NULL, NULL, NULL),
(2184, 12, NULL, 1, '2023-11-10 08:40:09', NULL, NULL, NULL),
(2185, 12, NULL, 1, '2023-11-10 08:40:43', NULL, NULL, NULL),
(2186, 12, NULL, 1, '2023-11-10 09:28:31', NULL, NULL, NULL),
(2187, 12, NULL, 1, '2023-11-10 09:28:49', NULL, NULL, NULL),
(2188, 12, NULL, 1, '2023-11-10 09:30:01', NULL, NULL, NULL),
(2189, 12, NULL, 1, '2023-11-10 09:30:51', NULL, NULL, NULL),
(2190, 12, NULL, 1, '2023-11-10 09:31:15', NULL, NULL, NULL),
(2191, 12, NULL, 1, '2023-11-10 09:31:58', NULL, NULL, NULL),
(2192, 12, NULL, 1, '2023-11-10 09:33:35', NULL, NULL, NULL),
(2193, 12, NULL, 2, '2023-11-10 10:24:04', NULL, NULL, NULL),
(2194, 12, NULL, 2, '2023-11-10 10:25:00', NULL, NULL, NULL),
(2195, 12, NULL, 2, '2023-11-10 10:26:58', NULL, NULL, NULL),
(2196, 12, NULL, 2, '2023-11-10 11:17:45', NULL, NULL, NULL),
(2197, 12, NULL, 2, '2023-11-10 11:18:34', NULL, NULL, NULL),
(2198, 12, NULL, 2, '2023-11-10 11:19:00', NULL, NULL, NULL),
(2199, 12, NULL, 2, '2023-11-10 11:19:32', NULL, NULL, NULL),
(2200, 12, NULL, 2, '2023-11-10 11:19:50', NULL, NULL, NULL),
(2201, 12, NULL, 2, '2023-11-10 11:20:26', NULL, NULL, NULL),
(2202, 12, NULL, 2, '2023-11-10 11:21:27', NULL, NULL, NULL),
(2203, 12, NULL, 2, '2023-11-10 11:22:10', NULL, NULL, NULL),
(2204, 12, NULL, 2, '2023-11-10 11:22:43', NULL, NULL, NULL),
(2205, 12, NULL, 2, '2023-11-10 11:23:06', NULL, NULL, NULL),
(2206, 12, NULL, 2, '2023-11-10 11:23:37', NULL, NULL, NULL),
(2207, 12, NULL, 2, '2023-11-10 11:25:20', NULL, NULL, NULL),
(2208, 12, NULL, 2, '2023-11-10 11:26:39', NULL, NULL, NULL),
(2209, 12, NULL, 2, '2023-11-10 11:29:13', NULL, NULL, NULL),
(2210, 12, NULL, 2, '2023-11-10 11:33:50', NULL, NULL, NULL),
(2211, 12, NULL, 2, '2023-11-10 13:20:27', NULL, NULL, NULL),
(2212, 12, NULL, 1, '2023-11-10 13:23:20', NULL, NULL, NULL),
(2213, 12, NULL, 1, '2023-11-10 13:24:12', NULL, NULL, NULL),
(2214, 12, NULL, 1, '2023-11-10 13:25:57', NULL, NULL, NULL),
(2215, 12, NULL, 2, '2023-11-13 08:40:44', NULL, NULL, NULL),
(2216, 2, NULL, 1, '2023-11-13 09:26:47', NULL, NULL, NULL),
(2217, 2, NULL, 1, '2023-11-13 09:30:21', NULL, NULL, NULL),
(2218, 2, NULL, 1, '2023-11-13 09:30:29', NULL, NULL, NULL),
(2219, 2, NULL, 1, '2023-11-13 09:30:47', NULL, NULL, NULL),
(2220, 2, NULL, 1, '2023-11-13 09:32:20', NULL, NULL, NULL),
(2221, 2, NULL, 1, '2023-11-13 09:33:46', NULL, NULL, NULL),
(2222, 2, NULL, 1, '2023-11-13 09:35:52', NULL, NULL, NULL),
(2223, 12, NULL, 1, '2023-11-13 10:24:18', NULL, NULL, NULL),
(2224, 12, NULL, 1, '2023-11-13 10:24:58', NULL, NULL, NULL),
(2225, 12, NULL, 1, '2023-11-13 10:27:00', NULL, NULL, NULL),
(2226, 12, NULL, 1, '2023-11-13 10:27:49', NULL, NULL, NULL),
(2227, 12, NULL, 1, '2023-11-13 10:33:38', NULL, NULL, NULL),
(2228, 3, NULL, 1, '2023-11-13 11:16:25', NULL, NULL, NULL),
(2229, 3, NULL, 1, '2023-11-13 11:17:17', NULL, NULL, NULL),
(2230, 3, NULL, 1, '2023-11-13 11:17:28', NULL, NULL, NULL),
(2231, 3, NULL, 1, '2023-11-13 11:19:12', NULL, NULL, NULL),
(2232, 3, NULL, 1, '2023-11-13 11:19:56', NULL, NULL, NULL),
(2233, 3, NULL, 1, '2023-11-13 11:20:07', NULL, NULL, NULL),
(2234, 3, NULL, 1, '2023-11-13 11:20:45', NULL, NULL, NULL),
(2235, 3, NULL, 1, '2023-11-13 11:21:30', NULL, NULL, NULL),
(2236, 3, NULL, 1, '2023-11-13 11:21:53', NULL, NULL, NULL),
(2237, 3, NULL, 1, '2023-11-13 11:23:08', NULL, NULL, NULL),
(2238, 3, NULL, 1, '2023-11-13 11:25:09', NULL, NULL, NULL),
(2239, 3, NULL, 1, '2023-11-13 11:29:45', NULL, NULL, NULL),
(2240, 3, NULL, 1, '2023-11-13 11:32:08', NULL, NULL, NULL),
(2241, 3, NULL, 1, '2023-11-13 12:17:09', NULL, NULL, NULL),
(2242, 3, NULL, 1, '2023-11-13 12:19:00', NULL, NULL, NULL),
(2243, 3, NULL, 1, '2023-11-13 12:19:53', NULL, NULL, NULL),
(2244, 3, NULL, 1, '2023-11-13 12:20:56', NULL, NULL, NULL),
(2245, 3, NULL, 1, '2023-11-13 12:24:07', NULL, NULL, NULL),
(2246, 3, NULL, 1, '2023-11-13 12:25:47', NULL, NULL, NULL),
(2247, 3, NULL, 1, '2023-11-13 13:11:28', NULL, NULL, NULL),
(2248, 3, NULL, 1, '2023-11-13 13:12:18', NULL, NULL, NULL),
(2249, 3, NULL, 1, '2023-11-13 13:12:55', NULL, NULL, NULL),
(2250, 3, NULL, 1, '2023-11-13 13:15:31', NULL, NULL, NULL),
(2251, 3, NULL, 2, '2023-11-13 13:24:21', NULL, NULL, NULL),
(2252, 3, NULL, 2, '2023-11-13 14:16:01', NULL, NULL, NULL),
(2253, 2, NULL, 1, '2023-11-14 09:23:06', NULL, NULL, NULL),
(2254, 2, NULL, 1, '2023-11-14 09:28:48', NULL, NULL, NULL),
(2255, 2, NULL, 1, '2023-11-14 09:30:01', NULL, NULL, NULL),
(2256, 2, NULL, 1, '2023-11-14 09:30:12', NULL, NULL, NULL),
(2257, 2, NULL, 1, '2023-11-14 09:30:55', NULL, NULL, NULL),
(2258, 2, NULL, 1, '2023-11-14 09:31:45', NULL, NULL, NULL),
(2259, 12, NULL, 2, '2023-11-14 10:25:13', NULL, NULL, NULL),
(2260, 12, NULL, 2, '2023-11-14 10:25:37', NULL, NULL, NULL),
(2261, 12, NULL, 2, '2023-11-14 10:26:17', NULL, NULL, NULL),
(2262, 12, NULL, 2, '2023-11-14 10:26:44', NULL, NULL, NULL),
(2263, 12, NULL, 2, '2023-11-14 10:27:09', NULL, NULL, NULL),
(2264, 12, NULL, 2, '2023-11-14 10:28:47', NULL, NULL, NULL),
(2265, 12, NULL, 2, '2023-11-14 10:29:37', NULL, NULL, NULL),
(2266, 12, NULL, 2, '2023-11-14 10:32:14', NULL, NULL, NULL),
(2267, 12, NULL, 2, '2023-11-14 10:42:02', NULL, NULL, NULL),
(2268, 12, NULL, 1, '2023-11-14 11:18:28', NULL, NULL, NULL),
(2269, 12, NULL, 1, '2023-11-14 11:18:59', NULL, NULL, NULL),
(2270, 12, NULL, 1, '2023-11-14 11:19:36', NULL, NULL, NULL),
(2271, 12, NULL, 1, '2023-11-14 11:20:10', NULL, NULL, NULL),
(2272, 12, NULL, 1, '2023-11-14 11:20:46', NULL, NULL, NULL),
(2273, 12, NULL, 1, '2023-11-14 11:20:51', NULL, NULL, NULL),
(2274, 12, NULL, 1, '2023-11-14 11:22:00', NULL, NULL, NULL),
(2275, 12, NULL, 1, '2023-11-14 11:22:43', NULL, NULL, NULL),
(2276, 12, NULL, 1, '2023-11-14 11:23:13', NULL, NULL, NULL),
(2277, 12, NULL, 1, '2023-11-14 11:24:33', NULL, NULL, NULL),
(2278, 12, NULL, 1, '2023-11-14 11:24:51', NULL, NULL, NULL),
(2279, 12, NULL, 1, '2023-11-14 11:25:59', NULL, NULL, NULL),
(2280, 12, NULL, 1, '2023-11-14 11:30:41', NULL, NULL, NULL),
(2281, 12, NULL, 1, '2023-11-14 11:32:53', NULL, NULL, NULL),
(2282, 12, NULL, 2, '2023-11-14 12:18:29', NULL, NULL, NULL),
(2283, 12, NULL, 2, '2023-11-14 12:19:49', NULL, NULL, NULL),
(2284, 12, NULL, 2, '2023-11-14 12:19:54', NULL, NULL, NULL),
(2285, 12, NULL, 2, '2023-11-14 12:24:31', NULL, NULL, NULL),
(2286, 12, NULL, 2, '2023-11-14 12:24:38', NULL, NULL, NULL),
(2287, 12, NULL, 2, '2023-11-14 12:25:45', NULL, NULL, NULL),
(2288, 12, NULL, 2, '2023-11-14 12:28:43', NULL, NULL, NULL),
(2289, 2, NULL, 1, '2023-11-14 13:15:23', NULL, NULL, NULL),
(2290, 2, NULL, 2, '2023-11-14 13:16:12', NULL, NULL, NULL),
(2291, 12, NULL, 1, '2023-11-15 09:27:57', NULL, NULL, NULL),
(2292, 12, NULL, 2, '2023-11-15 09:29:30', NULL, NULL, NULL),
(2293, 12, NULL, 2, '2023-11-15 09:29:52', NULL, NULL, NULL),
(2294, 12, NULL, 1, '2023-11-15 09:30:50', NULL, NULL, NULL),
(2295, 12, NULL, 2, '2023-11-15 09:31:52', NULL, NULL, NULL),
(2296, 12, NULL, 2, '2023-11-15 09:32:35', NULL, NULL, NULL),
(2297, 12, NULL, 2, '2023-11-15 09:33:13', NULL, NULL, NULL),
(2298, 12, NULL, 2, '2023-11-15 09:37:17', NULL, NULL, NULL),
(2299, 12, NULL, 2, '2023-11-15 09:38:18', NULL, NULL, NULL),
(2300, 12, NULL, 2, '2023-11-15 09:39:30', NULL, NULL, NULL),
(2301, 12, NULL, 2, '2023-11-15 10:21:03', NULL, NULL, NULL),
(2302, 12, NULL, 2, '2023-11-15 10:22:11', NULL, NULL, NULL),
(2303, 12, NULL, 1, '2023-11-15 10:23:17', NULL, NULL, NULL),
(2304, 12, NULL, 1, '2023-11-15 10:23:58', NULL, NULL, NULL),
(2305, 12, NULL, 1, '2023-11-15 10:24:43', NULL, NULL, NULL),
(2306, 12, NULL, 1, '2023-11-15 10:24:55', NULL, NULL, NULL),
(2307, 12, NULL, 2, '2023-11-15 10:25:20', NULL, NULL, NULL),
(2308, 12, NULL, 2, '2023-11-15 10:26:00', NULL, NULL, NULL),
(2309, 12, NULL, 1, '2023-11-15 10:26:32', NULL, NULL, NULL),
(2310, 12, NULL, 1, '2023-11-15 10:27:10', NULL, NULL, NULL),
(2311, 12, NULL, 1, '2023-11-15 10:27:53', NULL, NULL, NULL),
(2312, 12, NULL, 1, '2023-11-15 10:28:20', NULL, NULL, NULL),
(2313, 12, NULL, 2, '2023-11-15 11:17:48', NULL, NULL, NULL),
(2314, 12, NULL, 2, '2023-11-15 11:18:59', NULL, NULL, NULL),
(2315, 12, NULL, 2, '2023-11-15 11:19:02', NULL, NULL, NULL),
(2316, 12, NULL, 1, '2023-11-15 11:19:58', NULL, NULL, NULL),
(2317, 12, NULL, 1, '2023-11-15 11:20:33', NULL, NULL, NULL),
(2318, 12, NULL, 2, '2023-11-15 11:22:39', NULL, NULL, NULL),
(2319, 12, NULL, 1, '2023-11-15 11:23:05', NULL, NULL, NULL),
(2320, 12, NULL, 1, '2023-11-15 11:31:25', NULL, NULL, NULL),
(2321, 12, NULL, 1, '2023-11-15 11:31:34', NULL, NULL, NULL),
(2322, 12, NULL, 1, '2023-11-15 11:33:01', NULL, NULL, NULL),
(2323, 12, NULL, 1, '2023-11-15 11:52:14', NULL, NULL, NULL),
(2324, 12, NULL, 1, '2023-11-15 12:19:26', NULL, NULL, NULL),
(2325, 12, NULL, 2, '2023-11-15 13:15:58', NULL, NULL, NULL),
(2326, 12, NULL, 1, '2023-11-15 13:30:01', NULL, NULL, NULL),
(2327, 12, NULL, 1, '2023-11-15 13:34:32', NULL, NULL, NULL),
(2328, 12, NULL, 2, '2023-11-16 09:29:31', NULL, NULL, NULL),
(2329, 12, NULL, 2, '2023-11-16 09:31:05', NULL, NULL, NULL),
(2330, 12, NULL, 2, '2023-11-16 09:31:38', NULL, NULL, NULL),
(2331, 12, NULL, 2, '2023-11-16 09:33:45', NULL, NULL, NULL),
(2332, 12, NULL, 2, '2023-11-16 09:34:29', NULL, NULL, NULL),
(2333, 12, NULL, 2, '2023-11-16 09:35:21', NULL, NULL, NULL),
(2334, 12, NULL, 2, '2023-11-16 09:36:26', NULL, NULL, NULL),
(2335, 2, NULL, 1, '2023-11-16 09:46:28', NULL, NULL, NULL),
(2336, 2, NULL, 1, '2023-11-16 10:23:01', NULL, NULL, NULL),
(2337, 2, NULL, 1, '2023-11-16 10:24:42', NULL, NULL, NULL),
(2338, 2, NULL, 2, '2023-11-16 10:25:40', NULL, NULL, NULL),
(2339, 2, NULL, 2, '2023-11-16 10:28:23', NULL, NULL, NULL),
(2340, 2, NULL, 1, '2023-11-16 10:37:31', NULL, NULL, NULL),
(2341, 2, NULL, 2, '2023-11-16 11:16:56', NULL, NULL, NULL),
(2342, 2, NULL, 1, '2023-11-16 11:17:44', NULL, NULL, NULL),
(2343, 2, NULL, 2, '2023-11-16 11:19:08', NULL, NULL, NULL),
(2344, 2, NULL, 1, '2023-11-16 11:19:19', NULL, NULL, NULL),
(2345, 2, NULL, 1, '2023-11-16 11:19:50', NULL, NULL, NULL),
(2346, 2, NULL, 1, '2023-11-16 11:20:04', NULL, NULL, NULL),
(2347, 2, NULL, 2, '2023-11-16 11:20:43', NULL, NULL, NULL),
(2348, 2, NULL, 2, '2023-11-16 11:21:23', NULL, NULL, NULL),
(2349, 2, NULL, 1, '2023-11-16 11:21:54', NULL, NULL, NULL),
(2350, 2, NULL, 1, '2023-11-16 11:22:29', NULL, NULL, NULL),
(2351, 2, NULL, 2, '2023-11-16 11:23:15', NULL, NULL, NULL),
(2352, 2, NULL, 1, '2023-11-16 11:24:23', NULL, NULL, NULL),
(2353, 2, NULL, 1, '2023-11-16 11:24:56', NULL, NULL, NULL),
(2354, 2, NULL, 1, '2023-11-16 11:25:37', NULL, NULL, NULL),
(2355, 2, NULL, 1, '2023-11-16 11:26:27', NULL, NULL, NULL),
(2356, 2, NULL, 2, '2023-11-16 11:27:14', NULL, NULL, NULL),
(2357, 2, NULL, 1, '2023-11-16 11:28:59', NULL, NULL, NULL),
(2358, 2, NULL, 1, '2023-11-16 11:29:04', NULL, NULL, NULL),
(2359, 2, NULL, 1, '2023-11-16 11:36:39', NULL, NULL, NULL),
(2360, 2, NULL, 1, '2023-11-16 11:43:28', NULL, NULL, NULL),
(2361, 12, NULL, 1, '2023-11-16 12:17:44', NULL, NULL, NULL),
(2362, 12, NULL, 1, '2023-11-16 12:19:43', NULL, NULL, NULL),
(2363, 12, NULL, 1, '2023-11-16 12:20:04', NULL, NULL, NULL),
(2364, 12, NULL, 1, '2023-11-16 12:21:36', NULL, NULL, NULL),
(2365, 12, NULL, 2, '2023-11-16 13:12:19', NULL, NULL, NULL),
(2366, 12, NULL, 2, '2023-11-16 13:13:01', NULL, NULL, NULL),
(2367, 12, NULL, 1, '2023-11-16 13:14:37', NULL, NULL, NULL),
(2368, 12, NULL, 2, '2023-11-16 13:15:12', NULL, NULL, NULL),
(2369, 12, NULL, 2, '2023-11-16 13:16:25', NULL, NULL, NULL),
(2370, 12, NULL, 2, '2023-11-16 13:18:46', NULL, NULL, NULL),
(2371, 12, NULL, 2, '2023-11-16 13:24:00', NULL, NULL, NULL),
(2372, 12, NULL, 2, '2023-11-16 13:32:47', NULL, NULL, NULL),
(2373, 12, NULL, 1, '2023-11-17 09:30:34', NULL, NULL, NULL),
(2374, 12, NULL, 1, '2023-11-17 09:32:00', NULL, NULL, NULL),
(2375, 12, NULL, 1, '2023-11-17 09:33:19', NULL, NULL, NULL),
(2376, 12, NULL, 1, '2023-11-17 09:34:51', NULL, NULL, NULL),
(2377, 12, NULL, 1, '2023-11-17 09:35:25', NULL, NULL, NULL),
(2378, 12, NULL, 2, '2023-11-17 09:36:15', NULL, NULL, NULL),
(2379, 12, NULL, 1, '2023-11-17 09:38:44', NULL, NULL, NULL),
(2380, 12, NULL, 1, '2023-11-17 09:40:46', NULL, NULL, NULL),
(2381, 12, NULL, 2, '2023-11-17 10:24:53', NULL, NULL, NULL),
(2382, 12, NULL, 1, '2023-11-17 10:28:12', NULL, NULL, NULL),
(2383, 12, NULL, 1, '2023-11-17 10:28:29', NULL, NULL, NULL),
(2384, 12, NULL, 1, '2023-11-17 10:29:23', NULL, NULL, NULL),
(2385, 12, NULL, 1, '2023-11-17 10:30:05', NULL, NULL, NULL),
(2386, 12, NULL, 1, '2023-11-17 10:30:48', NULL, NULL, NULL),
(2387, 12, NULL, 1, '2023-11-17 10:31:47', NULL, NULL, NULL),
(2388, 12, NULL, 1, '2023-11-17 10:32:33', NULL, NULL, NULL),
(2389, 12, NULL, 1, '2023-11-17 11:18:02', NULL, NULL, NULL),
(2390, 12, NULL, 2, '2023-11-17 11:18:50', NULL, NULL, NULL),
(2391, 12, NULL, 2, '2023-11-17 11:20:03', NULL, NULL, NULL),
(2392, 12, NULL, 2, '2023-11-17 11:20:31', NULL, NULL, NULL),
(2393, 12, NULL, 2, '2023-11-17 11:21:10', NULL, NULL, NULL),
(2394, 12, NULL, 2, '2023-11-17 11:22:00', NULL, NULL, NULL),
(2395, 12, NULL, 2, '2023-11-17 11:22:15', NULL, NULL, NULL),
(2396, 12, NULL, 2, '2023-11-17 11:22:52', NULL, NULL, NULL),
(2397, 12, NULL, 2, '2023-11-17 11:23:58', NULL, NULL, NULL),
(2398, 12, NULL, 2, '2023-11-17 11:24:45', NULL, NULL, NULL),
(2399, 12, NULL, 1, '2023-11-17 11:25:24', NULL, NULL, NULL),
(2400, 12, NULL, 1, '2023-11-17 11:25:43', NULL, NULL, NULL),
(2401, 12, NULL, 2, '2023-11-17 11:26:35', NULL, NULL, NULL),
(2402, 12, NULL, 1, '2023-11-17 11:30:02', NULL, NULL, NULL),
(2403, 12, NULL, 2, '2023-11-17 11:36:20', NULL, NULL, NULL),
(2404, 12, NULL, 1, '2023-11-17 11:41:49', NULL, NULL, NULL),
(2405, 12, NULL, 1, '2023-11-17 12:21:56', NULL, NULL, NULL),
(2406, 12, NULL, 1, '2023-11-17 12:22:15', NULL, NULL, NULL),
(2407, 12, NULL, 1, '2023-11-17 12:22:38', NULL, NULL, NULL),
(2408, 12, NULL, 1, '2023-11-17 12:26:20', NULL, NULL, NULL),
(2409, 12, NULL, 2, '2023-11-17 13:15:09', NULL, NULL, NULL),
(2410, 12, NULL, 1, '2023-11-17 13:15:57', NULL, NULL, NULL),
(2411, 9, NULL, 1, '2023-11-20 09:07:47', NULL, NULL, NULL),
(2412, 9, NULL, 1, '2023-11-20 09:10:32', NULL, NULL, NULL),
(2413, 9, NULL, 1, '2023-11-20 09:20:17', NULL, NULL, NULL),
(2414, 9, NULL, 1, '2023-11-20 09:24:54', NULL, NULL, NULL),
(2415, 12, NULL, 1, '2023-11-20 09:30:57', NULL, NULL, NULL),
(2416, 12, NULL, 1, '2023-11-20 09:32:10', NULL, NULL, NULL),
(2417, 12, NULL, 1, '2023-11-20 09:33:25', NULL, NULL, NULL),
(2418, 12, NULL, 1, '2023-11-20 09:35:32', NULL, NULL, NULL),
(2419, 12, NULL, 1, '2023-11-20 09:38:17', NULL, NULL, NULL),
(2420, 12, NULL, 1, '2023-11-20 09:38:51', NULL, NULL, NULL),
(2421, 12, NULL, 1, '2023-11-20 09:39:25', NULL, NULL, NULL),
(2422, 12, NULL, 1, '2023-11-20 09:40:16', NULL, NULL, NULL),
(2423, 12, NULL, 1, '2023-11-20 09:42:00', NULL, NULL, NULL),
(2424, 12, NULL, 1, '2023-11-20 10:27:18', NULL, NULL, NULL),
(2425, 12, NULL, 1, '2023-11-20 10:29:53', NULL, NULL, NULL),
(2426, 12, NULL, 1, '2023-11-20 10:30:45', NULL, NULL, NULL),
(2427, 12, NULL, 1, '2023-11-20 10:32:03', NULL, NULL, NULL),
(2428, 12, NULL, 1, '2023-11-20 10:32:58', NULL, NULL, NULL),
(2429, 12, NULL, 1, '2023-11-20 10:34:20', NULL, NULL, NULL),
(2430, 12, NULL, 1, '2023-11-20 11:15:00', NULL, NULL, NULL),
(2431, 12, NULL, 1, '2023-11-20 11:19:41', NULL, NULL, NULL),
(2432, 12, NULL, 1, '2023-11-20 11:20:53', NULL, NULL, NULL),
(2433, 12, NULL, 1, '2023-11-20 11:21:13', NULL, NULL, NULL),
(2434, 12, NULL, 1, '2023-11-20 11:22:38', NULL, NULL, NULL),
(2435, 12, NULL, 1, '2023-11-20 11:23:49', NULL, NULL, NULL),
(2436, 12, NULL, 1, '2023-11-20 11:25:46', NULL, NULL, NULL),
(2437, 12, NULL, 1, '2023-11-20 11:26:47', NULL, NULL, NULL),
(2438, 12, NULL, 1, '2023-11-20 11:27:27', NULL, NULL, NULL),
(2439, 12, NULL, 1, '2023-11-20 11:29:58', NULL, NULL, NULL),
(2440, 12, NULL, 1, '2023-11-20 11:30:17', NULL, NULL, NULL),
(2441, 12, NULL, 1, '2023-11-20 11:34:01', NULL, NULL, NULL),
(2442, 12, NULL, 1, '2023-11-20 12:22:41', NULL, NULL, NULL),
(2443, 12, NULL, 1, '2023-11-20 12:22:47', NULL, NULL, NULL),
(2444, 12, NULL, 1, '2023-11-20 12:25:09', NULL, NULL, NULL),
(2445, 12, NULL, 1, '2023-11-20 12:25:16', NULL, NULL, NULL),
(2446, 12, NULL, 1, '2023-11-20 12:39:49', NULL, NULL, NULL),
(2447, 12, NULL, 1, '2023-11-20 12:41:01', NULL, NULL, NULL),
(2448, 12, NULL, 2, '2023-11-20 13:15:51', NULL, NULL, NULL),
(2449, 12, NULL, 2, '2023-11-20 13:21:06', NULL, NULL, NULL),
(2450, 2, NULL, 1, '2023-11-21 10:25:27', NULL, NULL, NULL),
(2451, 2, NULL, 1, '2023-11-21 10:26:02', NULL, NULL, NULL),
(2452, 2, NULL, 1, '2023-11-21 10:26:45', NULL, NULL, NULL),
(2453, 2, NULL, 1, '2023-11-21 10:27:20', NULL, NULL, NULL),
(2454, 2, NULL, 2, '2023-11-21 11:20:16', NULL, NULL, NULL),
(2455, 2, NULL, 2, '2023-11-21 11:20:37', NULL, NULL, NULL),
(2456, 2, NULL, 1, '2023-11-21 11:23:21', NULL, NULL, NULL),
(2457, 2, NULL, 1, '2023-11-21 11:24:09', NULL, NULL, NULL),
(2458, 2, NULL, 1, '2023-11-21 11:29:28', NULL, NULL, NULL),
(2459, 2, NULL, 2, '2023-11-21 11:32:48', NULL, NULL, NULL),
(2460, 12, NULL, 2, '2023-11-21 12:19:37', NULL, NULL, NULL),
(2461, 12, NULL, 1, '2023-11-21 12:20:05', NULL, NULL, NULL),
(2462, 12, NULL, 2, '2023-11-21 12:20:43', NULL, NULL, NULL),
(2463, 12, NULL, 2, '2023-11-21 12:21:19', NULL, NULL, NULL),
(2464, 12, NULL, 2, '2023-11-21 12:22:02', NULL, NULL, NULL),
(2465, 12, NULL, 1, '2023-11-21 12:28:05', NULL, NULL, NULL),
(2466, 12, NULL, 1, '2023-11-21 13:14:36', NULL, NULL, NULL),
(2467, 12, NULL, 2, '2023-11-21 13:16:08', NULL, NULL, NULL),
(2468, 12, NULL, 1, '2023-11-21 13:17:07', NULL, NULL, NULL),
(2469, 12, NULL, 1, '2023-11-21 13:17:23', NULL, NULL, NULL),
(2470, 12, NULL, 1, '2023-11-21 13:18:11', NULL, NULL, NULL),
(2471, 12, NULL, 1, '2023-11-21 13:19:35', NULL, NULL, NULL),
(2472, 12, NULL, 1, '2023-11-21 13:20:54', NULL, NULL, NULL),
(2473, 25, NULL, 1, '2023-11-21 13:47:56', NULL, NULL, NULL),
(2474, 25, NULL, 2, '2023-11-22 09:29:07', NULL, NULL, NULL),
(2475, 25, NULL, 2, '2023-11-22 09:29:12', NULL, NULL, NULL),
(2476, 25, NULL, 2, '2023-11-22 09:29:45', NULL, NULL, NULL),
(2477, 25, NULL, 1, '2023-11-22 09:30:38', NULL, NULL, NULL),
(2478, 25, NULL, 1, '2023-11-22 09:33:24', NULL, NULL, NULL),
(2479, 25, NULL, 2, '2023-11-22 09:33:59', NULL, NULL, NULL),
(2480, 25, NULL, 1, '2023-11-22 09:34:56', NULL, NULL, NULL),
(2481, 25, NULL, 1, '2023-11-22 09:35:43', NULL, NULL, NULL),
(2482, 25, NULL, 1, '2023-11-22 09:36:44', NULL, NULL, NULL),
(2483, 25, NULL, 1, '2023-11-22 09:38:59', NULL, NULL, NULL),
(2484, 25, NULL, 1, '2023-11-22 09:51:20', NULL, NULL, NULL),
(2485, 2, NULL, 1, '2023-11-22 10:09:21', NULL, NULL, NULL),
(2486, 25, NULL, 1, '2023-11-22 10:19:08', NULL, NULL, NULL),
(2487, 25, NULL, 2, '2023-11-22 10:21:19', NULL, NULL, NULL),
(2488, 25, NULL, 2, '2023-11-22 10:22:16', NULL, NULL, NULL),
(2489, 25, NULL, 2, '2023-11-22 10:23:09', NULL, NULL, NULL),
(2490, 25, NULL, 1, '2023-11-22 10:23:31', NULL, NULL, NULL),
(2491, 25, NULL, 1, '2023-11-22 10:24:47', NULL, NULL, NULL),
(2492, 25, NULL, 1, '2023-11-22 10:24:53', NULL, NULL, NULL),
(2493, 25, NULL, 1, '2023-11-22 10:25:30', NULL, NULL, NULL),
(2494, 25, NULL, 1, '2023-11-22 10:29:37', NULL, NULL, NULL),
(2495, 25, NULL, 1, '2023-11-22 10:30:01', NULL, NULL, NULL),
(2496, 25, NULL, 1, '2023-11-22 10:35:20', NULL, NULL, NULL),
(2497, 25, NULL, 2, '2023-11-22 11:16:33', NULL, NULL, NULL),
(2498, 25, NULL, 2, '2023-11-22 11:17:23', NULL, NULL, NULL),
(2499, 25, NULL, 2, '2023-11-22 11:17:58', NULL, NULL, NULL),
(2500, 25, NULL, 2, '2023-11-22 11:18:37', NULL, NULL, NULL),
(2501, 25, NULL, 2, '2023-11-22 11:19:32', NULL, NULL, NULL),
(2502, 25, NULL, 2, '2023-11-22 11:19:59', NULL, NULL, NULL),
(2503, 25, NULL, 2, '2023-11-22 11:20:35', NULL, NULL, NULL),
(2504, 25, NULL, 2, '2023-11-22 11:26:53', NULL, NULL, NULL),
(2505, 25, NULL, 2, '2023-11-22 11:31:23', NULL, NULL, NULL),
(2506, 25, NULL, 1, '2023-11-22 12:18:44', NULL, NULL, NULL),
(2507, 25, NULL, 1, '2023-11-22 12:19:17', NULL, NULL, NULL),
(2508, 25, NULL, 1, '2023-11-22 12:19:32', NULL, NULL, NULL),
(2509, 25, NULL, 2, '2023-11-22 12:20:54', NULL, NULL, NULL),
(2510, 25, NULL, 2, '2023-11-22 12:21:03', NULL, NULL, NULL),
(2511, 25, NULL, 2, '2023-11-22 12:21:42', NULL, NULL, NULL),
(2512, 25, NULL, 2, '2023-11-22 12:22:39', NULL, NULL, NULL),
(2513, 25, NULL, 2, '2023-11-22 12:31:18', NULL, NULL, NULL),
(2514, 25, NULL, 2, '2023-11-22 13:12:20', NULL, NULL, NULL),
(2515, 25, NULL, 2, '2023-11-22 13:12:54', NULL, NULL, NULL),
(2516, 25, NULL, 2, '2023-11-22 13:13:31', NULL, NULL, NULL),
(2517, 12, NULL, 1, '2023-11-23 09:28:04', NULL, NULL, NULL),
(2518, 12, NULL, 1, '2023-11-23 09:28:35', NULL, NULL, NULL),
(2519, 12, NULL, 1, '2023-11-23 09:29:58', NULL, NULL, NULL),
(2520, 12, NULL, 1, '2023-11-23 09:30:02', NULL, NULL, NULL),
(2521, 12, NULL, 1, '2023-11-23 09:30:31', NULL, NULL, NULL),
(2522, 12, NULL, 1, '2023-11-23 09:32:49', NULL, NULL, NULL),
(2523, 12, NULL, 1, '2023-11-23 09:37:11', NULL, NULL, NULL),
(2524, 12, NULL, 1, '2023-11-23 09:39:25', NULL, NULL, NULL),
(2525, 12, NULL, 1, '2023-11-23 10:22:00', NULL, NULL, NULL),
(2526, 12, NULL, 1, '2023-11-23 10:22:44', NULL, NULL, NULL),
(2527, 12, NULL, 1, '2023-11-23 10:24:12', NULL, NULL, NULL),
(2528, 12, NULL, 1, '2023-11-23 10:26:38', NULL, NULL, NULL),
(2529, 12, NULL, 1, '2023-11-23 10:28:04', NULL, NULL, NULL),
(2530, 12, NULL, 1, '2023-11-23 10:29:37', NULL, NULL, NULL),
(2531, 12, NULL, 1, '2023-11-23 10:31:06', NULL, NULL, NULL),
(2532, 2, NULL, 1, '2023-11-23 11:18:19', NULL, NULL, NULL),
(2533, 2, NULL, 1, '2023-11-23 11:18:44', NULL, NULL, NULL),
(2534, 2, NULL, 1, '2023-11-23 11:22:11', NULL, NULL, NULL),
(2535, 2, NULL, 1, '2023-11-23 11:22:17', NULL, NULL, NULL),
(2536, 2, NULL, 2, '2023-11-23 11:23:40', NULL, NULL, NULL),
(2537, 2, NULL, 2, '2023-11-23 11:26:42', NULL, NULL, NULL),
(2538, 2, NULL, 2, '2023-11-23 11:27:08', NULL, NULL, NULL),
(2539, 2, NULL, 2, '2023-11-23 11:31:11', NULL, NULL, NULL),
(2540, 2, NULL, 2, '2023-11-23 11:31:14', NULL, NULL, NULL),
(2541, 2, NULL, 2, '2023-11-23 11:35:39', NULL, NULL, NULL),
(2542, 2, NULL, 2, '2023-11-23 12:17:07', NULL, NULL, NULL),
(2543, 2, NULL, 2, '2023-11-23 12:17:44', NULL, NULL, NULL),
(2544, 2, NULL, 2, '2023-11-23 12:18:34', NULL, NULL, NULL),
(2545, 2, NULL, 2, '2023-11-23 12:20:20', NULL, NULL, NULL),
(2546, 2, NULL, 2, '2023-11-23 12:21:52', NULL, NULL, NULL),
(2547, 2, NULL, 2, '2023-11-23 12:23:03', NULL, NULL, NULL),
(2548, 2, NULL, 2, '2023-11-23 12:23:41', NULL, NULL, NULL);
INSERT INTO `orders` (`id`, `worker_id`, `client_id`, `payment_method_id`, `created_at`, `closed_at`, `status`, `lesson_id`) VALUES
(2549, 2, NULL, 2, '2023-11-23 12:24:26', NULL, NULL, NULL),
(2550, 2, NULL, 1, '2023-11-23 12:31:14', NULL, NULL, NULL),
(2551, 2, NULL, 1, '2023-11-23 12:31:34', NULL, NULL, NULL),
(2552, 2, NULL, 1, '2023-11-23 12:55:04', NULL, NULL, NULL),
(2553, 2, NULL, 1, '2023-11-23 13:11:53', NULL, NULL, NULL),
(2554, 2, NULL, 1, '2023-11-23 13:13:12', NULL, NULL, NULL),
(2555, 2, NULL, 1, '2023-11-23 13:14:10', NULL, NULL, NULL),
(2556, 2, NULL, 1, '2023-11-23 13:20:20', NULL, NULL, NULL),
(2557, 2, NULL, 1, '2023-11-23 13:21:03', NULL, NULL, NULL),
(2558, 26, NULL, 1, '2023-11-24 09:29:48', NULL, NULL, NULL),
(2559, 26, NULL, 1, '2023-11-24 09:30:52', NULL, NULL, NULL),
(2560, 26, NULL, 1, '2023-11-24 09:31:57', NULL, NULL, NULL),
(2561, 26, NULL, 1, '2023-11-24 09:33:02', NULL, NULL, NULL),
(2562, 26, NULL, 1, '2023-11-24 09:33:14', NULL, NULL, NULL),
(2563, 26, NULL, 1, '2023-11-24 09:33:47', NULL, NULL, NULL),
(2564, 26, NULL, 1, '2023-11-24 09:37:00', NULL, NULL, NULL),
(2565, 26, NULL, 1, '2023-11-24 09:39:39', NULL, NULL, NULL),
(2566, 26, NULL, 1, '2023-11-24 10:24:24', NULL, NULL, NULL),
(2567, 26, NULL, 1, '2023-11-24 10:24:51', NULL, NULL, NULL),
(2568, 26, NULL, 1, '2023-11-24 10:25:56', NULL, NULL, NULL),
(2569, 26, NULL, 1, '2023-11-24 10:27:29', NULL, NULL, NULL),
(2570, 26, NULL, 1, '2023-11-24 10:28:25', NULL, NULL, NULL),
(2571, 26, NULL, 1, '2023-11-24 10:29:33', NULL, NULL, NULL),
(2572, 26, NULL, 1, '2023-11-24 10:31:00', NULL, NULL, NULL),
(2573, 26, NULL, 1, '2023-11-24 10:31:23', NULL, NULL, NULL),
(2574, 26, NULL, 1, '2023-11-24 10:32:08', NULL, NULL, NULL),
(2575, 26, NULL, 2, '2023-11-24 11:17:10', NULL, NULL, NULL),
(2576, 26, NULL, 2, '2023-11-24 11:17:56', NULL, NULL, NULL),
(2577, 26, NULL, 2, '2023-11-24 11:19:50', NULL, NULL, NULL),
(2578, 26, NULL, 2, '2023-11-24 11:20:09', NULL, NULL, NULL),
(2579, 26, NULL, 2, '2023-11-24 11:21:19', NULL, NULL, NULL),
(2580, 26, NULL, 2, '2023-11-24 11:22:00', NULL, NULL, NULL),
(2581, 26, NULL, 2, '2023-11-24 11:22:52', NULL, NULL, NULL),
(2582, 26, NULL, 2, '2023-11-24 11:24:05', NULL, NULL, NULL),
(2583, 26, NULL, 2, '2023-11-24 11:25:16', NULL, NULL, NULL),
(2584, 26, NULL, 2, '2023-11-24 11:26:46', NULL, NULL, NULL),
(2585, 26, NULL, 2, '2023-11-24 11:27:24', NULL, NULL, NULL),
(2586, 26, NULL, 2, '2023-11-24 11:28:37', NULL, NULL, NULL),
(2587, 26, NULL, 2, '2023-11-24 11:31:16', NULL, NULL, NULL),
(2588, 26, NULL, 2, '2023-11-24 11:42:57', NULL, NULL, NULL),
(2589, 26, NULL, 2, '2023-11-24 12:19:28', NULL, NULL, NULL),
(2590, 26, NULL, 2, '2023-11-24 12:20:03', NULL, NULL, NULL),
(2591, 26, NULL, 2, '2023-11-24 12:20:13', NULL, NULL, NULL),
(2592, 26, NULL, 2, '2023-11-24 12:21:16', NULL, NULL, NULL),
(2593, 26, NULL, 2, '2023-11-24 13:13:36', NULL, NULL, NULL),
(2594, 26, NULL, 2, '2023-11-24 13:13:50', NULL, NULL, NULL),
(2595, 26, NULL, 1, '2023-11-27 08:34:41', NULL, NULL, NULL),
(2596, 28, NULL, 1, '2023-11-27 09:07:07', NULL, NULL, NULL),
(2597, 28, NULL, 1, '2023-11-27 09:12:22', NULL, NULL, NULL),
(2598, 28, NULL, 1, '2023-11-27 09:12:57', NULL, NULL, NULL),
(2599, 28, NULL, 1, '2023-11-27 09:13:00', NULL, NULL, NULL),
(2600, 28, NULL, 1, '2023-11-27 10:03:48', NULL, NULL, NULL),
(2601, 28, NULL, 1, '2023-11-27 10:04:15', NULL, NULL, NULL),
(2602, 28, NULL, 1, '2023-11-27 10:05:41', NULL, NULL, NULL),
(2603, 28, NULL, 1, '2023-11-27 10:07:05', NULL, NULL, NULL),
(2604, 28, NULL, 1, '2023-11-27 10:08:47', NULL, NULL, NULL),
(2605, 28, NULL, 1, '2023-11-27 10:09:23', NULL, NULL, NULL),
(2606, 28, NULL, 1, '2023-11-27 10:09:45', NULL, NULL, NULL),
(2607, 28, NULL, 1, '2023-11-27 10:13:48', NULL, NULL, NULL),
(2608, 28, NULL, 1, '2023-11-27 10:14:04', NULL, NULL, NULL),
(2609, 28, NULL, 1, '2023-11-27 10:57:38', NULL, NULL, NULL),
(2610, 28, NULL, 1, '2023-11-27 11:00:07', NULL, NULL, NULL),
(2611, 28, NULL, 1, '2023-11-27 11:00:58', NULL, NULL, NULL),
(2612, 28, NULL, 1, '2023-11-27 11:01:07', NULL, NULL, NULL),
(2613, 28, NULL, 1, '2023-11-27 11:02:42', NULL, NULL, NULL),
(2614, 28, NULL, 1, '2023-11-27 11:03:34', NULL, NULL, NULL),
(2615, 28, NULL, 1, '2023-11-27 11:05:41', NULL, NULL, NULL),
(2616, 28, NULL, 1, '2023-11-27 11:06:45', NULL, NULL, NULL),
(2617, 28, NULL, 1, '2023-11-27 11:07:17', NULL, NULL, NULL),
(2618, 28, NULL, 1, '2023-11-27 11:08:54', NULL, NULL, NULL),
(2619, 28, NULL, 1, '2023-11-27 12:01:52', NULL, NULL, NULL),
(2620, 28, NULL, 1, '2023-11-27 12:02:14', NULL, NULL, NULL),
(2621, 28, NULL, 1, '2023-11-27 12:05:23', NULL, NULL, NULL),
(2622, 28, NULL, 1, '2023-11-27 12:07:14', NULL, NULL, NULL),
(2623, 28, NULL, 1, '2023-11-27 13:11:55', NULL, NULL, NULL),
(2624, 28, NULL, 1, '2023-11-27 13:12:22', NULL, NULL, NULL),
(2625, 28, NULL, 1, '2023-11-27 13:12:56', NULL, NULL, NULL),
(2626, 28, NULL, 1, '2023-11-27 13:15:26', NULL, NULL, NULL),
(2627, 3, NULL, 1, '2023-11-27 13:25:01', NULL, NULL, NULL),
(2628, 28, NULL, 1, '2023-11-28 09:30:17', NULL, NULL, NULL),
(2629, 28, NULL, 1, '2023-11-28 10:20:57', NULL, NULL, NULL),
(2630, 28, NULL, 1, '2023-11-28 10:21:19', NULL, NULL, NULL),
(2631, 28, NULL, 1, '2023-11-28 10:22:11', NULL, NULL, NULL),
(2632, 28, NULL, 1, '2023-11-28 10:22:43', NULL, NULL, NULL),
(2633, 28, NULL, 1, '2023-11-28 10:26:36', NULL, NULL, NULL),
(2634, 28, NULL, 1, '2023-11-28 10:30:20', NULL, NULL, NULL),
(2635, 28, NULL, 2, '2023-11-28 10:40:02', NULL, NULL, NULL),
(2636, 28, NULL, 1, '2023-11-28 11:19:53', NULL, NULL, NULL),
(2637, 28, NULL, 1, '2023-11-28 11:20:10', NULL, NULL, NULL),
(2638, 5, NULL, 1, '2023-11-29 07:53:33', NULL, NULL, NULL),
(2639, 28, NULL, 1, '2023-11-29 09:27:12', NULL, NULL, NULL),
(2640, 28, NULL, 1, '2023-11-29 09:28:26', NULL, NULL, NULL),
(2641, 28, NULL, 1, '2023-11-29 09:29:34', NULL, NULL, NULL),
(2642, 28, NULL, 1, '2023-11-29 09:30:04', NULL, NULL, NULL),
(2643, 28, NULL, 1, '2023-11-29 09:30:51', NULL, NULL, NULL),
(2644, 28, NULL, 1, '2023-11-29 09:31:09', NULL, NULL, NULL),
(2645, 28, NULL, 1, '2023-11-29 09:31:33', NULL, NULL, NULL),
(2646, 28, NULL, 2, '2023-11-29 09:32:49', NULL, NULL, NULL),
(2647, 28, NULL, 1, '2023-11-29 09:33:05', NULL, NULL, NULL),
(2648, 28, NULL, 2, '2023-11-29 09:34:17', NULL, NULL, NULL),
(2649, 28, NULL, 2, '2023-11-29 09:38:48', NULL, NULL, NULL),
(2650, 5, NULL, 1, '2023-11-29 09:56:16', NULL, NULL, NULL),
(2651, 28, NULL, 1, '2023-11-29 10:18:49', NULL, NULL, NULL),
(2652, 28, NULL, 1, '2023-11-29 10:21:43', NULL, NULL, NULL),
(2653, 28, NULL, 1, '2023-11-29 10:22:31', NULL, NULL, NULL),
(2654, 28, NULL, 1, '2023-11-29 10:23:25', NULL, NULL, NULL),
(2655, 28, NULL, 1, '2023-11-29 10:25:03', NULL, NULL, NULL),
(2656, 28, NULL, 1, '2023-11-29 10:25:45', NULL, NULL, NULL),
(2657, 28, NULL, 1, '2023-11-29 10:26:19', NULL, NULL, NULL),
(2658, 28, NULL, 1, '2023-11-29 10:27:26', NULL, NULL, NULL),
(2659, 28, NULL, 1, '2023-11-29 10:28:25', NULL, NULL, NULL),
(2660, 28, NULL, 1, '2023-11-29 10:28:38', NULL, NULL, NULL),
(2661, 28, NULL, 1, '2023-11-29 10:30:09', NULL, NULL, NULL),
(2662, 28, NULL, 1, '2023-11-29 11:17:52', NULL, NULL, NULL),
(2663, 28, NULL, 1, '2023-11-29 11:18:36', NULL, NULL, NULL),
(2664, 28, NULL, 1, '2023-11-29 11:18:50', NULL, NULL, NULL),
(2665, 28, NULL, 1, '2023-11-29 11:19:13', NULL, NULL, NULL),
(2666, 28, NULL, 1, '2023-11-29 11:20:18', NULL, NULL, NULL),
(2667, 28, NULL, 1, '2023-11-29 11:20:57', NULL, NULL, NULL),
(2668, 28, NULL, 1, '2023-11-29 11:21:03', NULL, NULL, NULL),
(2669, 28, NULL, 1, '2023-11-29 11:21:37', NULL, NULL, NULL),
(2670, 28, NULL, 1, '2023-11-29 11:23:26', NULL, NULL, NULL),
(2671, 28, NULL, 1, '2023-11-29 11:24:12', NULL, NULL, NULL),
(2672, 28, NULL, 1, '2023-11-29 11:24:49', NULL, NULL, NULL),
(2673, 28, NULL, 1, '2023-11-29 11:29:53', NULL, NULL, NULL),
(2674, 28, NULL, 1, '2023-11-29 11:31:49', NULL, NULL, NULL),
(2675, 28, NULL, 1, '2023-11-29 11:32:58', NULL, NULL, NULL),
(2676, 28, NULL, 1, '2023-11-29 12:17:03', NULL, NULL, NULL),
(2677, 28, NULL, 1, '2023-11-29 12:17:34', NULL, NULL, NULL),
(2678, 28, NULL, 1, '2023-11-29 12:18:25', NULL, NULL, NULL),
(2679, 28, NULL, 1, '2023-11-29 12:19:35', NULL, NULL, NULL),
(2680, 28, NULL, 1, '2023-11-29 12:20:30', NULL, NULL, NULL),
(2681, 28, NULL, 1, '2023-11-29 12:21:15', NULL, NULL, NULL),
(2682, 28, NULL, 1, '2023-11-29 12:21:43', NULL, NULL, NULL),
(2683, 28, NULL, 1, '2023-11-29 12:22:44', NULL, NULL, NULL),
(2684, 28, NULL, 1, '2023-11-29 12:23:26', NULL, NULL, NULL),
(2685, 28, NULL, 1, '2023-11-29 12:24:16', NULL, NULL, NULL),
(2686, 28, NULL, 1, '2023-11-29 12:25:34', NULL, NULL, NULL),
(2687, 28, NULL, 1, '2023-11-29 12:26:53', NULL, NULL, NULL),
(2688, 28, NULL, 1, '2023-11-29 13:13:51', NULL, NULL, NULL),
(2689, 28, NULL, 1, '2023-11-29 13:15:02', NULL, NULL, NULL),
(2690, 28, NULL, 1, '2023-11-29 13:20:05', NULL, NULL, NULL),
(2691, 28, NULL, 1, '2023-11-29 13:20:11', NULL, NULL, NULL),
(2692, 28, NULL, 1, '2023-11-30 09:29:50', NULL, NULL, NULL),
(2693, 28, NULL, 1, '2023-11-30 09:30:34', NULL, NULL, NULL),
(2694, 28, NULL, 1, '2023-11-30 09:31:41', NULL, NULL, NULL),
(2695, 28, NULL, 1, '2023-11-30 09:32:22', NULL, NULL, NULL),
(2696, 28, NULL, 1, '2023-11-30 09:33:56', NULL, NULL, NULL),
(2697, 28, NULL, 1, '2023-11-30 09:34:00', NULL, NULL, NULL),
(2698, 28, NULL, 1, '2023-11-30 09:34:04', NULL, NULL, NULL),
(2699, 28, NULL, 1, '2023-11-30 10:22:27', NULL, NULL, NULL),
(2700, 28, NULL, 1, '2023-11-30 10:24:26', NULL, NULL, NULL),
(2701, 28, NULL, 1, '2023-11-30 11:17:29', NULL, NULL, NULL),
(2702, 28, NULL, 1, '2023-11-30 11:18:30', NULL, NULL, NULL),
(2703, 28, NULL, 1, '2023-11-30 11:20:13', NULL, NULL, NULL),
(2704, 28, NULL, 1, '2023-11-30 11:26:07', NULL, NULL, NULL),
(2705, 28, NULL, 1, '2023-11-30 12:15:02', NULL, NULL, NULL),
(2706, 28, NULL, 1, '2023-11-30 12:16:20', NULL, NULL, NULL),
(2707, 28, NULL, 1, '2023-11-30 12:17:53', NULL, NULL, NULL),
(2708, 28, NULL, 1, '2023-11-30 12:20:01', NULL, NULL, NULL),
(2709, 28, NULL, 1, '2023-11-30 12:22:19', NULL, NULL, NULL),
(2710, 28, NULL, 1, '2023-11-30 12:23:21', NULL, NULL, NULL),
(2711, 28, NULL, 1, '2023-11-30 13:11:06', NULL, NULL, NULL),
(2712, 28, NULL, 1, '2023-11-30 13:12:02', NULL, NULL, NULL),
(2713, 28, NULL, 1, '2023-11-30 13:13:15', NULL, NULL, NULL),
(2714, 28, NULL, 1, '2023-11-30 13:14:00', NULL, NULL, NULL),
(2715, 12, NULL, 1, '2023-12-01 09:27:46', NULL, NULL, NULL),
(2716, 12, NULL, 1, '2023-12-01 09:28:25', NULL, NULL, NULL),
(2717, 12, NULL, 1, '2023-12-01 10:22:23', NULL, NULL, NULL),
(2718, 12, NULL, 1, '2023-12-01 10:23:16', NULL, NULL, NULL),
(2719, 12, NULL, 1, '2023-12-01 10:24:04', NULL, NULL, NULL),
(2720, 12, NULL, 1, '2023-12-01 10:24:22', NULL, NULL, NULL),
(2721, 12, NULL, 1, '2023-12-01 10:25:07', NULL, NULL, NULL),
(2722, 12, NULL, 1, '2023-12-01 10:25:32', NULL, NULL, NULL),
(2723, 12, NULL, 1, '2023-12-01 11:16:13', NULL, NULL, NULL),
(2724, 12, NULL, 1, '2023-12-01 11:17:18', NULL, NULL, NULL),
(2725, 12, NULL, 1, '2023-12-01 11:17:48', NULL, NULL, NULL),
(2726, 12, NULL, 1, '2023-12-01 11:18:13', NULL, NULL, NULL),
(2727, 12, NULL, 1, '2023-12-01 11:18:56', NULL, NULL, NULL),
(2728, 12, NULL, 1, '2023-12-01 11:19:36', NULL, NULL, NULL),
(2729, 12, NULL, 1, '2023-12-01 11:20:03', NULL, NULL, NULL),
(2730, 12, NULL, 1, '2023-12-01 11:25:31', NULL, NULL, NULL),
(2731, 12, NULL, 1, '2023-12-01 11:27:20', NULL, NULL, NULL),
(2732, 28, NULL, 1, '2023-12-01 12:16:52', NULL, NULL, NULL),
(2733, 26, NULL, 2, '2023-12-04 08:38:07', NULL, NULL, NULL),
(2734, 26, NULL, 2, '2023-12-04 08:39:10', NULL, NULL, NULL),
(2735, 26, NULL, 2, '2023-12-04 08:47:05', NULL, NULL, NULL),
(2736, 25, NULL, 2, '2023-12-04 09:23:22', NULL, NULL, NULL),
(2737, 26, NULL, 1, '2023-12-04 09:27:57', NULL, NULL, NULL),
(2738, 26, NULL, 1, '2023-12-04 09:29:18', NULL, NULL, NULL),
(2739, 26, NULL, 1, '2023-12-04 09:29:42', NULL, NULL, NULL),
(2740, 26, NULL, 1, '2023-12-04 09:33:19', NULL, NULL, NULL),
(2741, 26, NULL, 1, '2023-12-04 09:33:28', NULL, NULL, NULL),
(2742, 26, NULL, 1, '2023-12-04 09:34:37', NULL, NULL, NULL),
(2743, 26, NULL, 1, '2023-12-04 09:35:17', NULL, NULL, NULL),
(2744, 26, NULL, 1, '2023-12-04 09:36:56', NULL, NULL, NULL),
(2745, 26, NULL, 1, '2023-12-04 09:37:31', NULL, NULL, NULL),
(2746, 26, NULL, 1, '2023-12-04 09:37:51', NULL, NULL, NULL),
(2747, 26, NULL, 2, '2023-12-04 10:22:30', NULL, NULL, NULL),
(2748, 26, NULL, 2, '2023-12-04 10:23:21', NULL, NULL, NULL),
(2749, 26, NULL, 2, '2023-12-04 10:24:36', NULL, NULL, NULL),
(2750, 26, NULL, 2, '2023-12-04 10:25:21', NULL, NULL, NULL),
(2751, 26, NULL, 2, '2023-12-04 10:25:37', NULL, NULL, NULL),
(2752, 26, NULL, 2, '2023-12-04 10:26:38', NULL, NULL, NULL),
(2753, 26, NULL, 2, '2023-12-04 10:27:23', NULL, NULL, NULL),
(2754, 26, NULL, 2, '2023-12-04 10:29:39', NULL, NULL, NULL),
(2755, 26, NULL, 2, '2023-12-04 10:31:21', NULL, NULL, NULL),
(2756, 12, NULL, 1, '2023-12-04 11:14:24', NULL, NULL, NULL),
(2757, 26, NULL, 2, '2023-12-04 11:20:00', NULL, NULL, NULL),
(2758, 26, NULL, 2, '2023-12-04 11:21:06', NULL, NULL, NULL),
(2759, 26, NULL, 2, '2023-12-04 11:21:21', NULL, NULL, NULL),
(2760, 26, NULL, 2, '2023-12-04 11:22:37', NULL, NULL, NULL),
(2761, 26, NULL, 2, '2023-12-04 11:30:22', NULL, NULL, NULL),
(2762, 26, NULL, 1, '2023-12-04 12:16:29', NULL, NULL, NULL),
(2763, 26, NULL, 1, '2023-12-04 12:17:04', NULL, NULL, NULL),
(2764, 26, NULL, 1, '2023-12-04 12:17:51', NULL, NULL, NULL),
(2765, 26, NULL, 1, '2023-12-04 12:19:18', NULL, NULL, NULL),
(2766, 26, NULL, 1, '2023-12-04 12:21:09', NULL, NULL, NULL),
(2767, 26, NULL, 1, '2023-12-04 12:21:39', NULL, NULL, NULL),
(2768, 26, NULL, 1, '2023-12-04 12:22:21', NULL, NULL, NULL),
(2769, 26, NULL, 1, '2023-12-04 12:23:16', NULL, NULL, NULL),
(2770, 26, NULL, 2, '2023-12-04 12:28:55', NULL, NULL, NULL),
(2771, 26, NULL, 1, '2023-12-04 13:12:36', NULL, NULL, NULL),
(2772, 26, NULL, 2, '2023-12-04 13:12:54', NULL, NULL, NULL),
(2773, 26, NULL, 2, '2023-12-04 13:13:30', NULL, NULL, NULL),
(2774, 26, NULL, 1, '2023-12-04 13:14:22', NULL, NULL, NULL),
(2775, 26, NULL, 1, '2023-12-04 13:15:14', NULL, NULL, NULL),
(2776, 12, NULL, 1, '2023-12-05 09:30:51', NULL, NULL, NULL),
(2777, 12, NULL, 1, '2023-12-05 09:31:43', NULL, NULL, NULL),
(2778, 12, NULL, 1, '2023-12-05 09:32:13', NULL, NULL, NULL),
(2779, 12, NULL, 1, '2023-12-05 09:33:08', NULL, NULL, NULL),
(2780, 25, NULL, 2, '2023-12-05 10:19:49', NULL, NULL, NULL),
(2781, 25, NULL, 2, '2023-12-05 10:21:21', NULL, NULL, NULL),
(2782, 25, NULL, 1, '2023-12-05 10:22:26', NULL, NULL, NULL),
(2783, 25, NULL, 1, '2023-12-05 10:23:21', NULL, NULL, NULL),
(2784, 25, NULL, 1, '2023-12-05 10:23:36', NULL, NULL, NULL),
(2785, 25, NULL, 2, '2023-12-05 10:23:57', NULL, NULL, NULL),
(2786, 25, NULL, 1, '2023-12-05 10:25:11', NULL, NULL, NULL),
(2787, 25, NULL, 2, '2023-12-05 11:18:02', NULL, NULL, NULL),
(2788, 25, NULL, 1, '2023-12-05 11:19:40', NULL, NULL, NULL),
(2789, 25, NULL, 2, '2023-12-05 11:20:22', NULL, NULL, NULL),
(2790, 25, NULL, 1, '2023-12-05 11:20:48', NULL, NULL, NULL),
(2791, 25, NULL, 1, '2023-12-05 11:21:28', NULL, NULL, NULL),
(2792, 25, NULL, 2, '2023-12-05 11:22:28', NULL, NULL, NULL),
(2793, 25, NULL, 2, '2023-12-05 11:24:35', NULL, NULL, NULL),
(2794, 25, NULL, 1, '2023-12-05 11:25:33', NULL, NULL, NULL),
(2795, 25, NULL, 1, '2023-12-05 11:26:01', NULL, NULL, NULL),
(2796, 25, NULL, 1, '2023-12-05 11:31:13', NULL, NULL, NULL),
(2797, 25, NULL, 1, '2023-12-05 12:15:57', NULL, NULL, NULL),
(2798, 25, NULL, 1, '2023-12-05 12:17:20', NULL, NULL, NULL),
(2799, 25, NULL, 1, '2023-12-05 12:18:01', NULL, NULL, NULL),
(2800, 25, NULL, 2, '2023-12-05 12:18:20', NULL, NULL, NULL),
(2801, 25, NULL, 2, '2023-12-05 12:19:09', NULL, NULL, NULL),
(2802, 25, NULL, 2, '2023-12-05 12:19:58', NULL, NULL, NULL),
(2803, 25, NULL, 1, '2023-12-05 12:21:23', NULL, NULL, NULL),
(2804, 25, NULL, 2, '2023-12-05 12:23:06', NULL, NULL, NULL),
(2805, 25, NULL, 2, '2023-12-05 13:10:47', NULL, NULL, NULL),
(2806, 25, NULL, 2, '2023-12-05 13:12:45', NULL, NULL, NULL),
(2807, 25, NULL, 2, '2023-12-05 13:13:10', NULL, NULL, NULL),
(2808, 25, NULL, 1, '2023-12-05 13:14:02', NULL, NULL, NULL),
(2809, 25, NULL, 2, '2023-12-05 13:16:10', NULL, NULL, NULL),
(2810, 25, NULL, 2, '2023-12-05 13:18:34', NULL, NULL, NULL),
(2811, 5, NULL, 2, '2023-12-06 09:32:51', NULL, NULL, NULL),
(2812, 5, NULL, 2, '2023-12-06 09:33:31', NULL, NULL, NULL),
(2813, 5, NULL, 2, '2023-12-06 09:35:54', NULL, NULL, NULL),
(2814, 5, NULL, 1, '2023-12-06 09:38:16', NULL, NULL, NULL),
(2815, 26, NULL, 1, '2023-12-06 10:15:25', NULL, NULL, NULL),
(2816, 26, NULL, 1, '2023-12-06 10:23:24', NULL, NULL, NULL),
(2817, 26, NULL, 1, '2023-12-06 10:25:44', NULL, NULL, NULL),
(2818, 26, NULL, 1, '2023-12-06 10:28:18', NULL, NULL, NULL),
(2819, 26, NULL, 1, '2023-12-06 10:31:18', NULL, NULL, NULL),
(2820, 26, NULL, 2, '2023-12-06 10:41:25', NULL, NULL, NULL),
(2821, 26, NULL, 1, '2023-12-06 11:16:16', NULL, NULL, NULL),
(2822, 26, NULL, 1, '2023-12-06 11:17:15', NULL, NULL, NULL),
(2823, 26, NULL, 1, '2023-12-06 11:19:05', NULL, NULL, NULL),
(2824, 26, NULL, 1, '2023-12-06 11:20:21', NULL, NULL, NULL),
(2825, 26, NULL, 1, '2023-12-06 11:20:32', NULL, NULL, NULL),
(2826, 26, NULL, 1, '2023-12-06 11:21:14', NULL, NULL, NULL),
(2827, 26, NULL, 1, '2023-12-06 11:22:12', NULL, NULL, NULL),
(2828, 26, NULL, 1, '2023-12-06 11:22:30', NULL, NULL, NULL),
(2829, 26, NULL, 1, '2023-12-06 11:23:54', NULL, NULL, NULL),
(2830, 26, NULL, 1, '2023-12-06 11:25:39', NULL, NULL, NULL),
(2831, 26, NULL, 1, '2023-12-06 11:28:16', NULL, NULL, NULL),
(2832, 26, NULL, 1, '2023-12-06 11:38:44', NULL, NULL, NULL),
(2833, 26, NULL, 1, '2023-12-06 11:43:36', NULL, NULL, NULL),
(2834, 26, NULL, 2, '2023-12-06 12:16:08', NULL, NULL, NULL),
(2835, 26, NULL, 2, '2023-12-06 12:18:04', NULL, NULL, NULL),
(2836, 26, NULL, 2, '2023-12-06 12:18:34', NULL, NULL, NULL),
(2837, 26, NULL, 2, '2023-12-06 12:21:09', NULL, NULL, NULL),
(2838, 26, NULL, 1, '2023-12-06 13:13:14', NULL, NULL, NULL),
(2839, 26, NULL, 1, '2023-12-06 13:14:09', NULL, NULL, NULL),
(2840, 26, NULL, 1, '2023-12-06 13:15:06', NULL, NULL, NULL),
(2841, 26, NULL, 1, '2023-12-06 13:17:22', NULL, NULL, NULL),
(2842, 26, NULL, 1, '2023-12-06 13:18:45', NULL, NULL, NULL),
(2843, 12, NULL, 2, '2023-12-07 09:26:43', NULL, NULL, NULL),
(2844, 12, NULL, 2, '2023-12-07 09:28:47', NULL, NULL, NULL),
(2845, 12, NULL, 2, '2023-12-07 09:30:10', NULL, NULL, NULL),
(2846, 12, NULL, 2, '2023-12-07 09:30:14', NULL, NULL, NULL),
(2847, 12, NULL, 2, '2023-12-07 09:32:03', NULL, NULL, NULL),
(2848, 12, NULL, 2, '2023-12-07 09:32:40', NULL, NULL, NULL),
(2849, 12, NULL, 2, '2023-12-07 09:33:27', NULL, NULL, NULL),
(2850, 12, NULL, 2, '2023-12-07 09:34:29', NULL, NULL, NULL),
(2851, 12, NULL, 2, '2023-12-07 09:45:13', NULL, NULL, NULL),
(2852, 12, NULL, 2, '2023-12-07 10:23:22', NULL, NULL, NULL),
(2853, 12, NULL, 2, '2023-12-07 10:24:04', NULL, NULL, NULL),
(2854, 12, NULL, 2, '2023-12-07 10:30:28', NULL, NULL, NULL),
(2855, 12, NULL, 2, '2023-12-07 10:34:17', NULL, NULL, NULL),
(2856, 12, NULL, 2, '2023-12-07 10:53:38', NULL, NULL, NULL),
(2857, 12, NULL, 2, '2023-12-07 11:17:10', NULL, NULL, NULL),
(2858, 12, NULL, 2, '2023-12-07 11:17:13', NULL, NULL, NULL),
(2859, 12, NULL, 2, '2023-12-07 11:18:38', NULL, NULL, NULL),
(2860, 12, NULL, 2, '2023-12-07 11:20:01', NULL, NULL, NULL),
(2861, 12, NULL, 2, '2023-12-07 11:21:25', NULL, NULL, NULL),
(2862, 12, NULL, 2, '2023-12-07 11:26:39', NULL, NULL, NULL),
(2863, 12, NULL, 2, '2023-12-07 11:26:41', NULL, NULL, NULL),
(2864, 12, NULL, 2, '2023-12-07 12:16:49', NULL, NULL, NULL),
(2865, 12, NULL, 2, '2023-12-07 12:17:45', NULL, NULL, NULL),
(2866, 12, NULL, 2, '2023-12-07 12:20:22', NULL, NULL, NULL),
(2867, 12, NULL, 2, '2023-12-07 12:21:16', NULL, NULL, NULL),
(2868, 12, NULL, 2, '2023-12-07 12:23:01', NULL, NULL, NULL),
(2869, 12, NULL, 2, '2023-12-07 13:09:36', NULL, NULL, NULL),
(2870, 12, NULL, 2, '2023-12-07 13:09:56', NULL, NULL, NULL),
(2871, 25, NULL, 1, '2023-12-08 08:25:56', NULL, NULL, NULL),
(2872, 28, NULL, 1, '2023-12-08 09:26:06', NULL, NULL, NULL),
(2873, 28, NULL, 1, '2023-12-08 09:26:34', NULL, NULL, NULL),
(2874, 28, NULL, 1, '2023-12-08 09:27:47', NULL, NULL, NULL),
(2875, 28, NULL, 1, '2023-12-08 09:28:23', NULL, NULL, NULL),
(2876, 28, NULL, 1, '2023-12-08 09:28:33', NULL, NULL, NULL),
(2877, 28, NULL, 1, '2023-12-08 09:28:58', NULL, NULL, NULL),
(2878, 28, NULL, 1, '2023-12-08 09:31:35', NULL, NULL, NULL),
(2879, 28, NULL, 1, '2023-12-08 10:19:42', NULL, NULL, NULL),
(2880, 28, NULL, 1, '2023-12-08 10:22:17', NULL, NULL, NULL),
(2881, 28, NULL, 2, '2023-12-08 10:23:26', NULL, NULL, NULL),
(2882, 28, NULL, 2, '2023-12-08 10:24:27', NULL, NULL, NULL),
(2883, 28, NULL, 2, '2023-12-08 10:28:49', NULL, NULL, NULL),
(2884, 28, NULL, 1, '2023-12-08 11:08:32', NULL, NULL, NULL),
(2885, 28, NULL, 1, '2023-12-08 11:14:39', NULL, NULL, NULL),
(2886, 28, NULL, 1, '2023-12-08 11:16:05', NULL, NULL, NULL),
(2887, 28, NULL, 1, '2023-12-08 11:16:33', NULL, NULL, NULL),
(2888, 28, NULL, 1, '2023-12-08 11:18:19', NULL, NULL, NULL),
(2889, 28, NULL, 1, '2023-12-08 11:20:22', NULL, NULL, NULL),
(2890, 28, NULL, 2, '2023-12-08 11:23:24', NULL, NULL, NULL),
(2891, 28, NULL, 2, '2023-12-08 11:28:38', NULL, NULL, NULL),
(2892, 28, NULL, 1, '2023-12-08 11:30:22', NULL, NULL, NULL),
(2893, 28, NULL, 1, '2023-12-08 12:15:47', NULL, NULL, NULL),
(2894, 28, NULL, 1, '2023-12-08 12:17:28', NULL, NULL, NULL),
(2895, 28, NULL, 1, '2023-12-08 13:12:10', NULL, NULL, NULL),
(2896, 12, NULL, 1, '2023-12-08 14:06:52', NULL, NULL, NULL),
(2897, 12, NULL, 1, '2023-12-08 14:08:58', NULL, NULL, NULL),
(2898, 12, NULL, 1, '2023-12-11 08:42:05', NULL, NULL, NULL),
(2899, 12, NULL, 1, '2023-12-11 08:45:41', NULL, NULL, NULL),
(2900, 28, NULL, 1, '2023-12-11 09:23:32', NULL, NULL, NULL),
(2901, 28, NULL, 1, '2023-12-11 09:23:45', NULL, NULL, NULL),
(2902, 28, NULL, 1, '2023-12-11 09:24:49', NULL, NULL, NULL),
(2903, 28, NULL, 1, '2023-12-11 09:25:08', NULL, NULL, NULL),
(2904, 28, NULL, 1, '2023-12-11 09:26:15', NULL, NULL, NULL),
(2905, 28, NULL, 1, '2023-12-11 09:26:20', NULL, NULL, NULL),
(2906, 28, NULL, 2, '2023-12-11 09:27:28', NULL, NULL, NULL),
(2907, 28, NULL, 2, '2023-12-11 09:28:55', NULL, NULL, NULL),
(2908, 28, NULL, 2, '2023-12-11 09:29:30', NULL, NULL, NULL),
(2909, 28, NULL, 2, '2023-12-11 09:34:56', NULL, NULL, NULL),
(2910, 28, NULL, 2, '2023-12-11 10:06:35', NULL, NULL, NULL),
(2911, 28, NULL, 2, '2023-12-11 10:10:05', NULL, NULL, NULL),
(2912, 28, NULL, 2, '2023-12-11 10:15:29', NULL, NULL, NULL),
(2913, 28, NULL, 1, '2023-12-11 10:16:27', NULL, NULL, NULL),
(2914, 28, NULL, 1, '2023-12-11 10:19:24', NULL, NULL, NULL),
(2915, 28, NULL, 1, '2023-12-11 10:20:25', NULL, NULL, NULL),
(2916, 28, NULL, 1, '2023-12-11 10:22:16', NULL, NULL, NULL),
(2917, 28, NULL, 1, '2023-12-11 10:22:24', NULL, NULL, NULL),
(2918, 28, NULL, 1, '2023-12-11 10:22:53', NULL, NULL, NULL),
(2919, 28, NULL, 1, '2023-12-11 10:23:41', NULL, NULL, NULL),
(2920, 28, NULL, 1, '2023-12-11 10:25:07', NULL, NULL, NULL),
(2921, 28, NULL, 1, '2023-12-11 10:25:41', NULL, NULL, NULL),
(2922, 28, NULL, 2, '2023-12-11 10:27:20', NULL, NULL, NULL),
(2923, 28, NULL, 2, '2023-12-11 11:13:46', NULL, NULL, NULL),
(2924, 28, NULL, 2, '2023-12-11 11:14:49', NULL, NULL, NULL),
(2925, 28, NULL, 2, '2023-12-11 11:15:47', NULL, NULL, NULL),
(2926, 28, NULL, 2, '2023-12-11 11:17:42', NULL, NULL, NULL),
(2927, 28, NULL, 2, '2023-12-11 11:18:18', NULL, NULL, NULL),
(2928, 28, NULL, 2, '2023-12-11 11:19:18', NULL, NULL, NULL),
(2929, 28, NULL, 2, '2023-12-11 11:20:29', NULL, NULL, NULL),
(2930, 28, NULL, 2, '2023-12-11 12:14:30', NULL, NULL, NULL),
(2931, 28, NULL, 2, '2023-12-11 12:14:40', NULL, NULL, NULL),
(2932, 28, NULL, 2, '2023-12-11 12:16:29', NULL, NULL, NULL),
(2933, 28, NULL, 2, '2023-12-11 12:17:55', NULL, NULL, NULL),
(2934, 28, NULL, 2, '2023-12-11 12:18:22', NULL, NULL, NULL),
(2935, 28, NULL, 2, '2023-12-11 13:10:51', NULL, NULL, NULL),
(2936, 28, NULL, 2, '2023-12-11 13:12:26', NULL, NULL, NULL),
(2937, 28, NULL, 2, '2023-12-11 13:13:33', NULL, NULL, NULL),
(2938, 28, NULL, 2, '2023-12-11 13:15:44', NULL, NULL, NULL),
(2939, 28, NULL, 2, '2023-12-11 13:17:11', NULL, NULL, NULL),
(2940, 28, NULL, 2, '2023-12-11 13:18:21', NULL, NULL, NULL),
(2941, 28, NULL, 2, '2023-12-12 09:26:39', NULL, NULL, NULL),
(2942, 28, NULL, 2, '2023-12-12 09:28:10', NULL, NULL, NULL),
(2943, 28, NULL, 2, '2023-12-12 09:28:50', NULL, NULL, NULL),
(2944, 28, NULL, 2, '2023-12-12 09:30:03', NULL, NULL, NULL),
(2945, 28, NULL, 1, '2023-12-12 09:30:57', NULL, NULL, NULL),
(2946, 25, NULL, 1, '2023-12-12 10:20:29', NULL, NULL, NULL),
(2947, 25, NULL, 1, '2023-12-12 10:21:16', NULL, NULL, NULL),
(2948, 25, NULL, 1, '2023-12-12 10:23:37', NULL, NULL, NULL),
(2949, 25, NULL, 1, '2023-12-12 10:25:19', NULL, NULL, NULL),
(2950, 25, NULL, 1, '2023-12-12 10:26:07', NULL, NULL, NULL),
(2951, 25, NULL, 1, '2023-12-12 10:29:21', NULL, NULL, NULL),
(2952, 25, NULL, 1, '2023-12-12 10:29:35', NULL, NULL, NULL),
(2953, 25, NULL, 1, '2023-12-12 10:30:02', NULL, NULL, NULL),
(2954, 25, NULL, 1, '2023-12-12 10:36:36', NULL, NULL, NULL),
(2955, 25, NULL, 1, '2023-12-12 10:44:06', NULL, NULL, NULL),
(2956, 25, NULL, 1, '2023-12-12 11:15:55', NULL, NULL, NULL),
(2957, 25, NULL, 2, '2023-12-12 11:17:08', NULL, NULL, NULL),
(2958, 25, NULL, 2, '2023-12-12 11:17:54', NULL, NULL, NULL),
(2959, 25, NULL, 2, '2023-12-12 11:18:16', NULL, NULL, NULL),
(2960, 25, NULL, 2, '2023-12-12 11:18:55', NULL, NULL, NULL),
(2961, 25, NULL, 2, '2023-12-12 11:19:17', NULL, NULL, NULL),
(2962, 25, NULL, 2, '2023-12-12 11:19:59', NULL, NULL, NULL),
(2963, 25, NULL, 2, '2023-12-12 11:21:41', NULL, NULL, NULL),
(2964, 25, NULL, 2, '2023-12-12 11:22:10', NULL, NULL, NULL),
(2965, 25, NULL, 2, '2023-12-12 11:26:00', NULL, NULL, NULL),
(2966, 25, NULL, 2, '2023-12-12 12:16:45', NULL, NULL, NULL),
(2967, 25, NULL, 2, '2023-12-12 12:18:00', NULL, NULL, NULL),
(2968, 25, NULL, 2, '2023-12-12 12:19:52', NULL, NULL, NULL),
(2969, 25, NULL, 2, '2023-12-12 13:11:52', NULL, NULL, NULL),
(2970, 25, NULL, 2, '2023-12-12 13:13:40', NULL, NULL, NULL),
(2971, 25, NULL, 2, '2023-12-12 13:15:12', NULL, NULL, NULL),
(2972, 25, NULL, 2, '2023-12-12 13:18:38', NULL, NULL, NULL),
(2973, 12, NULL, 1, '2023-12-13 09:26:24', NULL, NULL, NULL),
(2974, 12, NULL, 1, '2023-12-13 09:27:01', NULL, NULL, NULL),
(2975, 12, NULL, 1, '2023-12-13 09:27:38', NULL, NULL, NULL),
(2976, 12, NULL, 1, '2023-12-13 09:27:59', NULL, NULL, NULL),
(2977, 12, NULL, 1, '2023-12-13 09:28:16', NULL, NULL, NULL),
(2978, 12, NULL, 2, '2023-12-13 09:28:32', NULL, NULL, NULL),
(2979, 12, NULL, 2, '2023-12-13 09:30:25', NULL, NULL, NULL),
(2980, 12, NULL, 1, '2023-12-13 09:31:19', NULL, NULL, NULL),
(2981, 12, NULL, 1, '2023-12-13 09:36:07', NULL, NULL, NULL),
(2982, 12, NULL, 1, '2023-12-13 10:19:13', NULL, NULL, NULL),
(2983, 12, NULL, 1, '2023-12-13 10:21:23', NULL, NULL, NULL),
(2984, 12, NULL, 1, '2023-12-13 10:21:51', NULL, NULL, NULL),
(2985, 12, NULL, 1, '2023-12-13 10:22:49', NULL, NULL, NULL),
(2986, 12, NULL, 1, '2023-12-13 10:23:15', NULL, NULL, NULL),
(2987, 12, NULL, 1, '2023-12-13 10:23:43', NULL, NULL, NULL),
(2988, 12, NULL, 2, '2023-12-13 10:25:39', NULL, NULL, NULL),
(2989, 12, NULL, 1, '2023-12-13 10:37:13', NULL, NULL, NULL),
(2990, 28, NULL, 2, '2023-12-13 11:15:40', NULL, NULL, NULL),
(2991, 28, NULL, 2, '2023-12-13 11:17:03', NULL, NULL, NULL),
(2992, 28, NULL, 2, '2023-12-13 11:19:28', NULL, NULL, NULL),
(2993, 28, NULL, 2, '2023-12-13 11:21:51', NULL, NULL, NULL),
(2994, 28, NULL, 2, '2023-12-13 11:22:06', NULL, NULL, NULL),
(2995, 28, NULL, 2, '2023-12-13 11:25:23', NULL, NULL, NULL),
(2996, 28, NULL, 2, '2023-12-13 11:27:21', NULL, NULL, NULL),
(2997, 28, NULL, 1, '2023-12-13 12:15:03', NULL, NULL, NULL),
(2998, 28, NULL, 1, '2023-12-13 12:17:56', NULL, NULL, NULL),
(2999, 28, NULL, 2, '2023-12-13 12:18:53', NULL, NULL, NULL),
(3000, 28, NULL, 2, '2023-12-13 12:41:02', NULL, NULL, NULL),
(3001, 28, NULL, 1, '2023-12-13 13:10:43', NULL, NULL, NULL),
(3002, 28, NULL, 1, '2023-12-13 13:11:24', NULL, NULL, NULL),
(3003, 28, NULL, 1, '2023-12-13 13:12:23', NULL, NULL, NULL),
(3004, 28, NULL, 1, '2023-12-13 13:14:22', NULL, NULL, NULL),
(3005, 28, NULL, 1, '2023-12-13 13:14:50', NULL, NULL, NULL),
(3006, 28, NULL, 1, '2023-12-13 13:21:20', NULL, NULL, NULL),
(3007, 28, NULL, 1, '2023-12-13 13:21:47', NULL, NULL, NULL),
(3008, 12, NULL, 2, '2023-12-14 08:39:39', NULL, NULL, NULL),
(3009, 12, NULL, 1, '2023-12-14 09:25:53', NULL, NULL, NULL),
(3010, 12, NULL, 1, '2023-12-14 09:26:59', NULL, NULL, NULL),
(3011, 12, NULL, 1, '2023-12-14 09:28:46', NULL, NULL, NULL),
(3012, 12, NULL, 1, '2023-12-14 09:29:22', NULL, NULL, NULL),
(3013, 12, NULL, 1, '2023-12-14 09:30:50', NULL, NULL, NULL),
(3014, 12, NULL, 2, '2023-12-14 09:32:01', NULL, NULL, NULL),
(3015, 12, NULL, 2, '2023-12-14 09:33:43', NULL, NULL, NULL),
(3016, 12, NULL, 2, '2023-12-14 09:37:19', NULL, NULL, NULL),
(3017, 12, NULL, 2, '2023-12-14 09:41:07', NULL, NULL, NULL),
(3018, 12, NULL, 1, '2023-12-14 09:54:47', NULL, NULL, NULL),
(3019, 12, NULL, 1, '2023-12-14 10:00:13', NULL, NULL, NULL),
(3020, 12, NULL, 2, '2023-12-14 10:20:56', NULL, NULL, NULL),
(3021, 12, NULL, 2, '2023-12-14 10:21:03', NULL, NULL, NULL),
(3022, 12, NULL, 2, '2023-12-14 10:22:11', NULL, NULL, NULL),
(3023, 12, NULL, 2, '2023-12-14 10:23:07', NULL, NULL, NULL),
(3024, 12, NULL, 2, '2023-12-14 10:23:40', NULL, NULL, NULL),
(3025, 12, NULL, 2, '2023-12-14 10:23:56', NULL, NULL, NULL),
(3026, 12, NULL, 2, '2023-12-14 10:25:09', NULL, NULL, NULL),
(3027, 12, NULL, 2, '2023-12-14 10:28:09', NULL, NULL, NULL),
(3028, 12, NULL, 2, '2023-12-14 10:28:41', NULL, NULL, NULL),
(3029, 12, NULL, 2, '2023-12-14 10:48:50', NULL, NULL, NULL),
(3030, 12, NULL, 1, '2023-12-14 11:16:44', NULL, NULL, NULL),
(3031, 12, NULL, 1, '2023-12-14 11:17:32', NULL, NULL, NULL),
(3032, 12, NULL, 1, '2023-12-14 11:18:04', NULL, NULL, NULL),
(3033, 12, NULL, 1, '2023-12-14 11:19:14', NULL, NULL, NULL),
(3034, 12, NULL, 1, '2023-12-14 11:20:06', NULL, NULL, NULL),
(3035, 12, NULL, 1, '2023-12-14 11:21:01', NULL, NULL, NULL),
(3036, 12, NULL, 1, '2023-12-14 11:23:07', NULL, NULL, NULL),
(3037, 12, NULL, 1, '2023-12-14 11:24:02', NULL, NULL, NULL),
(3038, 12, NULL, 1, '2023-12-14 11:35:42', NULL, NULL, NULL),
(3039, 12, NULL, 2, '2023-12-14 12:17:08', NULL, NULL, NULL),
(3040, 12, NULL, 2, '2023-12-14 12:17:56', NULL, NULL, NULL),
(3041, 12, NULL, 2, '2023-12-14 12:18:17', NULL, NULL, NULL),
(3042, 12, NULL, 2, '2023-12-14 12:21:17', NULL, NULL, NULL),
(3043, 12, NULL, 2, '2023-12-14 12:25:01', NULL, NULL, NULL),
(3044, 12, NULL, 2, '2023-12-14 13:11:19', NULL, NULL, NULL),
(3045, 12, NULL, 2, '2023-12-14 13:12:00', NULL, NULL, NULL),
(3046, 12, NULL, 2, '2023-12-14 13:16:48', NULL, NULL, NULL),
(3047, 12, NULL, 2, '2023-12-14 13:29:05', NULL, NULL, NULL),
(3048, 3, NULL, 1, '2023-12-15 07:30:26', NULL, NULL, NULL),
(3049, 12, NULL, 2, '2023-12-15 08:18:50', NULL, NULL, NULL),
(3050, 12, NULL, 1, '2023-12-15 09:26:15', NULL, NULL, NULL),
(3051, 12, NULL, 1, '2023-12-15 09:27:36', NULL, NULL, NULL),
(3052, 12, NULL, 1, '2023-12-15 09:29:31', NULL, NULL, NULL),
(3053, 12, NULL, 1, '2023-12-15 09:31:53', NULL, NULL, NULL),
(3054, 28, NULL, 1, '2023-12-15 09:44:15', NULL, NULL, NULL),
(3055, 28, NULL, 2, '2023-12-15 10:21:45', NULL, NULL, NULL),
(3056, 28, NULL, 2, '2023-12-15 10:23:21', NULL, NULL, NULL),
(3057, 28, NULL, 2, '2023-12-15 10:23:41', NULL, NULL, NULL),
(3058, 28, NULL, 2, '2023-12-15 10:24:48', NULL, NULL, NULL),
(3059, 28, NULL, 2, '2023-12-15 10:26:18', NULL, NULL, NULL),
(3060, 28, NULL, 2, '2023-12-15 10:26:24', NULL, NULL, NULL),
(3061, 28, NULL, 2, '2023-12-15 10:26:48', NULL, NULL, NULL),
(3062, 28, NULL, 2, '2023-12-15 10:27:23', NULL, NULL, NULL),
(3063, 28, NULL, 2, '2023-12-15 10:49:33', NULL, NULL, NULL),
(3064, 28, NULL, 2, '2023-12-15 11:05:05', NULL, NULL, NULL),
(3065, 28, NULL, 2, '2023-12-15 11:15:29', NULL, NULL, NULL),
(3066, 28, NULL, 2, '2023-12-15 11:16:32', NULL, NULL, NULL),
(3067, 28, NULL, 2, '2023-12-15 11:17:20', NULL, NULL, NULL),
(3068, 28, NULL, 2, '2023-12-15 11:18:58', NULL, NULL, NULL),
(3069, 28, NULL, 2, '2023-12-15 11:19:55', NULL, NULL, NULL),
(3070, 28, NULL, 2, '2023-12-15 11:21:23', NULL, NULL, NULL),
(3071, 28, NULL, 2, '2023-12-15 11:22:32', NULL, NULL, NULL),
(3072, 28, NULL, 2, '2023-12-15 11:30:20', NULL, NULL, NULL),
(3073, 28, NULL, 2, '2023-12-15 12:02:40', NULL, NULL, NULL),
(3074, 28, NULL, 1, '2023-12-15 12:05:25', NULL, NULL, NULL),
(3075, 28, NULL, 1, '2023-12-15 12:16:13', NULL, NULL, NULL),
(3076, 28, NULL, 1, '2023-12-15 12:19:10', NULL, NULL, NULL),
(3077, 28, NULL, 1, '2023-12-15 12:20:42', NULL, NULL, NULL),
(3078, 28, NULL, 2, '2023-12-15 12:25:17', NULL, NULL, NULL),
(3079, 28, NULL, 2, '2023-12-15 12:32:27', NULL, NULL, NULL),
(3080, 28, NULL, 1, '2023-12-18 09:23:23', NULL, NULL, NULL),
(3081, 28, NULL, 2, '2023-12-18 09:25:41', NULL, NULL, NULL),
(3082, 28, NULL, 2, '2023-12-18 09:26:15', NULL, NULL, NULL),
(3083, 28, NULL, 2, '2023-12-18 09:27:05', NULL, NULL, NULL),
(3084, 28, NULL, 1, '2023-12-18 09:27:26', NULL, NULL, NULL),
(3085, 28, NULL, 1, '2023-12-18 09:28:09', NULL, NULL, NULL),
(3086, 28, NULL, 2, '2023-12-18 09:28:41', NULL, NULL, NULL),
(3087, 28, NULL, 1, '2023-12-18 09:29:04', NULL, NULL, NULL),
(3088, 28, NULL, 1, '2023-12-18 09:29:37', NULL, NULL, NULL),
(3089, 28, NULL, 2, '2023-12-18 09:30:01', NULL, NULL, NULL),
(3090, 28, NULL, 2, '2023-12-18 09:30:28', NULL, NULL, NULL),
(3091, 28, NULL, 2, '2023-12-18 09:30:52', NULL, NULL, NULL),
(3092, 28, NULL, 2, '2023-12-18 09:32:24', NULL, NULL, NULL),
(3093, 28, NULL, 2, '2023-12-18 09:33:16', NULL, NULL, NULL),
(3094, 28, NULL, 2, '2023-12-18 09:33:55', NULL, NULL, NULL),
(3095, 28, NULL, 2, '2023-12-18 09:34:22', NULL, NULL, NULL),
(3096, 28, NULL, 2, '2023-12-18 09:34:39', NULL, NULL, NULL),
(3097, 28, NULL, 2, '2023-12-18 09:35:40', NULL, NULL, NULL),
(3098, 28, NULL, 2, '2023-12-18 09:46:17', NULL, NULL, NULL),
(3099, 28, NULL, 1, '2023-12-18 09:46:59', NULL, NULL, NULL),
(3100, 28, NULL, 1, '2023-12-18 10:05:16', NULL, NULL, NULL),
(3101, 28, NULL, 1, '2023-12-18 10:20:46', NULL, NULL, NULL),
(3102, 28, NULL, 2, '2023-12-18 10:21:40', NULL, NULL, NULL),
(3103, 28, NULL, 2, '2023-12-18 10:22:19', NULL, NULL, NULL),
(3104, 28, NULL, 2, '2023-12-18 10:23:26', NULL, NULL, NULL),
(3105, 28, NULL, 2, '2023-12-18 10:23:54', NULL, NULL, NULL),
(3106, 28, NULL, 1, '2023-12-18 10:25:43', NULL, NULL, NULL),
(3107, 28, NULL, 1, '2023-12-18 10:30:32', NULL, NULL, NULL),
(3108, 28, NULL, 1, '2023-12-18 11:14:54', NULL, NULL, NULL),
(3109, 28, NULL, 2, '2023-12-18 11:15:33', NULL, NULL, NULL),
(3110, 28, NULL, 2, '2023-12-18 11:16:14', NULL, NULL, NULL),
(3111, 28, NULL, 2, '2023-12-18 11:16:49', NULL, NULL, NULL),
(3112, 28, NULL, 1, '2023-12-18 11:17:48', NULL, NULL, NULL),
(3113, 28, NULL, 1, '2023-12-18 11:18:16', NULL, NULL, NULL),
(3114, 28, NULL, 1, '2023-12-18 11:18:49', NULL, NULL, NULL),
(3115, 28, NULL, 1, '2023-12-18 11:29:27', NULL, NULL, NULL),
(3116, 28, NULL, 1, '2023-12-18 12:15:20', NULL, NULL, NULL),
(3117, 28, NULL, 1, '2023-12-18 12:16:02', NULL, NULL, NULL),
(3118, 28, NULL, 2, '2023-12-18 12:16:25', NULL, NULL, NULL),
(3119, 28, NULL, 2, '2023-12-18 12:16:58', NULL, NULL, NULL),
(3120, 28, NULL, 2, '2023-12-18 12:20:16', NULL, NULL, NULL),
(3121, 28, NULL, 2, '2023-12-18 12:24:32', NULL, NULL, NULL),
(3122, 28, NULL, 2, '2023-12-18 13:06:49', NULL, NULL, NULL),
(3123, 12, NULL, 2, '2023-12-18 13:09:54', NULL, NULL, NULL),
(3124, 12, NULL, 1, '2023-12-18 13:12:04', NULL, NULL, NULL),
(3125, 12, NULL, 1, '2023-12-18 13:12:54', NULL, NULL, NULL),
(3126, 12, NULL, 1, '2023-12-18 13:14:43', NULL, NULL, NULL),
(3127, 12, NULL, 1, '2023-12-18 13:15:13', NULL, NULL, NULL),
(3128, 12, NULL, 2, '2023-12-18 13:16:04', NULL, NULL, NULL),
(3129, 5, NULL, 1, '2023-12-19 09:29:33', NULL, NULL, NULL),
(3130, 5, NULL, 1, '2023-12-19 09:32:31', NULL, NULL, NULL),
(3131, 26, NULL, 1, '2023-12-19 10:21:34', NULL, NULL, NULL),
(3132, 26, NULL, 1, '2023-12-19 10:22:11', NULL, NULL, NULL),
(3133, 26, NULL, 2, '2023-12-19 10:27:09', NULL, NULL, NULL),
(3134, 26, NULL, 1, '2023-12-19 10:31:48', NULL, NULL, NULL),
(3135, 28, NULL, 2, '2023-12-19 11:14:51', NULL, NULL, NULL),
(3136, 28, NULL, 2, '2023-12-19 11:15:15', NULL, NULL, NULL),
(3137, 28, NULL, 2, '2023-12-19 11:15:55', NULL, NULL, NULL),
(3138, 28, NULL, 2, '2023-12-19 11:16:33', NULL, NULL, NULL),
(3139, 28, NULL, 2, '2023-12-19 11:17:27', NULL, NULL, NULL),
(3140, 28, NULL, 2, '2023-12-19 11:20:07', NULL, NULL, NULL),
(3141, 28, NULL, 1, '2023-12-19 11:21:30', NULL, NULL, NULL),
(3142, 28, NULL, 1, '2023-12-19 11:22:16', NULL, NULL, NULL),
(3143, 26, NULL, 1, '2023-12-19 12:08:02', NULL, NULL, NULL),
(3144, 26, NULL, 1, '2023-12-19 12:08:17', NULL, NULL, NULL),
(3145, 26, NULL, 1, '2023-12-19 12:14:31', NULL, NULL, NULL),
(3146, 26, NULL, 1, '2023-12-19 12:15:11', NULL, NULL, NULL),
(3147, 26, NULL, 2, '2023-12-19 12:17:28', NULL, NULL, NULL),
(3148, 26, NULL, 1, '2023-12-19 12:17:56', NULL, NULL, NULL),
(3149, 26, NULL, 2, '2023-12-19 12:19:29', NULL, NULL, NULL),
(3150, 26, NULL, 1, '2023-12-19 12:22:39', NULL, NULL, NULL),
(3151, 12, NULL, 1, '2023-12-19 13:09:37', NULL, NULL, NULL),
(3152, 12, NULL, 1, '2023-12-19 13:10:59', NULL, NULL, NULL),
(3153, 12, NULL, 1, '2023-12-19 13:11:08', NULL, NULL, NULL),
(3154, 12, NULL, 1, '2023-12-19 13:11:59', NULL, NULL, NULL),
(3155, 12, NULL, 2, '2023-12-19 13:12:19', NULL, NULL, NULL),
(3156, 12, NULL, 2, '2023-12-19 13:14:50', NULL, NULL, NULL),
(3157, 12, NULL, 2, '2023-12-19 13:19:33', NULL, NULL, NULL),
(3158, 12, NULL, 1, '2023-12-19 14:32:04', NULL, NULL, NULL),
(3159, 28, NULL, 2, '2023-12-20 06:36:28', NULL, NULL, NULL),
(3160, 28, NULL, 1, '2023-12-20 06:36:56', NULL, NULL, NULL),
(3161, 28, NULL, 1, '2023-12-20 06:37:39', NULL, NULL, NULL),
(3162, 12, NULL, 2, '2023-12-20 07:54:27', NULL, NULL, NULL),
(3163, 12, NULL, 2, '2023-12-20 08:36:40', NULL, NULL, NULL),
(3164, 12, NULL, 1, '2023-12-20 09:25:26', NULL, NULL, NULL),
(3165, 12, NULL, 1, '2023-12-20 09:25:59', NULL, NULL, NULL),
(3166, 12, NULL, 2, '2023-12-20 09:27:08', NULL, NULL, NULL),
(3167, 12, NULL, 2, '2023-12-20 09:28:55', NULL, NULL, NULL),
(3168, 12, NULL, 1, '2023-12-20 09:30:14', NULL, NULL, NULL),
(3169, 12, NULL, 1, '2023-12-20 09:32:24', NULL, NULL, NULL),
(3170, 12, NULL, 2, '2023-12-20 09:34:39', NULL, NULL, NULL),
(3171, 12, NULL, 2, '2023-12-20 09:38:44', NULL, NULL, NULL),
(3172, 12, NULL, 2, '2023-12-20 10:19:55', NULL, NULL, NULL),
(3173, 12, NULL, 2, '2023-12-20 10:21:04', NULL, NULL, NULL),
(3174, 12, NULL, 1, '2023-12-20 10:23:38', NULL, NULL, NULL),
(3175, 12, NULL, 1, '2023-12-20 10:24:21', NULL, NULL, NULL),
(3176, 12, NULL, 2, '2023-12-20 10:24:33', NULL, NULL, NULL),
(3177, 12, NULL, 2, '2023-12-20 10:25:37', NULL, NULL, NULL),
(3178, 12, NULL, 1, '2023-12-20 10:26:56', NULL, NULL, NULL),
(3179, 12, NULL, 1, '2023-12-20 10:28:00', NULL, NULL, NULL),
(3180, 12, NULL, 2, '2023-12-20 10:32:29', NULL, NULL, NULL),
(3181, 12, NULL, 2, '2023-12-20 10:32:34', NULL, NULL, NULL),
(3182, 12, NULL, 2, '2023-12-20 11:19:53', NULL, NULL, NULL),
(3183, 12, NULL, 1, '2023-12-20 11:21:19', NULL, NULL, NULL),
(3184, 12, NULL, 1, '2023-12-20 11:21:28', NULL, NULL, NULL),
(3185, 12, NULL, 1, '2023-12-20 11:23:33', NULL, NULL, NULL),
(3186, 12, NULL, 1, '2023-12-20 11:30:33', NULL, NULL, NULL),
(3187, 12, NULL, 2, '2023-12-20 12:14:34', NULL, NULL, NULL),
(3188, 12, NULL, 2, '2023-12-20 12:15:21', NULL, NULL, NULL),
(3189, 12, NULL, 1, '2023-12-20 12:15:48', NULL, NULL, NULL),
(3190, 12, NULL, 1, '2023-12-20 12:16:41', NULL, NULL, NULL),
(3191, 12, NULL, 2, '2023-12-20 12:20:56', NULL, NULL, NULL),
(3192, 12, NULL, 1, '2023-12-20 13:15:01', NULL, NULL, NULL),
(3193, 28, NULL, 1, '2023-12-20 14:21:18', NULL, NULL, NULL),
(3194, 12, NULL, 1, '2023-12-21 07:04:25', NULL, NULL, NULL),
(3195, 12, NULL, 1, '2023-12-21 08:36:44', NULL, NULL, NULL),
(3196, 12, NULL, 1, '2023-12-21 08:45:54', NULL, NULL, NULL),
(3197, 20, NULL, 1, '2023-12-21 09:30:25', NULL, NULL, NULL),
(3198, 20, NULL, 1, '2023-12-21 09:31:06', NULL, NULL, NULL),
(3199, 12, NULL, 1, '2023-12-21 09:38:27', NULL, NULL, NULL),
(3200, 12, NULL, 1, '2023-12-21 09:43:44', NULL, NULL, NULL),
(3201, 11, NULL, 1, '2023-12-21 09:53:00', NULL, NULL, NULL),
(3202, 29, NULL, 2, '2023-12-21 10:17:41', NULL, NULL, NULL),
(3203, 29, NULL, 2, '2023-12-21 10:18:29', NULL, NULL, NULL),
(3204, 29, NULL, 2, '2023-12-21 10:19:02', NULL, NULL, NULL),
(3205, 29, NULL, 2, '2023-12-21 10:20:49', NULL, NULL, NULL),
(3206, 29, NULL, 2, '2023-12-21 10:21:24', NULL, NULL, NULL),
(3207, 29, NULL, 2, '2023-12-21 10:21:54', NULL, NULL, NULL),
(3208, 29, NULL, 2, '2023-12-21 10:24:34', NULL, NULL, NULL),
(3209, 30, NULL, 1, '2023-12-21 11:14:42', NULL, NULL, NULL),
(3210, 30, NULL, 1, '2023-12-21 11:15:38', NULL, NULL, NULL),
(3211, 30, NULL, 1, '2023-12-21 11:16:08', NULL, NULL, NULL),
(3212, 30, NULL, 2, '2023-12-21 11:17:37', NULL, NULL, NULL),
(3213, 30, NULL, 2, '2023-12-21 11:18:52', NULL, NULL, NULL),
(3214, 30, NULL, 2, '2023-12-21 11:19:16', NULL, NULL, NULL),
(3215, 30, NULL, 2, '2023-12-21 11:19:46', NULL, NULL, NULL),
(3216, 30, NULL, 2, '2023-12-21 11:20:46', NULL, NULL, NULL),
(3217, 30, NULL, 2, '2023-12-21 11:23:53', NULL, NULL, NULL),
(3218, 30, NULL, 2, '2023-12-21 11:26:04', NULL, NULL, NULL),
(3219, 30, NULL, 2, '2023-12-21 11:41:15', NULL, NULL, NULL),
(3220, 30, NULL, 1, '2023-12-21 11:41:29', NULL, NULL, NULL),
(3221, 30, NULL, 1, '2023-12-21 12:12:57', NULL, NULL, NULL),
(3222, 30, NULL, 1, '2023-12-21 12:13:22', NULL, NULL, NULL),
(3223, 30, NULL, 2, '2023-12-21 12:14:13', NULL, NULL, NULL),
(3224, 30, NULL, 2, '2023-12-21 12:14:58', NULL, NULL, NULL),
(3225, 30, NULL, 2, '2023-12-21 12:15:23', NULL, NULL, NULL),
(3226, 30, NULL, 2, '2023-12-21 12:15:45', NULL, NULL, NULL),
(3227, 30, NULL, 2, '2023-12-21 12:18:31', NULL, NULL, NULL),
(3228, 30, NULL, 2, '2023-12-21 12:20:40', NULL, NULL, NULL),
(3229, 30, NULL, 1, '2023-12-21 12:27:49', NULL, NULL, NULL),
(3230, 30, NULL, 1, '2023-12-21 12:34:40', NULL, NULL, NULL),
(3231, 30, NULL, 1, '2023-12-21 12:34:48', NULL, NULL, NULL),
(3232, 30, NULL, 1, '2023-12-21 13:09:01', NULL, NULL, NULL),
(3233, 30, NULL, 1, '2023-12-21 13:10:14', NULL, NULL, NULL),
(3234, 30, NULL, 1, '2023-12-21 13:10:49', NULL, NULL, NULL),
(3235, 30, NULL, 2, '2023-12-21 13:11:39', NULL, NULL, NULL),
(3236, 30, NULL, 2, '2023-12-21 13:12:21', NULL, NULL, NULL),
(3237, 30, NULL, 2, '2023-12-21 13:15:03', NULL, NULL, NULL),
(3238, 30, NULL, 2, '2023-12-21 13:16:50', NULL, NULL, NULL),
(3239, 28, NULL, 1, '2023-12-21 13:48:46', NULL, NULL, NULL),
(3240, 28, NULL, 1, '2023-12-21 13:52:14', NULL, NULL, NULL),
(3241, 28, NULL, 2, '2023-12-21 14:04:31', NULL, NULL, NULL),
(3242, 28, NULL, 2, '2023-12-21 14:31:36', NULL, NULL, NULL),
(3243, 30, NULL, 1, '2024-01-02 09:24:52', NULL, NULL, NULL),
(3244, 30, NULL, 2, '2024-01-02 09:25:32', NULL, NULL, NULL),
(3245, 30, NULL, 2, '2024-01-02 09:25:45', NULL, NULL, NULL),
(3246, 30, NULL, 2, '2024-01-02 09:26:44', NULL, NULL, NULL),
(3247, 30, NULL, 1, '2024-01-02 09:27:40', NULL, NULL, NULL),
(3248, 30, NULL, 2, '2024-01-02 09:28:04', NULL, NULL, NULL),
(3249, 30, NULL, 2, '2024-01-02 09:30:38', NULL, NULL, NULL),
(3250, 30, NULL, 2, '2024-01-02 09:35:17', NULL, NULL, NULL),
(3251, 30, NULL, 2, '2024-01-02 10:18:03', NULL, NULL, NULL),
(3252, 30, NULL, 2, '2024-01-02 10:20:48', NULL, NULL, NULL),
(3253, 30, NULL, 1, '2024-01-02 10:23:24', NULL, NULL, NULL),
(3254, 30, NULL, 2, '2024-01-02 10:35:46', NULL, NULL, NULL),
(3255, 30, NULL, 2, '2024-01-02 11:23:29', NULL, NULL, NULL),
(3256, 30, NULL, 1, '2024-01-02 11:25:18', NULL, NULL, NULL),
(3257, 30, NULL, 1, '2024-01-02 11:26:20', NULL, NULL, NULL),
(3258, 30, NULL, 2, '2024-01-02 11:27:42', NULL, NULL, NULL),
(3259, 4, NULL, 2, '2024-01-02 12:15:43', NULL, NULL, NULL),
(3260, 4, NULL, 1, '2024-01-02 13:11:47', NULL, NULL, NULL),
(3261, 4, NULL, 1, '2024-01-02 13:14:41', NULL, NULL, NULL),
(3262, 30, NULL, 2, '2024-01-03 08:35:34', NULL, NULL, NULL),
(3263, 30, NULL, 2, '2024-01-03 08:36:08', NULL, NULL, NULL),
(3264, 30, NULL, 1, '2024-01-03 09:16:16', NULL, NULL, NULL),
(3265, 30, NULL, 2, '2024-01-03 09:20:56', NULL, NULL, NULL),
(3266, 30, NULL, 2, '2024-01-03 09:21:57', NULL, NULL, NULL),
(3267, 30, NULL, 2, '2024-01-03 09:23:00', NULL, NULL, NULL),
(3268, 30, NULL, 2, '2024-01-03 09:24:07', NULL, NULL, NULL),
(3269, 30, NULL, 2, '2024-01-03 09:25:11', NULL, NULL, NULL),
(3270, 30, NULL, 2, '2024-01-03 09:26:36', NULL, NULL, NULL),
(3271, 30, NULL, 2, '2024-01-03 09:27:22', NULL, NULL, NULL),
(3272, 30, NULL, 2, '2024-01-03 09:27:51', NULL, NULL, NULL),
(3273, 30, NULL, 2, '2024-01-03 09:29:00', NULL, NULL, NULL),
(3274, 30, NULL, 2, '2024-01-03 09:29:26', NULL, NULL, NULL),
(3275, 30, NULL, 2, '2024-01-03 09:29:51', NULL, NULL, NULL),
(3276, 30, NULL, 2, '2024-01-03 09:30:43', NULL, NULL, NULL),
(3277, 30, NULL, 1, '2024-01-03 09:33:27', NULL, NULL, NULL),
(3278, 30, NULL, 1, '2024-01-03 09:36:33', NULL, NULL, NULL),
(3279, 30, NULL, 1, '2024-01-03 09:59:18', NULL, NULL, NULL),
(3280, 30, NULL, 1, '2024-01-03 10:05:55', NULL, NULL, NULL),
(3281, 30, NULL, 1, '2024-01-03 10:18:34', NULL, NULL, NULL),
(3282, 30, NULL, 1, '2024-01-03 10:19:35', NULL, NULL, NULL),
(3283, 30, NULL, 1, '2024-01-03 10:20:23', NULL, NULL, NULL),
(3284, 30, NULL, 1, '2024-01-03 10:21:01', NULL, NULL, NULL),
(3285, 30, NULL, 1, '2024-01-03 10:21:44', NULL, NULL, NULL),
(3286, 30, NULL, 2, '2024-01-03 10:23:00', NULL, NULL, NULL),
(3287, 30, NULL, 2, '2024-01-03 10:23:37', NULL, NULL, NULL),
(3288, 30, NULL, 1, '2024-01-03 10:25:51', NULL, NULL, NULL),
(3289, 30, NULL, 1, '2024-01-03 10:27:29', NULL, NULL, NULL),
(3290, 30, NULL, 1, '2024-01-03 10:29:48', NULL, NULL, NULL),
(3291, 30, NULL, 1, '2024-01-03 10:30:32', NULL, NULL, NULL),
(3292, 30, NULL, 1, '2024-01-03 11:15:09', NULL, NULL, NULL),
(3293, 30, NULL, 2, '2024-01-03 11:15:24', NULL, NULL, NULL),
(3294, 30, NULL, 2, '2024-01-03 11:16:09', NULL, NULL, NULL),
(3295, 30, NULL, 2, '2024-01-03 11:18:09', NULL, NULL, NULL),
(3296, 30, NULL, 2, '2024-01-03 11:18:31', NULL, NULL, NULL),
(3297, 30, NULL, 2, '2024-01-03 11:19:06', NULL, NULL, NULL),
(3298, 30, NULL, 2, '2024-01-03 11:19:57', NULL, NULL, NULL),
(3299, 30, NULL, 2, '2024-01-03 11:20:36', NULL, NULL, NULL),
(3300, 30, NULL, 2, '2024-01-03 11:27:39', NULL, NULL, NULL),
(3301, 30, NULL, 2, '2024-01-03 12:14:38', NULL, NULL, NULL),
(3302, 30, NULL, 2, '2024-01-03 12:15:22', NULL, NULL, NULL),
(3303, 30, NULL, 2, '2024-01-03 12:20:32', NULL, NULL, NULL),
(3304, 30, NULL, 2, '2024-01-03 12:21:01', NULL, NULL, NULL),
(3305, 30, NULL, 1, '2024-01-03 12:21:35', NULL, NULL, NULL),
(3306, 30, NULL, 1, '2024-01-03 13:07:49', NULL, NULL, NULL),
(3307, 30, NULL, 1, '2024-01-03 13:09:11', NULL, NULL, NULL),
(3308, 30, NULL, 2, '2024-01-03 13:11:31', NULL, NULL, NULL),
(3309, 30, NULL, 2, '2024-01-04 09:24:07', NULL, NULL, NULL),
(3310, 30, NULL, 2, '2024-01-04 09:26:04', NULL, NULL, NULL),
(3311, 30, NULL, 2, '2024-01-04 09:26:31', NULL, NULL, NULL),
(3312, 30, NULL, 2, '2024-01-04 09:27:56', NULL, NULL, NULL),
(3313, 30, NULL, 2, '2024-01-04 09:29:13', NULL, NULL, NULL),
(3314, 30, NULL, 2, '2024-01-04 09:29:17', NULL, NULL, NULL),
(3315, 30, NULL, 2, '2024-01-04 09:30:26', NULL, NULL, NULL),
(3316, 30, NULL, 1, '2024-01-04 09:40:02', NULL, NULL, NULL),
(3317, 30, NULL, 1, '2024-01-04 09:50:54', NULL, NULL, NULL),
(3318, 30, NULL, 2, '2024-01-04 10:18:11', NULL, NULL, NULL),
(3319, 30, NULL, 2, '2024-01-04 10:19:02', NULL, NULL, NULL),
(3320, 30, NULL, 2, '2024-01-04 10:19:31', NULL, NULL, NULL),
(3321, 30, NULL, 2, '2024-01-04 10:20:46', NULL, NULL, NULL),
(3322, 30, NULL, 2, '2024-01-04 10:21:13', NULL, NULL, NULL),
(3323, 30, NULL, 2, '2024-01-04 10:21:51', NULL, NULL, NULL),
(3324, 30, NULL, 2, '2024-01-04 10:22:46', NULL, NULL, NULL),
(3325, 30, NULL, 2, '2024-01-04 10:23:42', NULL, NULL, NULL),
(3326, 30, NULL, 2, '2024-01-04 10:24:44', NULL, NULL, NULL),
(3327, 30, NULL, 1, '2024-01-04 11:12:53', NULL, NULL, NULL),
(3328, 30, NULL, 2, '2024-01-04 11:14:08', NULL, NULL, NULL),
(3329, 30, NULL, 2, '2024-01-04 11:15:02', NULL, NULL, NULL),
(3330, 30, NULL, 2, '2024-01-04 11:15:32', NULL, NULL, NULL),
(3331, 30, NULL, 2, '2024-01-04 11:16:36', NULL, NULL, NULL),
(3332, 30, NULL, 2, '2024-01-04 11:16:57', NULL, NULL, NULL),
(3333, 30, NULL, 2, '2024-01-04 11:18:37', NULL, NULL, NULL),
(3334, 30, NULL, 2, '2024-01-04 11:19:30', NULL, NULL, NULL),
(3335, 30, NULL, 2, '2024-01-04 11:20:49', NULL, NULL, NULL),
(3336, 30, NULL, 1, '2024-01-04 11:22:32', NULL, NULL, NULL),
(3337, 30, NULL, 1, '2024-01-04 11:26:37', NULL, NULL, NULL),
(3338, 30, NULL, 1, '2024-01-04 11:38:53', NULL, NULL, NULL),
(3339, 30, NULL, 1, '2024-01-04 12:14:58', NULL, NULL, NULL),
(3340, 30, NULL, 2, '2024-01-04 12:15:19', NULL, NULL, NULL),
(3341, 30, NULL, 2, '2024-01-04 12:15:49', NULL, NULL, NULL),
(3342, 30, NULL, 2, '2024-01-04 12:16:40', NULL, NULL, NULL),
(3343, 30, NULL, 1, '2024-01-04 12:17:17', NULL, NULL, NULL),
(3344, 30, NULL, 1, '2024-01-04 13:09:05', NULL, NULL, NULL),
(3345, 30, NULL, 1, '2024-01-04 13:09:32', NULL, NULL, NULL),
(3346, 30, NULL, 1, '2024-01-04 13:10:29', NULL, NULL, NULL),
(3347, 30, NULL, 1, '2024-01-04 13:11:04', NULL, NULL, NULL),
(3348, 30, NULL, 1, '2024-01-04 13:14:42', NULL, NULL, NULL),
(3349, 30, NULL, 1, '2024-01-04 13:15:48', NULL, NULL, NULL),
(3350, 30, NULL, 1, '2024-01-05 07:55:12', NULL, NULL, NULL),
(3351, 30, NULL, 1, '2024-01-05 08:12:25', NULL, NULL, NULL),
(3352, 30, NULL, 1, '2024-01-05 08:24:19', NULL, NULL, NULL),
(3353, 30, NULL, 1, '2024-01-05 08:24:25', NULL, NULL, NULL),
(3354, 30, NULL, 1, '2024-01-05 08:34:22', NULL, NULL, NULL),
(3355, 30, NULL, 1, '2024-01-05 08:35:44', NULL, NULL, NULL),
(3356, 30, NULL, 1, '2024-01-05 08:35:55', NULL, NULL, NULL),
(3357, 30, NULL, 1, '2024-01-05 08:37:03', NULL, NULL, NULL),
(3358, 30, NULL, 1, '2024-01-05 08:37:47', NULL, NULL, NULL),
(3359, 30, NULL, 1, '2024-01-05 08:39:23', NULL, NULL, NULL),
(3360, 26, NULL, 1, '2024-01-05 09:23:29', NULL, NULL, NULL),
(3361, 26, NULL, 1, '2024-01-05 09:24:25', NULL, NULL, NULL),
(3362, 26, NULL, 1, '2024-01-05 09:25:32', NULL, NULL, NULL),
(3363, 26, NULL, 1, '2024-01-05 09:27:18', NULL, NULL, NULL),
(3364, 26, NULL, 1, '2024-01-05 09:28:08', NULL, NULL, NULL),
(3365, 26, NULL, 1, '2024-01-05 09:29:02', NULL, NULL, NULL),
(3366, 26, NULL, 1, '2024-01-05 09:30:12', NULL, NULL, NULL),
(3367, 26, NULL, 1, '2024-01-05 09:33:54', NULL, NULL, NULL),
(3368, 26, NULL, 1, '2024-01-05 09:34:44', NULL, NULL, NULL),
(3369, 26, NULL, 1, '2024-01-05 09:35:07', NULL, NULL, NULL),
(3370, 30, NULL, 2, '2024-01-05 10:18:09', NULL, NULL, NULL),
(3371, 30, NULL, 2, '2024-01-05 10:19:22', NULL, NULL, NULL),
(3372, 30, NULL, 2, '2024-01-05 10:20:13', NULL, NULL, NULL),
(3373, 30, NULL, 2, '2024-01-05 10:20:47', NULL, NULL, NULL),
(3374, 30, NULL, 2, '2024-01-05 10:22:15', NULL, NULL, NULL),
(3375, 30, NULL, 2, '2024-01-05 10:23:18', NULL, NULL, NULL),
(3376, 30, NULL, 2, '2024-01-05 10:25:14', NULL, NULL, NULL),
(3377, 30, NULL, 2, '2024-01-05 10:25:39', NULL, NULL, NULL),
(3378, 30, NULL, 2, '2024-01-05 10:27:08', NULL, NULL, NULL),
(3379, 30, NULL, 2, '2024-01-05 10:29:32', NULL, NULL, NULL);
INSERT INTO `orders` (`id`, `worker_id`, `client_id`, `payment_method_id`, `created_at`, `closed_at`, `status`, `lesson_id`) VALUES
(3380, 30, NULL, 1, '2024-01-05 11:14:52', NULL, NULL, NULL),
(3381, 30, NULL, 1, '2024-01-05 11:16:01', NULL, NULL, NULL),
(3382, 30, NULL, 1, '2024-01-05 11:16:11', NULL, NULL, NULL),
(3383, 30, NULL, 1, '2024-01-05 11:18:01', NULL, NULL, NULL),
(3384, 30, NULL, 1, '2024-01-05 11:19:12', NULL, NULL, NULL),
(3385, 30, NULL, 1, '2024-01-05 11:19:39', NULL, NULL, NULL),
(3386, 30, NULL, 1, '2024-01-05 11:20:17', NULL, NULL, NULL),
(3387, 30, NULL, 1, '2024-01-05 11:21:09', NULL, NULL, NULL),
(3388, 30, NULL, 1, '2024-01-05 11:22:31', NULL, NULL, NULL),
(3389, 30, NULL, 1, '2024-01-05 11:23:26', NULL, NULL, NULL),
(3390, 30, NULL, 1, '2024-01-05 11:24:50', NULL, NULL, NULL),
(3391, 30, NULL, 1, '2024-01-05 11:26:30', NULL, NULL, NULL),
(3392, 30, NULL, 1, '2024-01-05 12:18:59', NULL, NULL, NULL),
(3393, 30, NULL, 1, '2024-01-05 12:21:20', NULL, NULL, NULL),
(3394, 30, NULL, 1, '2024-01-05 12:21:42', NULL, NULL, NULL),
(3395, 30, NULL, 1, '2024-01-05 13:08:18', NULL, NULL, NULL),
(3396, 30, NULL, 1, '2024-01-05 13:11:39', NULL, NULL, NULL),
(3397, 30, NULL, 1, '2024-01-08 09:20:56', NULL, NULL, NULL),
(3398, 30, NULL, 1, '2024-01-08 09:21:43', NULL, NULL, NULL),
(3399, 30, NULL, 1, '2024-01-08 09:21:59', NULL, NULL, NULL),
(3400, 30, NULL, 1, '2024-01-08 09:23:23', NULL, NULL, NULL),
(3401, 30, NULL, 1, '2024-01-08 09:23:52', NULL, NULL, NULL),
(3402, 30, NULL, 1, '2024-01-08 09:24:27', NULL, NULL, NULL),
(3403, 30, NULL, 1, '2024-01-08 09:25:05', NULL, NULL, NULL),
(3404, 30, NULL, 1, '2024-01-08 09:26:15', NULL, NULL, NULL),
(3405, 30, NULL, 1, '2024-01-08 09:28:50', NULL, NULL, NULL),
(3406, 30, NULL, 1, '2024-01-08 09:30:10', NULL, NULL, NULL),
(3407, 30, NULL, 1, '2024-01-08 09:33:03', NULL, NULL, NULL),
(3408, 30, NULL, 1, '2024-01-08 10:16:16', NULL, NULL, NULL),
(3409, 30, NULL, 1, '2024-01-08 10:18:35', NULL, NULL, NULL),
(3410, 30, NULL, 1, '2024-01-08 10:19:38', NULL, NULL, NULL),
(3411, 30, NULL, 1, '2024-01-08 10:25:29', NULL, NULL, NULL),
(3412, 30, NULL, 1, '2024-01-08 10:26:51', NULL, NULL, NULL),
(3413, 30, NULL, 1, '2024-01-08 10:30:10', NULL, NULL, NULL),
(3414, 30, NULL, 1, '2024-01-08 11:07:51', NULL, NULL, NULL),
(3415, 30, NULL, 1, '2024-01-08 11:12:08', NULL, NULL, NULL),
(3416, 30, NULL, 1, '2024-01-08 11:12:49', NULL, NULL, NULL),
(3417, 30, NULL, 1, '2024-01-08 11:13:36', NULL, NULL, NULL),
(3418, 30, NULL, 1, '2024-01-08 11:15:19', NULL, NULL, NULL),
(3419, 30, NULL, 1, '2024-01-08 11:16:03', NULL, NULL, NULL),
(3420, 30, NULL, 1, '2024-01-08 11:16:21', NULL, NULL, NULL),
(3421, 30, NULL, 1, '2024-01-08 11:18:09', NULL, NULL, NULL),
(3422, 30, NULL, 1, '2024-01-08 11:18:19', NULL, NULL, NULL),
(3423, 30, NULL, 1, '2024-01-08 11:19:00', NULL, NULL, NULL),
(3424, 30, NULL, 1, '2024-01-08 11:21:43', NULL, NULL, NULL),
(3425, 30, NULL, 1, '2024-01-08 11:24:55', NULL, NULL, NULL),
(3426, 30, NULL, 1, '2024-01-08 11:27:15', NULL, NULL, NULL),
(3427, 30, NULL, 1, '2024-01-08 11:32:47', NULL, NULL, NULL),
(3428, 30, NULL, 1, '2024-01-08 11:35:15', NULL, NULL, NULL),
(3429, 30, NULL, 2, '2024-01-08 12:21:38', NULL, NULL, NULL),
(3430, 30, NULL, 1, '2024-01-08 13:16:54', NULL, NULL, NULL),
(3431, 28, NULL, 1, '2024-01-08 13:19:39', NULL, NULL, NULL),
(3432, 28, NULL, 1, '2024-01-09 07:42:18', NULL, NULL, NULL),
(3433, 28, NULL, 1, '2024-01-09 08:36:58', NULL, NULL, NULL),
(3434, 28, NULL, 1, '2024-01-09 08:51:12', NULL, NULL, NULL),
(3435, 30, NULL, 1, '2024-01-09 09:21:32', NULL, NULL, NULL),
(3436, 30, NULL, 1, '2024-01-09 09:23:28', NULL, NULL, NULL),
(3437, 30, NULL, 1, '2024-01-09 09:24:27', NULL, NULL, NULL),
(3438, 30, NULL, 1, '2024-01-09 09:24:47', NULL, NULL, NULL),
(3439, 30, NULL, 1, '2024-01-09 09:25:59', NULL, NULL, NULL),
(3440, 30, NULL, 1, '2024-01-09 09:26:05', NULL, NULL, NULL),
(3441, 28, NULL, 1, '2024-01-09 09:30:54', NULL, NULL, NULL),
(3442, 28, NULL, 1, '2024-01-09 09:48:03', NULL, NULL, NULL),
(3443, 28, NULL, 1, '2024-01-09 09:55:08', NULL, NULL, NULL),
(3444, 28, NULL, 2, '2024-01-09 09:57:46', NULL, NULL, NULL),
(3445, 28, NULL, 1, '2024-01-09 09:59:52', NULL, NULL, NULL),
(3446, 28, NULL, 2, '2024-01-09 10:07:29', NULL, NULL, NULL),
(3447, 28, NULL, 2, '2024-01-09 10:14:19', NULL, NULL, NULL),
(3448, 28, NULL, 2, '2024-01-09 10:16:17', NULL, NULL, NULL),
(3449, 28, NULL, 2, '2024-01-09 10:16:41', NULL, NULL, NULL),
(3450, 28, NULL, 2, '2024-01-09 10:17:20', NULL, NULL, NULL),
(3451, 28, NULL, 2, '2024-01-09 10:18:00', NULL, NULL, NULL),
(3452, 28, NULL, 2, '2024-01-09 10:18:59', NULL, NULL, NULL),
(3453, 28, NULL, 2, '2024-01-09 10:20:07', NULL, NULL, NULL),
(3454, 28, NULL, 2, '2024-01-09 10:21:27', NULL, NULL, NULL),
(3455, 28, NULL, 2, '2024-01-09 10:29:07', NULL, NULL, NULL),
(3456, 28, NULL, 2, '2024-01-09 10:29:12', NULL, NULL, NULL),
(3457, 28, NULL, 1, '2024-01-09 10:43:03', NULL, NULL, NULL),
(3458, 28, NULL, 1, '2024-01-09 11:09:16', NULL, NULL, NULL),
(3459, 28, NULL, 1, '2024-01-09 11:10:28', NULL, NULL, NULL),
(3460, 28, NULL, 1, '2024-01-09 11:10:40', NULL, NULL, NULL),
(3461, 28, NULL, 1, '2024-01-09 11:12:31', NULL, NULL, NULL),
(3462, 28, NULL, 1, '2024-01-09 11:15:22', NULL, NULL, NULL),
(3463, 28, NULL, 1, '2024-01-09 11:17:42', NULL, NULL, NULL),
(3464, 28, NULL, 1, '2024-01-09 11:18:58', NULL, NULL, NULL),
(3465, 28, NULL, 1, '2024-01-09 11:20:26', NULL, NULL, NULL),
(3466, 28, NULL, 1, '2024-01-09 11:23:55', NULL, NULL, NULL),
(3467, 28, NULL, 1, '2024-01-09 11:24:16', NULL, NULL, NULL),
(3468, 28, NULL, 2, '2024-01-09 12:04:43', NULL, NULL, NULL),
(3469, 28, NULL, 2, '2024-01-09 12:08:09', NULL, NULL, NULL),
(3470, 28, NULL, 2, '2024-01-09 12:09:48', NULL, NULL, NULL),
(3471, 28, NULL, 2, '2024-01-09 12:10:47', NULL, NULL, NULL),
(3472, 28, NULL, 2, '2024-01-09 12:12:15', NULL, NULL, NULL),
(3473, 28, NULL, 2, '2024-01-09 12:12:56', NULL, NULL, NULL),
(3474, 28, NULL, 2, '2024-01-09 12:14:13', NULL, NULL, NULL),
(3475, 28, NULL, 2, '2024-01-09 12:15:34', NULL, NULL, NULL),
(3476, 28, NULL, 2, '2024-01-09 12:17:38', NULL, NULL, NULL),
(3477, 28, NULL, 2, '2024-01-09 12:18:20', NULL, NULL, NULL),
(3478, 28, NULL, 2, '2024-01-09 12:18:54', NULL, NULL, NULL),
(3479, 28, NULL, 1, '2024-01-09 12:22:33', NULL, NULL, NULL),
(3480, 28, NULL, 1, '2024-01-09 13:03:54', NULL, NULL, NULL),
(3481, 28, NULL, 1, '2024-01-09 13:04:10', NULL, NULL, NULL),
(3482, 28, NULL, 1, '2024-01-09 13:06:27', NULL, NULL, NULL),
(3483, 28, NULL, 2, '2024-01-09 13:06:42', NULL, NULL, NULL),
(3484, 28, NULL, 2, '2024-01-09 13:07:39', NULL, NULL, NULL),
(3485, 28, NULL, 1, '2024-01-09 13:09:27', NULL, NULL, NULL),
(3486, 28, NULL, 1, '2024-01-09 13:10:06', NULL, NULL, NULL),
(3487, 28, NULL, 2, '2024-01-09 13:10:58', NULL, NULL, NULL),
(3488, 28, NULL, 1, '2024-01-09 13:11:58', NULL, NULL, NULL),
(3489, 28, NULL, 1, '2024-01-10 06:48:05', NULL, NULL, NULL),
(3490, 30, NULL, 1, '2024-01-10 07:40:07', NULL, NULL, NULL),
(3491, 30, NULL, 2, '2024-01-10 08:32:08', NULL, NULL, NULL),
(3492, 30, NULL, 2, '2024-01-10 08:39:15', NULL, NULL, NULL),
(3493, 28, NULL, 1, '2024-01-10 08:59:26', NULL, NULL, NULL),
(3494, 28, NULL, 1, '2024-01-10 09:18:38', NULL, NULL, NULL),
(3495, 28, NULL, 1, '2024-01-10 09:19:00', NULL, NULL, NULL),
(3496, 28, NULL, 1, '2024-01-10 09:20:47', NULL, NULL, NULL),
(3497, 28, NULL, 1, '2024-01-10 09:22:20', NULL, NULL, NULL),
(3498, 28, NULL, 1, '2024-01-10 09:23:24', NULL, NULL, NULL),
(3499, 28, NULL, 1, '2024-01-10 09:24:20', NULL, NULL, NULL),
(3500, 28, NULL, 1, '2024-01-10 09:24:57', NULL, NULL, NULL),
(3501, 28, NULL, 1, '2024-01-10 09:27:11', NULL, NULL, NULL),
(3502, 28, NULL, 1, '2024-01-10 09:29:01', NULL, NULL, NULL),
(3503, 28, NULL, 1, '2024-01-10 09:29:32', NULL, NULL, NULL),
(3504, 28, NULL, 1, '2024-01-10 10:03:29', NULL, NULL, NULL),
(3505, 28, NULL, 2, '2024-01-10 10:08:14', NULL, NULL, NULL),
(3506, 28, NULL, 2, '2024-01-10 10:14:11', NULL, NULL, NULL),
(3507, 28, NULL, 2, '2024-01-10 10:14:48', NULL, NULL, NULL),
(3508, 28, NULL, 2, '2024-01-10 10:17:24', NULL, NULL, NULL),
(3509, 28, NULL, 2, '2024-01-10 10:19:50', NULL, NULL, NULL),
(3510, 28, NULL, 2, '2024-01-10 10:21:15', NULL, NULL, NULL),
(3511, 28, NULL, 2, '2024-01-10 10:21:34', NULL, NULL, NULL),
(3512, 28, NULL, 2, '2024-01-10 10:22:02', NULL, NULL, NULL),
(3513, 28, NULL, 2, '2024-01-10 10:23:18', NULL, NULL, NULL),
(3514, 28, NULL, 2, '2024-01-10 10:24:27', NULL, NULL, NULL),
(3515, 28, NULL, 2, '2024-01-10 10:30:24', NULL, NULL, NULL),
(3516, 28, NULL, 2, '2024-01-10 11:07:42', NULL, NULL, NULL),
(3517, 28, NULL, 1, '2024-01-10 11:08:55', NULL, NULL, NULL),
(3518, 28, NULL, 1, '2024-01-10 11:11:04', NULL, NULL, NULL),
(3519, 28, NULL, 1, '2024-01-10 11:11:32', NULL, NULL, NULL),
(3520, 28, NULL, 1, '2024-01-10 11:12:32', NULL, NULL, NULL),
(3521, 28, NULL, 1, '2024-01-10 11:15:54', NULL, NULL, NULL),
(3522, 28, NULL, 1, '2024-01-10 11:17:25', NULL, NULL, NULL),
(3523, 28, NULL, 1, '2024-01-10 11:18:19', NULL, NULL, NULL),
(3524, 28, NULL, 1, '2024-01-10 11:28:08', NULL, NULL, NULL),
(3525, 28, NULL, 2, '2024-01-10 11:34:31', NULL, NULL, NULL),
(3526, 28, NULL, 1, '2024-01-10 12:10:32', NULL, NULL, NULL),
(3527, 28, NULL, 1, '2024-01-10 12:12:10', NULL, NULL, NULL),
(3528, 28, NULL, 1, '2024-01-10 12:12:33', NULL, NULL, NULL),
(3529, 28, NULL, 1, '2024-01-10 12:12:56', NULL, NULL, NULL),
(3530, 28, NULL, 1, '2024-01-10 12:13:05', NULL, NULL, NULL),
(3531, 28, NULL, 1, '2024-01-10 12:14:52', NULL, NULL, NULL),
(3532, 28, NULL, 1, '2024-01-10 12:54:34', NULL, NULL, NULL),
(3533, 30, NULL, 2, '2024-01-10 13:04:14', NULL, NULL, NULL),
(3534, 30, NULL, 2, '2024-01-10 13:05:52', NULL, NULL, NULL),
(3535, 30, NULL, 2, '2024-01-10 13:08:42', NULL, NULL, NULL),
(3536, 3, NULL, 1, '2024-01-11 07:16:21', NULL, NULL, NULL),
(3537, 28, NULL, 1, '2024-01-11 09:19:58', NULL, NULL, NULL),
(3538, 28, NULL, 1, '2024-01-11 09:22:10', NULL, NULL, NULL),
(3539, 28, NULL, 1, '2024-01-11 09:22:34', NULL, NULL, NULL),
(3540, 28, NULL, 1, '2024-01-11 09:22:51', NULL, NULL, NULL),
(3541, 28, NULL, 1, '2024-01-11 09:23:36', NULL, NULL, NULL),
(3542, 28, NULL, 1, '2024-01-11 09:24:03', NULL, NULL, NULL),
(3543, 28, NULL, 1, '2024-01-11 09:44:12', NULL, NULL, NULL),
(3544, 28, NULL, 1, '2024-01-11 09:50:36', NULL, NULL, NULL),
(3545, 28, NULL, 1, '2024-01-11 09:57:31', NULL, NULL, NULL),
(3546, 28, NULL, 1, '2024-01-11 10:13:09', NULL, NULL, NULL),
(3547, 28, NULL, 1, '2024-01-11 10:13:33', NULL, NULL, NULL),
(3548, 28, NULL, 1, '2024-01-11 10:15:24', NULL, NULL, NULL),
(3549, 28, NULL, 1, '2024-01-11 10:15:54', NULL, NULL, NULL),
(3550, 28, NULL, 1, '2024-01-11 10:16:43', NULL, NULL, NULL),
(3551, 28, NULL, 1, '2024-01-11 10:24:05', NULL, NULL, NULL),
(3552, 28, NULL, 1, '2024-01-11 10:25:14', NULL, NULL, NULL),
(3553, 28, NULL, 1, '2024-01-11 10:52:09', NULL, NULL, NULL),
(3554, 28, NULL, 1, '2024-01-11 11:04:29', NULL, NULL, NULL),
(3555, 28, NULL, 1, '2024-01-11 11:07:07', NULL, NULL, NULL),
(3556, 28, NULL, 2, '2024-01-11 11:08:18', NULL, NULL, NULL),
(3557, 28, NULL, 2, '2024-01-11 11:08:57', NULL, NULL, NULL),
(3558, 28, NULL, 2, '2024-01-11 11:09:30', NULL, NULL, NULL),
(3559, 28, NULL, 2, '2024-01-11 11:10:04', NULL, NULL, NULL),
(3560, 28, NULL, 2, '2024-01-11 11:10:32', NULL, NULL, NULL),
(3561, 28, NULL, 2, '2024-01-11 11:11:18', NULL, NULL, NULL),
(3562, 28, NULL, 2, '2024-01-11 11:11:49', NULL, NULL, NULL),
(3563, 28, NULL, 2, '2024-01-11 11:13:08', NULL, NULL, NULL),
(3564, 28, NULL, 2, '2024-01-11 11:13:36', NULL, NULL, NULL),
(3565, 28, NULL, 2, '2024-01-11 11:14:20', NULL, NULL, NULL),
(3566, 28, NULL, 2, '2024-01-11 11:14:53', NULL, NULL, NULL),
(3567, 28, NULL, 2, '2024-01-11 11:15:19', NULL, NULL, NULL),
(3568, 28, NULL, 2, '2024-01-11 11:17:16', NULL, NULL, NULL),
(3569, 28, NULL, 2, '2024-01-11 11:17:41', NULL, NULL, NULL),
(3570, 28, NULL, 2, '2024-01-11 11:18:17', NULL, NULL, NULL),
(3571, 28, NULL, 2, '2024-01-11 11:20:55', NULL, NULL, NULL),
(3572, 28, NULL, 2, '2024-01-11 11:22:22', NULL, NULL, NULL),
(3573, 28, NULL, 2, '2024-01-11 12:08:11', NULL, NULL, NULL),
(3574, 28, NULL, 2, '2024-01-11 12:09:06', NULL, NULL, NULL),
(3575, 28, NULL, 2, '2024-01-11 12:09:54', NULL, NULL, NULL),
(3576, 28, NULL, 2, '2024-01-11 12:10:48', NULL, NULL, NULL),
(3577, 28, NULL, 2, '2024-01-11 12:12:23', NULL, NULL, NULL),
(3578, 28, NULL, 2, '2024-01-11 12:13:00', NULL, NULL, NULL),
(3579, 28, NULL, 2, '2024-01-11 12:13:38', NULL, NULL, NULL),
(3580, 28, NULL, 2, '2024-01-11 12:14:36', NULL, NULL, NULL),
(3581, 28, NULL, 1, '2024-01-11 12:28:38', NULL, NULL, NULL),
(3582, 28, NULL, 1, '2024-01-11 12:37:54', NULL, NULL, NULL),
(3583, 28, NULL, 1, '2024-01-11 12:41:19', NULL, NULL, NULL),
(3584, 28, NULL, 1, '2024-01-11 12:42:00', NULL, NULL, NULL),
(3585, 28, NULL, 1, '2024-01-11 13:02:07', NULL, NULL, NULL),
(3586, 28, NULL, 1, '2024-01-11 13:03:42', NULL, NULL, NULL),
(3587, 28, NULL, 1, '2024-01-11 13:04:24', NULL, NULL, NULL),
(3588, 28, NULL, 1, '2024-01-11 13:04:51', NULL, NULL, NULL),
(3589, 28, NULL, 1, '2024-01-11 13:05:33', NULL, NULL, NULL),
(3590, 28, NULL, 1, '2024-01-11 13:08:22', NULL, NULL, NULL),
(3591, 28, NULL, 1, '2024-01-11 13:09:48', NULL, NULL, NULL),
(3592, 30, NULL, 1, '2024-01-12 06:36:25', NULL, NULL, NULL),
(3593, 30, NULL, 2, '2024-01-12 06:36:29', NULL, NULL, NULL),
(3594, 30, NULL, 2, '2024-01-12 07:21:20', NULL, NULL, NULL),
(3595, 30, NULL, 2, '2024-01-12 07:21:34', NULL, NULL, NULL),
(3596, 30, NULL, 2, '2024-01-12 07:27:16', NULL, NULL, NULL),
(3597, 28, NULL, 1, '2024-01-12 07:51:12', NULL, NULL, NULL),
(3598, 28, NULL, 1, '2024-01-12 07:51:38', NULL, NULL, NULL),
(3599, 28, NULL, 1, '2024-01-12 07:52:28', NULL, NULL, NULL),
(3600, 28, NULL, 1, '2024-01-12 08:15:07', NULL, NULL, NULL),
(3601, 28, NULL, 2, '2024-01-12 08:17:58', NULL, NULL, NULL),
(3602, 28, NULL, 2, '2024-01-12 08:25:12', NULL, NULL, NULL),
(3603, 28, NULL, 2, '2024-01-12 08:31:24', NULL, NULL, NULL),
(3604, 28, NULL, 1, '2024-01-12 08:46:27', NULL, NULL, NULL),
(3605, 28, NULL, 1, '2024-01-12 09:14:04', NULL, NULL, NULL),
(3606, 28, NULL, 1, '2024-01-12 09:18:59', NULL, NULL, NULL),
(3607, 28, NULL, 1, '2024-01-12 09:23:06', NULL, NULL, NULL),
(3608, 28, NULL, 1, '2024-01-12 09:23:54', NULL, NULL, NULL),
(3609, 28, NULL, 1, '2024-01-12 09:28:41', NULL, NULL, NULL),
(3610, 28, NULL, 1, '2024-01-12 09:28:58', NULL, NULL, NULL),
(3611, 28, NULL, 1, '2024-01-12 09:34:17', NULL, NULL, NULL),
(3612, 28, NULL, 1, '2024-01-12 09:38:49', NULL, NULL, NULL),
(3613, 28, NULL, 1, '2024-01-12 09:39:27', NULL, NULL, NULL),
(3614, 28, NULL, 1, '2024-01-12 09:42:37', NULL, NULL, NULL),
(3615, 30, NULL, 1, '2024-01-12 10:14:31', NULL, NULL, NULL),
(3616, 30, NULL, 1, '2024-01-12 10:16:25', NULL, NULL, NULL),
(3617, 30, NULL, 1, '2024-01-12 10:18:31', NULL, NULL, NULL),
(3618, 30, NULL, 1, '2024-01-12 10:19:08', NULL, NULL, NULL),
(3619, 30, NULL, 1, '2024-01-12 10:20:30', NULL, NULL, NULL),
(3620, 30, NULL, 1, '2024-01-12 10:22:50', NULL, NULL, NULL),
(3621, 30, NULL, 1, '2024-01-12 10:37:12', NULL, NULL, NULL),
(3622, 30, NULL, 1, '2024-01-12 10:47:45', NULL, NULL, NULL),
(3623, 30, NULL, 1, '2024-01-12 10:53:10', NULL, NULL, NULL),
(3624, 30, NULL, 1, '2024-01-12 11:07:34', NULL, NULL, NULL),
(3625, 30, NULL, 1, '2024-01-12 11:08:29', NULL, NULL, NULL),
(3626, 30, NULL, 1, '2024-01-12 11:08:45', NULL, NULL, NULL),
(3627, 30, NULL, 1, '2024-01-12 11:09:35', NULL, NULL, NULL),
(3628, 30, NULL, 2, '2024-01-12 11:11:06', NULL, NULL, NULL),
(3629, 30, NULL, 1, '2024-01-12 11:13:00', NULL, NULL, NULL),
(3630, 30, NULL, 1, '2024-01-12 11:14:53', NULL, NULL, NULL),
(3631, 30, NULL, 1, '2024-01-12 11:15:27', NULL, NULL, NULL),
(3632, 30, NULL, 1, '2024-01-12 11:31:36', NULL, NULL, NULL),
(3633, 30, NULL, 1, '2024-01-12 11:33:28', NULL, NULL, NULL),
(3634, 30, NULL, 1, '2024-01-12 12:09:22', NULL, NULL, NULL),
(3635, 30, NULL, 1, '2024-01-12 12:11:47', NULL, NULL, NULL),
(3636, 30, NULL, 1, '2024-01-12 12:13:13', NULL, NULL, NULL),
(3637, 30, NULL, 1, '2024-01-12 13:03:05', NULL, NULL, NULL),
(3638, 30, NULL, 1, '2024-01-12 13:15:10', NULL, NULL, NULL),
(3639, 28, NULL, 1, '2024-01-12 14:14:30', NULL, NULL, NULL),
(3640, 25, NULL, 2, '2024-01-15 05:31:41', NULL, NULL, NULL),
(3641, 30, NULL, 1, '2024-01-15 07:36:34', NULL, NULL, NULL),
(3642, 25, NULL, 2, '2024-01-15 09:17:13', NULL, NULL, NULL),
(3643, 25, NULL, 2, '2024-01-15 09:17:58', NULL, NULL, NULL),
(3644, 25, NULL, 2, '2024-01-15 09:18:54', NULL, NULL, NULL),
(3645, 25, NULL, 2, '2024-01-15 09:19:05', NULL, NULL, NULL),
(3646, 25, NULL, 2, '2024-01-15 09:21:32', NULL, NULL, NULL),
(3647, 25, NULL, 2, '2024-01-15 09:21:50', NULL, NULL, NULL),
(3648, 25, NULL, 2, '2024-01-15 09:22:59', NULL, NULL, NULL),
(3649, 25, NULL, 2, '2024-01-15 09:23:27', NULL, NULL, NULL),
(3650, 25, NULL, 2, '2024-01-15 09:23:51', NULL, NULL, NULL),
(3651, 25, NULL, 1, '2024-01-15 09:24:29', NULL, NULL, NULL),
(3652, 25, NULL, 2, '2024-01-15 09:25:03', NULL, NULL, NULL),
(3653, 25, NULL, 1, '2024-01-15 09:26:20', NULL, NULL, NULL),
(3654, 25, NULL, 1, '2024-01-15 09:29:26', NULL, NULL, NULL),
(3655, 25, NULL, 1, '2024-01-15 09:29:37', NULL, NULL, NULL),
(3656, 25, NULL, 1, '2024-01-15 09:32:34', NULL, NULL, NULL),
(3657, 25, NULL, 1, '2024-01-15 09:40:49', NULL, NULL, NULL),
(3658, 25, NULL, 1, '2024-01-15 09:50:51', NULL, NULL, NULL),
(3659, 25, NULL, 1, '2024-01-15 10:01:03', NULL, NULL, NULL),
(3660, 25, NULL, 1, '2024-01-15 10:13:08', NULL, NULL, NULL),
(3661, 25, NULL, 1, '2024-01-15 10:14:05', NULL, NULL, NULL),
(3662, 25, NULL, 1, '2024-01-15 10:14:48', NULL, NULL, NULL),
(3663, 25, NULL, 2, '2024-01-15 10:15:19', NULL, NULL, NULL),
(3664, 25, NULL, 2, '2024-01-15 10:15:44', NULL, NULL, NULL),
(3665, 25, NULL, 2, '2024-01-15 10:16:01', NULL, NULL, NULL),
(3666, 25, NULL, 2, '2024-01-15 10:18:09', NULL, NULL, NULL),
(3667, 25, NULL, 1, '2024-01-15 10:18:27', NULL, NULL, NULL),
(3668, 25, NULL, 2, '2024-01-15 10:19:13', NULL, NULL, NULL),
(3669, 25, NULL, 2, '2024-01-15 10:19:55', NULL, NULL, NULL),
(3670, 25, NULL, 2, '2024-01-15 10:20:55', NULL, NULL, NULL),
(3671, 25, NULL, 1, '2024-01-15 10:23:51', NULL, NULL, NULL),
(3672, 30, NULL, 1, '2024-01-15 11:07:02', NULL, NULL, NULL),
(3673, 30, NULL, 1, '2024-01-15 11:09:18', NULL, NULL, NULL),
(3674, 30, NULL, 1, '2024-01-15 11:09:48', NULL, NULL, NULL),
(3675, 30, NULL, 1, '2024-01-15 11:10:21', NULL, NULL, NULL),
(3676, 30, NULL, 1, '2024-01-15 11:11:13', NULL, NULL, NULL),
(3677, 30, NULL, 1, '2024-01-15 11:11:29', NULL, NULL, NULL),
(3678, 30, NULL, 1, '2024-01-15 11:12:15', NULL, NULL, NULL),
(3679, 30, NULL, 1, '2024-01-15 11:13:11', NULL, NULL, NULL),
(3680, 30, NULL, 1, '2024-01-15 11:16:57', NULL, NULL, NULL),
(3681, 30, NULL, 1, '2024-01-15 11:17:25', NULL, NULL, NULL),
(3682, 30, NULL, 1, '2024-01-15 11:18:20', NULL, NULL, NULL),
(3683, 30, NULL, 1, '2024-01-15 11:25:22', NULL, NULL, NULL),
(3684, 30, NULL, 1, '2024-01-15 11:37:18', NULL, NULL, NULL),
(3685, 30, NULL, 1, '2024-01-15 12:07:47', NULL, NULL, NULL),
(3686, 30, NULL, 1, '2024-01-15 12:09:15', NULL, NULL, NULL),
(3687, 30, NULL, 1, '2024-01-15 12:10:36', NULL, NULL, NULL),
(3688, 30, NULL, 1, '2024-01-15 12:11:53', NULL, NULL, NULL),
(3689, 30, NULL, 1, '2024-01-15 12:12:32', NULL, NULL, NULL),
(3690, 30, NULL, 2, '2024-01-15 12:13:03', NULL, NULL, NULL),
(3691, 30, NULL, 2, '2024-01-15 12:14:05', NULL, NULL, NULL),
(3692, 30, NULL, 1, '2024-01-15 12:25:12', NULL, NULL, NULL),
(3693, 30, NULL, 1, '2024-01-15 12:26:53', NULL, NULL, NULL),
(3694, 30, NULL, 1, '2024-01-15 12:35:41', NULL, NULL, NULL),
(3695, 30, NULL, 2, '2024-01-15 12:43:08', NULL, NULL, NULL),
(3696, 30, NULL, 1, '2024-01-15 12:54:18', NULL, NULL, NULL),
(3697, 30, NULL, 2, '2024-01-15 13:02:29', NULL, NULL, NULL),
(3698, 30, NULL, 1, '2024-01-15 13:04:02', NULL, NULL, NULL),
(3699, 30, NULL, 1, '2024-01-15 13:04:32', NULL, NULL, NULL),
(3700, 30, NULL, 2, '2024-01-15 13:05:57', NULL, NULL, NULL),
(3701, 30, NULL, 1, '2024-01-15 13:07:13', NULL, NULL, NULL),
(3702, 28, NULL, 1, '2024-01-16 07:35:43', NULL, NULL, NULL),
(3703, 28, NULL, 1, '2024-01-16 07:38:38', NULL, NULL, NULL),
(3704, 28, NULL, 1, '2024-01-16 07:41:51', NULL, NULL, NULL),
(3705, 28, NULL, 2, '2024-01-16 09:21:02', NULL, NULL, NULL),
(3706, 28, NULL, 2, '2024-01-16 09:21:16', NULL, NULL, NULL),
(3707, 28, NULL, 2, '2024-01-16 09:22:06', NULL, NULL, NULL),
(3708, 30, NULL, 2, '2024-01-16 10:13:18', NULL, NULL, NULL),
(3709, 30, NULL, 2, '2024-01-16 10:14:14', NULL, NULL, NULL),
(3710, 30, NULL, 2, '2024-01-16 10:14:45', NULL, NULL, NULL),
(3711, 30, NULL, 2, '2024-01-16 10:14:55', NULL, NULL, NULL),
(3712, 30, NULL, 2, '2024-01-16 10:17:01', NULL, NULL, NULL),
(3713, 30, NULL, 2, '2024-01-16 10:18:52', NULL, NULL, NULL),
(3714, 30, NULL, 2, '2024-01-16 10:26:01', NULL, NULL, NULL),
(3715, 30, NULL, 1, '2024-01-16 10:48:22', NULL, NULL, NULL),
(3716, 30, NULL, 1, '2024-01-16 11:03:59', NULL, NULL, NULL),
(3717, 30, NULL, 1, '2024-01-16 11:04:38', NULL, NULL, NULL),
(3718, 28, NULL, 1, '2024-01-16 11:08:51', NULL, NULL, NULL),
(3719, 28, NULL, 1, '2024-01-16 11:10:52', NULL, NULL, NULL),
(3720, 28, NULL, 2, '2024-01-16 11:11:00', NULL, NULL, NULL),
(3721, 28, NULL, 1, '2024-01-16 11:11:47', NULL, NULL, NULL),
(3722, 28, NULL, 1, '2024-01-16 11:12:19', NULL, NULL, NULL),
(3723, 28, NULL, 1, '2024-01-16 11:12:37', NULL, NULL, NULL),
(3724, 28, NULL, 1, '2024-01-16 11:13:20', NULL, NULL, NULL),
(3725, 28, NULL, 1, '2024-01-16 11:13:37', NULL, NULL, NULL),
(3726, 28, NULL, 1, '2024-01-16 11:14:21', NULL, NULL, NULL),
(3727, 28, NULL, 1, '2024-01-16 11:14:31', NULL, NULL, NULL),
(3728, 28, NULL, 1, '2024-01-16 11:17:27', NULL, NULL, NULL),
(3729, 28, NULL, 1, '2024-01-16 11:17:41', NULL, NULL, NULL),
(3730, 28, NULL, 2, '2024-01-16 12:04:44', NULL, NULL, NULL),
(3731, 30, NULL, 1, '2024-01-16 12:08:30', NULL, NULL, NULL),
(3732, 30, NULL, 1, '2024-01-16 12:09:07', NULL, NULL, NULL),
(3733, 30, NULL, 1, '2024-01-16 12:09:40', NULL, NULL, NULL),
(3734, 30, NULL, 1, '2024-01-16 12:09:46', NULL, NULL, NULL),
(3735, 30, NULL, 1, '2024-01-16 12:11:34', NULL, NULL, NULL),
(3736, 30, NULL, 1, '2024-01-16 12:12:28', NULL, NULL, NULL),
(3737, 30, NULL, 1, '2024-01-16 12:12:42', NULL, NULL, NULL),
(3738, 30, NULL, 1, '2024-01-16 12:17:58', NULL, NULL, NULL),
(3739, 30, NULL, 1, '2024-01-16 12:22:23', NULL, NULL, NULL),
(3740, 30, NULL, 1, '2024-01-16 13:19:17', NULL, NULL, NULL),
(3741, 2, NULL, 1, '2024-02-20 11:35:11', NULL, NULL, NULL),
(3742, 2, NULL, 1, '2024-02-20 11:37:40', NULL, NULL, NULL),
(3743, 2, NULL, 1, '2024-02-20 11:45:23', NULL, NULL, NULL),
(3744, 2, NULL, 1, '2024-02-20 11:45:45', NULL, NULL, NULL),
(3745, 2, NULL, 1, '2024-02-20 12:01:58', NULL, NULL, NULL),
(3746, 2, NULL, 1, '2024-02-20 12:02:35', NULL, NULL, NULL),
(3747, 2, NULL, 1, '2024-02-20 12:02:59', NULL, NULL, NULL),
(3748, 2, NULL, 1, '2024-02-20 12:28:17', NULL, NULL, NULL),
(3749, 2, NULL, 1, '2024-02-20 12:57:17', NULL, NULL, NULL),
(3750, 2, NULL, 1, '2024-02-20 12:57:52', NULL, NULL, NULL),
(3751, 2, NULL, 1, '2024-02-20 12:59:14', NULL, NULL, NULL),
(3752, 2, NULL, 1, '2024-02-20 13:00:11', NULL, NULL, NULL),
(3753, 2, NULL, 1, '2024-02-20 13:00:56', NULL, NULL, NULL),
(3754, 2, NULL, 1, '2024-02-20 13:01:08', NULL, NULL, NULL),
(3755, 2, NULL, 1, '2024-03-05 11:14:53', '2024-04-01 18:49:38', 'closed', NULL),
(3756, 2, NULL, 1, '2024-03-05 11:22:40', '2024-04-01 18:49:40', 'done', 1),
(3757, 2, NULL, 2, '2024-03-05 11:23:03', NULL, 'nd', NULL),
(3758, 2, NULL, 1, '2024-03-05 12:30:37', NULL, 'closed', NULL),
(3759, 2, NULL, 1, '2024-03-18 17:45:25', NULL, 'closed', NULL),
(3760, 2, NULL, 1, '2024-03-21 20:21:45', NULL, 'closed', NULL),
(3761, 2, NULL, 1, '2024-03-21 20:28:18', '2024-04-01 17:21:27', 'closed', NULL),
(3762, 2, NULL, 1, '2024-04-01 18:50:13', '2024-04-01 18:51:02', 'closed', NULL),
(3763, 2, NULL, 1, '2024-04-01 19:41:54', NULL, 'new', NULL),
(3764, 2, NULL, 1, '2024-04-01 19:42:40', NULL, 'new', 11),
(3765, 1, NULL, 2, '2024-04-09 09:40:53', NULL, 'nd', NULL);

-- --------------------------------------------------------

--
-- Struktura tabeli dla tabeli `payment_methods`
--

CREATE TABLE `payment_methods` (
  `id` int(11) NOT NULL,
  `name` text DEFAULT NULL
) ENGINE=InnoDB DEFAULT CHARSET=utf8mb4 COLLATE=utf8mb4_general_ci;

--
-- Dumping data for table `payment_methods`
--

INSERT INTO `payment_methods` (`id`, `name`) VALUES
(1, 'CASH'),
(2, 'BLIK');

-- --------------------------------------------------------

--
-- Struktura tabeli dla tabeli `permissions`
--

CREATE TABLE `permissions` (
  `id` int(11) NOT NULL,
  `worker_id` int(11) NOT NULL,
  `role_id` int(11) NOT NULL
) ENGINE=InnoDB DEFAULT CHARSET=utf8mb4 COLLATE=utf8mb4_general_ci;

--
-- Dumping data for table `permissions`
--

INSERT INTO `permissions` (`id`, `worker_id`, `role_id`) VALUES
(1, 1, 2),
(3, 1, 1),
(4, 2, 1),
(5, 3, 2),
(6, 4, 2),
(7, 5, 2),
(9, 3, 1),
(10, 28, 1),
(11, 30, 1);

-- --------------------------------------------------------

--
-- Struktura tabeli dla tabeli `products_category`
--

CREATE TABLE `products_category` (
  `id` int(11) NOT NULL,
  `name` text DEFAULT NULL
) ENGINE=InnoDB DEFAULT CHARSET=utf8mb4 COLLATE=utf8mb4_general_ci;

--
-- Dumping data for table `products_category`
--

INSERT INTO `products_category` (`id`, `name`) VALUES
(1, 'sos');

-- --------------------------------------------------------

--
-- Struktura tabeli dla tabeli `products_category_connection`
--

CREATE TABLE `products_category_connection` (
  `id` int(11) NOT NULL,
  `product_id` int(11) DEFAULT NULL,
  `category_id` int(11) DEFAULT NULL
) ENGINE=InnoDB DEFAULT CHARSET=utf8mb4 COLLATE=utf8mb4_general_ci;

--
-- Dumping data for table `products_category_connection`
--

INSERT INTO `products_category_connection` (`id`, `product_id`, `category_id`) VALUES
(1, 15, 1),
(4, 15, 1);

-- --------------------------------------------------------

--
-- Struktura tabeli dla tabeli `products_options`
--

CREATE TABLE `products_options` (
  `id` int(11) NOT NULL,
  `name` text DEFAULT NULL,
  `category_id` int(11) DEFAULT NULL
) ENGINE=InnoDB DEFAULT CHARSET=utf8mb4 COLLATE=utf8mb4_general_ci;

--
-- Dumping data for table `products_options`
--

INSERT INTO `products_options` (`id`, `name`, `category_id`) VALUES
(1, '1000 wysp', 1),
(2, 'Czosnkowy', 1),
(3, 'Amerykański', 1);

-- --------------------------------------------------------

--
-- Struktura tabeli dla tabeli `products_options_list`
--

CREATE TABLE `products_options_list` (
  `id` int(11) NOT NULL,
  `articles_sellment_id` int(11) DEFAULT NULL,
  `category_id` int(11) DEFAULT NULL,
  `option_id` int(11) DEFAULT NULL
) ENGINE=InnoDB DEFAULT CHARSET=utf8mb4 COLLATE=utf8mb4_general_ci;

--
-- Dumping data for table `products_options_list`
--

INSERT INTO `products_options_list` (`id`, `articles_sellment_id`, `category_id`, `option_id`) VALUES
(1, 4786, 1, 1),
(2, 4786, 1, 2),
(3, 4787, 1, 1),
(4, 4787, 1, 1),
(5, 4788, 1, 1),
(6, 4788, 1, 2),
(7, 4790, 1, 2),
(8, 4790, 1, 3),
(9, 4791, 1, 1),
(10, 4791, 1, 1),
(11, 4792, 1, 2),
(12, 4792, 1, 2),
(13, 4793, 1, 2),
(14, 4793, 1, 1),
(15, 4794, 1, 1),
(16, 4794, 1, 1),
(17, 4795, 1, 1),
(18, 4795, 1, 1),
(19, 4796, 1, 1),
(20, 4796, 1, 1),
(21, 4797, 1, 1),
(22, 4797, 1, 2),
(23, 4798, 1, 1),
(24, 4798, 1, 2),
(25, 4799, 1, 1),
(26, 4799, 1, 2),
(27, 4800, 1, 2),
(28, 4800, 1, 1);

-- --------------------------------------------------------

--
-- Struktura tabeli dla tabeli `roles`
--

CREATE TABLE `roles` (
  `id` int(11) NOT NULL,
  `name` text DEFAULT NULL
) ENGINE=InnoDB DEFAULT CHARSET=utf8mb4 COLLATE=utf8mb4_general_ci;

--
-- Dumping data for table `roles`
--

INSERT INTO `roles` (`id`, `name`) VALUES
(1, 'admin'),
(2, 'worker');

-- --------------------------------------------------------

--
-- Struktura tabeli dla tabeli `sellment_close`
--

CREATE TABLE `sellment_close` (
  `id` int(11) NOT NULL,
  `number` text DEFAULT NULL,
  `year_number` text DEFAULT NULL,
  `date` timestamp NOT NULL DEFAULT current_timestamp() ON UPDATE current_timestamp(),
  `issuer_worker_id` int(11) DEFAULT NULL,
  `starting_order_id` int(11) DEFAULT NULL,
  `ending_order_id` int(11) DEFAULT NULL
) ENGINE=InnoDB DEFAULT CHARSET=utf8mb4 COLLATE=utf8mb4_general_ci;

--
-- Dumping data for table `sellment_close`
--

INSERT INTO `sellment_close` (`id`, `number`, `year_number`, `date`, `issuer_worker_id`, `starting_order_id`, `ending_order_id`) VALUES
(1, '1', '23/24', '2023-09-05 11:57:04', 1, 1, 55),
(3, '2', '23/24', '2023-09-06 22:33:54', 2, 56, 119),
(5, '3', '23/24', '2023-09-07 22:33:36', 2, 120, 179),
(6, '4', '23/24', '2023-09-08 18:32:08', 2, 180, 240),
(7, '5', '23/24', '2023-09-11 18:43:22', 2, 241, 307),
(8, '6', '23/24', '2023-09-13 05:09:53', 2, 308, 384),
(9, '7', '23/24', '2023-09-14 11:57:43', 2, 385, 478),
(10, '8', '23/24', '2023-09-14 12:00:04', 2, 479, 557),
(11, '9', '23/24', '2023-09-22 06:00:03', 2, 558, 617),
(12, '10', '23/24', '2023-09-22 06:00:10', 2, 618, 697),
(13, '11', '23/24', '2023-09-22 06:00:16', 2, 698, 766),
(14, '12', '23/24', '2023-09-22 06:00:22', 2, 767, 830),
(15, '13', '23/24', '2023-09-22 06:00:43', 2, 831, 903),
(17, '14', '23/24', '2023-09-22 10:50:52', 2, 904, 956),
(18, '15', '23/24', '2023-09-25 12:22:53', 2, 957, 1003),
(19, '16', '23/24', '2023-09-26 12:23:14', 2, 1004, 1055),
(20, '17', '23/24', '2023-09-27 10:43:36', 2, 1056, 1095),
(21, '18', '23/24', '2023-09-28 11:33:20', 2, 1096, 1125),
(22, '19', '23/24', '2023-09-29 15:00:00', 2, 1126, 1155),
(23, '20', '23/24', '2023-10-02 13:23:14', 2, 1156, 1215),
(24, '21', '23/24', '2023-10-03 13:15:51', 2, 1216, 1261),
(25, '22', '23/24', '2023-10-04 12:19:16', 2, 1262, 1319),
(26, '23', '23/24', '2023-10-05 11:09:26', 2, 1320, 1357),
(27, '24', '23/24', '2023-10-06 12:21:16', 2, 1358, 1412),
(28, '25', '23/24', '2023-10-09 12:29:15', 2, 1413, 1477),
(29, '26', '23/24', '2023-10-10 17:39:49', 2, 1478, 1539),
(30, '27', '23/24', '2023-10-11 12:27:53', 2, 1540, 1582),
(31, '28', '23/24', '2023-10-12 13:13:24', 2, 1583, 1639),
(32, '29', '23/24', '2023-10-13 13:17:16', 2, 1640, 1676),
(33, '30', '23/24', '2023-10-16 12:23:57', 2, 1677, 1722),
(34, '31', '23/24', '2023-10-23 12:17:51', 2, 1723, 1757),
(35, '32', '23/24', '2023-10-24 12:28:46', 2, 1758, 1784),
(36, '33', '23/24', '2023-10-25 12:19:44', 2, 1785, 1800),
(37, '34', '23/24', '2023-10-26 13:07:58', 2, 1801, 1841),
(38, '35', '23/24', '2023-10-30 18:33:28', 2, 1842, 1926),
(39, '36', '23/24', '2023-10-31 13:15:29', 2, 1927, 1974),
(40, '37', '23/24', '2023-11-02 11:28:58', 2, 1975, 2001),
(41, '38', '23/24', '2023-11-03 13:16:22', 2, 2002, 2026),
(42, '39', '23/24', '2023-11-06 13:11:55', 2, 2027, 2072),
(43, '40', '23/24', '2023-11-07 13:21:14', 2, 2073, 2111),
(44, '41', '23/24', '2023-11-08 13:11:45', 2, 2112, 2149),
(45, '42', '23/24', '2023-11-09 13:23:24', 1, 2150, 2183),
(46, '43', '23/24', '2023-11-10 17:07:45', 2, 2184, 2214),
(47, '44', '23/24', '2023-11-14 09:22:43', 2, 2215, 2252),
(48, '45', '23/24', '2023-11-14 13:19:57', 2, 2253, 2290),
(49, '46', '23/24', '2023-11-15 14:21:25', 2, 2291, 2327),
(50, '47', '23/24', '2023-11-17 07:33:06', 2, 2328, 2372),
(51, '48', '23/24', '2023-11-17 13:35:28', 2, 2373, 2410),
(52, '49', '23/24', '2023-11-20 18:33:17', 2, 2411, 2449),
(53, '50', '23/24', '2023-11-21 13:26:44', 2, 2450, 2472),
(54, '51', '23/24', '2023-11-22 13:26:04', 2, 2473, 2516),
(55, '52', '23/24', '2023-11-23 14:25:24', 2, 2517, 2557),
(56, '53', '23/24', '2023-11-24 13:28:37', 2, 2558, 2594),
(57, '54', '23/24', '2023-11-27 13:21:35', 3, 2595, 2626),
(58, '55', '23/24', '2023-11-28 11:28:01', 28, 2627, 2637),
(59, '56', '23/24', '2023-11-29 13:21:17', 28, 2638, 2691),
(60, '57', '23/24', '2023-11-30 13:19:48', 28, 2692, 2714),
(61, '58', '23/24', '2023-12-04 13:19:28', 2, 2715, 2775),
(62, '59', '23/24', '2023-12-05 13:21:09', 2, 2776, 2810),
(63, '60', '23/24', '2023-12-07 14:08:33', 28, 2811, 2870),
(64, '61', '23/24', '2023-12-08 14:10:24', 2, 2871, 2897),
(65, '62', '23/24', '2023-12-11 13:19:55', 28, 2898, 2940),
(66, '63', '23/24', '2023-12-12 13:22:34', 28, 2941, 2972),
(67, '64', '23/24', '2023-12-13 13:21:56', 28, 2973, 3007),
(68, '65', '23/24', '2023-12-14 14:11:53', 28, 3008, 3047),
(69, '66', '23/24', '2023-12-15 13:19:38', 28, 3048, 3079),
(70, '67', '23/24', '2023-12-18 13:20:52', 28, 3080, 3128),
(71, '68', '23/24', '2023-12-19 14:02:41', 28, 3129, 3157),
(72, '69', '23/24', '2023-12-20 13:21:48', 28, 3158, 3192),
(73, '70', '23/24', '2023-12-21 13:18:41', 28, 3193, 3238),
(74, '71', '23/24', '2024-01-02 14:01:49', 2, 3239, 3261),
(75, '72', '23/24', '2024-01-03 14:18:38', 28, 3262, 3308),
(76, '73', '23/24', '2024-01-04 14:53:50', 28, 3309, 3349),
(77, '74', '23/24', '2024-01-05 14:14:59', 28, 3350, 3396),
(78, '75', '23/24', '2024-01-08 13:18:33', 28, 3397, 3430),
(79, '76', '23/24', '2024-01-09 13:58:15', 2, 3431, 3488),
(80, '77', '23/24', '2024-01-10 13:59:33', 28, 3489, 3535),
(81, '78', '23/24', '2024-01-11 14:46:19', 28, 3536, 3591),
(82, '79', '23/24', '2024-01-12 13:57:46', 28, 3592, 3638),
(83, '80', '23/24', '2024-01-15 13:13:14', 30, 3639, 3701),
(84, '81', '23/24', '2024-03-16 20:50:27', 2, 3702, 3758),
(85, '82', '23/24', '2024-03-18 17:46:02', 2, 3759, 3759);

-- --------------------------------------------------------

--
-- Struktura tabeli dla tabeli `version`
--

CREATE TABLE `version` (
  `id` int(11) NOT NULL,
  `number` text DEFAULT NULL
) ENGINE=InnoDB DEFAULT CHARSET=utf8mb4 COLLATE=utf8mb4_general_ci;

--
-- Dumping data for table `version`
--

INSERT INTO `version` (`id`, `number`) VALUES
(1, '0.1.0');

-- --------------------------------------------------------

--
-- Struktura tabeli dla tabeli `version_feature`
--

CREATE TABLE `version_feature` (
  `id` int(11) NOT NULL,
  `version_id` int(11) DEFAULT NULL,
  `description` text DEFAULT NULL
) ENGINE=InnoDB DEFAULT CHARSET=utf8mb4 COLLATE=utf8mb4_general_ci;

--
-- Dumping data for table `version_feature`
--

INSERT INTO `version_feature` (`id`, `version_id`, `description`) VALUES
(1, 1, 'Rozróżnianie hotdogów - Wprowadzono wizualne rozróżnianie poszczególnych produktów, poprzez nadawanie im unikalnych kolorów tła (np. jeden kolor dla hotdogów, drugi kolor dla doubledogów itp.).'),
(2, 1, 'Zamawianie na następną przerwę - Dodano możliwość ustawienia przerwy, na którą dane zamówienie ma zostać zrealizowane. Dzięki temu można stworzyć i zrealizować zamówienie jeszcze przed konkretną przerwą!'),
(3, 1, 'Aktualizacja widoku zarządzania godzinami - Poprawiono filtrowanie, tak aby nie występowało ścinanie się aplikacji. Wprowadzono podział wyświetlanych rekordów na podstrony, drobne zmiany wizualne.'),
(4, 1, 'Drobne poprawki techniczne - Zmieniono endpointy dla backendu, wprowadzono ponowną synchronizację zamówień po rozłączeniu z siecią.'),
(5, 1, 'Drobne poprawki wizualne - Zmiana czcionki na bardziej czytelną, poprawiono wygląd widoku sprzedaży, naprawiony \'resizing\' meni bocznego'),
(6, 1, 'Widok strony głownej - Wprowadzono widok strony głównej, na której wyświetla się aktualna wersja programu i informacje o pracowniku.');

-- --------------------------------------------------------

--
-- Struktura tabeli dla tabeli `worked_hours`
--

CREATE TABLE `worked_hours` (
  `id` int(11) NOT NULL,
  `activity_id` int(11) DEFAULT NULL,
  `admin_id` int(11) DEFAULT NULL,
  `worker_id` int(11) DEFAULT NULL,
  `amount` float DEFAULT NULL,
  `description` text DEFAULT NULL,
  `work_date` date DEFAULT NULL,
  `modified` timestamp NOT NULL DEFAULT current_timestamp()
) ENGINE=InnoDB DEFAULT CHARSET=utf8mb4 COLLATE=utf8mb4_general_ci;

--
-- Dumping data for table `worked_hours`
--

INSERT INTO `worked_hours` (`id`, `activity_id`, `admin_id`, `worker_id`, `amount`, `description`, `work_date`, `modified`) VALUES
(1, 3, 1, 2, 2, NULL, '2023-09-05', '2023-11-09 11:25:46'),
(2, 2, 1, 5, 2, NULL, '2023-09-05', '2023-11-09 11:33:59'),
(3, 4, 1, 4, 2, NULL, '2023-09-05', '2023-11-09 11:34:17'),
(4, 5, 1, 3, 2, NULL, '2023-09-05', '2023-11-09 11:34:36'),
(5, 3, 1, 2, 2, NULL, '2023-09-06', '2023-11-09 11:34:54'),
(6, 2, 1, 7, 2, NULL, '2023-09-06', '2023-11-09 11:35:16'),
(7, 4, 1, 4, 2, NULL, '2023-09-06', '2023-11-09 11:35:45'),
(8, 5, 1, 3, 2, NULL, '2023-09-06', '2023-11-09 11:36:00'),
(9, 3, 1, 3, 2, NULL, '2023-09-07', '2023-11-09 11:36:13'),
(10, 2, 1, 5, 2, NULL, '2023-09-07', '2023-11-09 11:36:29'),
(11, 4, 1, 4, 2, NULL, '2023-09-07', '2023-11-09 11:36:44'),
(12, 5, 1, 3, 2, NULL, '2023-09-07', '2023-11-09 11:36:59'),
(13, 3, 1, 2, 2, NULL, '2023-09-08', '2023-11-09 11:37:22'),
(14, 2, 1, 7, 2, NULL, '2023-09-08', '2023-11-09 11:37:34'),
(15, 4, 1, 4, 2, NULL, '2023-09-08', '2023-11-09 11:37:49'),
(16, 5, 1, 3, 2, NULL, '2023-09-08', '2023-11-09 11:38:04'),
(17, 6, 1, 2, 3, NULL, '2023-09-08', '2023-11-09 11:38:25'),
(18, 6, 1, 3, 3, NULL, '2023-09-08', '2023-11-09 11:38:38'),
(19, 3, 1, 6, 2, NULL, '2023-09-11', '2023-11-09 11:38:57'),
(20, 2, 1, 9, 2, NULL, '2023-09-11', '2023-11-09 11:39:12'),
(21, 4, 1, 8, 2, NULL, '2023-09-11', '2023-11-09 11:39:26'),
(22, 3, 1, 2, 2, NULL, '2023-09-12', '2023-11-09 11:39:42'),
(23, 2, 1, 7, 2, NULL, '2023-09-12', '2023-11-09 11:39:58'),
(24, 4, 1, 4, 2, NULL, '2023-09-12', '2023-11-09 11:40:18'),
(25, 3, 1, 6, 2, NULL, '2023-09-13', '2023-11-09 11:40:49'),
(26, 2, 1, 5, 2, NULL, '2023-09-13', '2023-11-09 11:40:59'),
(27, 4, 1, 4, 2, NULL, '2023-09-13', '2023-11-09 11:41:14'),
(28, 2, 1, 5, 2, NULL, '2023-09-14', '2023-11-09 11:45:53'),
(29, 5, 1, 3, 2, NULL, '2023-09-14', '2023-11-09 11:46:28'),
(31, 2, 1, 5, 2, NULL, '2023-09-15', '2023-11-09 11:46:52'),
(32, 4, 1, 4, 2, NULL, '2023-09-15', '2023-11-09 11:47:16'),
(33, 5, 1, 3, 2, NULL, '2023-09-15', '2023-11-09 11:47:26'),
(34, 6, 1, 2, 2, NULL, '2023-09-15', '2023-11-09 11:47:40'),
(35, 6, 1, 3, 2, NULL, '2023-09-15', '2023-11-09 11:47:59'),
(36, 3, 1, 2, 2, NULL, '2023-09-18', '2023-11-09 11:48:11'),
(37, 2, 1, 9, 2, NULL, '2023-09-18', '2023-11-09 11:48:27'),
(38, 4, 1, 8, 2, NULL, '2023-09-18', '2023-11-09 11:48:40'),
(39, 6, 1, 2, 1, NULL, '2023-09-18', '2023-11-09 11:48:54'),
(40, 3, 1, 6, 2, NULL, '2023-09-19', '2023-11-09 11:49:21'),
(41, 2, 1, 7, 2, NULL, '2023-09-19', '2023-11-09 11:49:39'),
(42, 4, 1, 4, 2, NULL, '2023-09-19', '2023-11-09 11:49:48'),
(43, 3, 1, 3, 2, NULL, '2023-09-20', '2023-11-09 11:50:08'),
(44, 2, 1, 7, 2, NULL, '2023-09-20', '2023-11-09 11:50:17'),
(45, 4, 1, 4, 2, NULL, '2023-09-20', '2023-11-09 11:50:42'),
(46, 5, 1, 3, 1, NULL, '2023-09-20', '2023-11-09 11:50:56'),
(47, 5, 1, 7, 1, NULL, '2023-09-20', '2023-11-09 11:51:05'),
(48, 6, 1, 2, 2, NULL, '2023-09-20', '2023-11-09 11:51:21'),
(49, 6, 1, 2, 1, NULL, '2023-09-20', '2023-11-09 11:51:53'),
(50, 6, 1, 3, 3, NULL, '2023-09-20', '2023-11-09 11:52:03'),
(51, 3, 1, 6, 2, NULL, '2023-09-21', '2023-11-09 11:52:23'),
(52, 2, 1, 7, 2, NULL, '2023-09-21', '2023-11-09 11:52:53'),
(53, 4, 1, 4, 2, NULL, '2023-09-21', '2023-11-09 11:53:08'),
(54, 5, 1, 7, 2, NULL, '2023-09-21', '2023-11-09 11:53:27'),
(55, 3, 1, 2, 2, NULL, '2023-09-22', '2023-11-09 11:54:50'),
(56, 2, 1, 5, 2, NULL, '2023-09-22', '2023-11-09 11:55:18'),
(57, 4, 1, 4, 2, NULL, '2023-09-22', '2023-11-09 11:55:40'),
(58, 3, 1, 2, 2, NULL, '2023-09-25', '2023-11-09 11:56:04'),
(59, 2, 1, 9, 2, NULL, '2023-09-25', '2023-11-09 11:56:29'),
(60, 4, 1, 8, 2, NULL, '2023-09-25', '2023-11-09 11:56:57'),
(61, 6, 1, 2, 2, NULL, '2023-09-25', '2023-11-09 11:57:22'),
(62, 6, 1, 3, 2, NULL, '2023-09-25', '2023-11-09 11:57:38'),
(63, 3, 1, 2, 2, NULL, '2023-09-26', '2023-11-09 11:58:10'),
(64, 2, 1, 5, 2, NULL, '2023-09-26', '2023-11-09 11:58:26'),
(65, 3, 1, 2, 2, NULL, '2023-09-27', '2023-11-09 11:58:51'),
(66, 2, 1, 5, 2, NULL, '2023-09-27', '2023-11-09 11:59:24'),
(67, 3, 1, 2, 2, NULL, '2023-09-27', '2023-11-09 11:59:41'),
(68, 3, 1, 2, 2, NULL, '2023-09-28', '2023-11-09 11:59:57'),
(69, 2, 1, 5, 2, NULL, '2023-09-28', '2023-11-09 12:00:09'),
(70, 5, 1, 5, 1, NULL, '2023-09-27', '2023-11-09 12:00:28'),
(71, 5, 1, 3, 1, NULL, '2023-09-27', '2023-11-09 12:00:42'),
(72, 6, 1, 2, 2, NULL, '2023-09-27', '2023-11-09 12:01:00'),
(73, 6, 1, 3, 2, NULL, '2023-09-27', '2023-11-09 12:01:15'),
(74, 3, 1, 2, 2, NULL, '2023-09-29', '2023-11-09 12:01:36'),
(75, 2, 1, 5, 2, NULL, '2023-09-29', '2023-11-09 12:01:49'),
(76, 5, 1, 1, 2, NULL, '2023-09-29', '2023-11-09 12:02:09'),
(77, 1, 1, 2, 2, 'Inwentaryzacja', '2023-09-29', '2023-11-09 12:02:41'),
(78, 1, 1, 1, 2, 'Inwentaryzacja', '2023-09-29', '2023-11-09 12:02:56'),
(79, 3, 2, 2, 2, NULL, '2023-10-02', '2023-11-16 10:08:21'),
(80, 2, 2, 9, 2, NULL, '2023-10-02', '2023-11-16 10:08:53'),
(81, 4, 2, 8, 2, NULL, '2023-10-02', '2023-11-16 10:09:23'),
(82, 6, 2, 2, 1, NULL, '2023-10-02', '2023-11-16 10:09:35'),
(83, 3, 2, 9, 2, NULL, '2023-10-03', '2023-11-16 10:10:10'),
(84, 2, 2, 8, 2, NULL, '2023-10-03', '2023-11-16 10:10:18'),
(85, 6, 2, 2, 2, NULL, '2023-10-03', '2023-11-16 10:10:32'),
(86, 3, 2, 2, 2, NULL, '2023-10-04', '2023-11-16 10:11:06'),
(87, 2, 2, 5, 2, NULL, '2023-10-04', '2023-11-16 10:11:11'),
(88, 5, 2, 5, 1, NULL, '2023-10-04', '2023-11-16 10:11:26'),
(89, 3, 2, 2, 2, NULL, '2023-10-05', '2023-11-16 10:12:06'),
(90, 2, 2, 5, 2, NULL, '2023-10-05', '2023-11-16 10:12:16'),
(91, 3, 2, 2, 1, NULL, '2023-10-06', '2023-11-21 13:52:12'),
(92, 3, 2, 24, 1, NULL, '2023-10-06', '2023-11-21 13:52:28'),
(93, 2, 2, 28, 1, NULL, '2023-10-06', '2023-11-21 13:52:42'),
(94, 2, 2, 9, 1, NULL, '2023-10-06', '2023-11-21 13:52:55'),
(95, 4, 2, 5, 1, NULL, '2023-10-06', '2023-11-21 13:53:04'),
(96, 4, 2, 8, 1, NULL, '2023-10-06', '2023-11-21 13:53:10'),
(97, 5, 2, 5, 3, NULL, '2023-10-06', '2023-11-21 13:53:25'),
(98, 3, 2, 24, 2, NULL, '2023-10-09', '2023-11-21 13:54:33'),
(99, 2, 2, 9, 2, NULL, '2023-10-09', '2023-11-21 13:54:44'),
(100, 4, 2, 8, 2, NULL, '2023-10-09', '2023-11-21 13:54:56'),
(101, 6, 2, 2, 5, NULL, '2023-10-10', '2023-11-21 13:55:21'),
(102, 3, 2, 28, 2, NULL, '2023-10-10', '2023-11-21 13:55:48'),
(103, 2, 2, 5, 2, NULL, '2023-10-10', '2023-11-21 13:55:55'),
(104, 3, 2, 2, 2, NULL, '2023-10-11', '2023-11-21 13:56:20'),
(105, 2, 2, 5, 2, NULL, '2023-10-11', '2023-11-21 13:56:29'),
(106, 4, 2, 24, 2, NULL, '2023-10-11', '2023-11-21 13:56:42'),
(114, 3, 2, 2, 2, NULL, '2023-10-12', '2024-01-08 10:03:07'),
(115, 2, 2, 5, 1.5, NULL, '2023-10-12', '2024-01-08 10:03:25'),
(116, 3, 2, 2, 1, NULL, '2023-10-13', '2024-01-08 10:04:01'),
(117, 3, 2, 24, 1, NULL, '2023-10-13', '2024-01-08 10:04:06'),
(118, 2, 2, 5, 1, NULL, '2023-10-13', '2024-01-08 10:04:27'),
(119, 2, 2, 9, 1, NULL, '2023-10-13', '2024-01-08 10:04:33'),
(120, 4, 2, 8, 1, NULL, '2023-10-13', '2024-01-08 10:04:50'),
(121, 3, 2, 28, 1.5, NULL, '2023-10-16', '2024-01-08 10:05:41'),
(122, 2, 2, 9, 1.5, NULL, '2023-10-16', '2024-01-08 10:05:58'),
(123, 4, 2, 8, 1.5, NULL, '2023-10-16', '2024-01-08 10:06:12'),
(124, 5, 2, 5, 1, NULL, '2023-10-16', '2024-01-08 10:06:21'),
(125, 6, 2, 2, 3, NULL, '2023-10-17', '2024-01-08 10:06:59'),
(126, 3, 2, 2, 1.5, NULL, '2023-10-23', '2024-01-08 10:07:36'),
(127, 2, 2, 9, 1.5, NULL, '2023-10-23', '2024-01-08 10:07:51'),
(128, 4, 2, 8, 0.5, NULL, '2023-10-23', '2024-01-08 10:08:05'),
(129, 4, 2, 28, 1, NULL, '2023-10-23', '2024-01-08 10:08:32'),
(130, 3, 2, 6, 1.5, NULL, '2023-10-24', '2024-01-08 10:09:08'),
(131, 2, 2, 5, 1.5, NULL, '2023-10-24', '2024-01-08 10:09:20'),
(132, 4, 2, 4, 1.5, NULL, '2023-10-24', '2024-01-08 10:09:28'),
(133, 5, 2, 5, 1, NULL, '2023-10-24', '2024-01-08 10:09:38'),
(134, 3, 2, 28, 1.5, NULL, '2023-10-25', '2024-01-08 10:09:58'),
(135, 2, 2, 5, 1.5, NULL, '2023-10-25', '2024-01-08 10:10:05'),
(136, 2, 2, 5, 1.5, NULL, '2023-10-26', '2024-01-08 10:10:24'),
(137, 4, 2, 4, 1.5, NULL, '2023-10-26', '2024-01-08 10:10:30'),
(138, 2, 2, 9, 1.5, NULL, '2023-10-27', '2024-01-08 10:10:45'),
(139, 4, 2, 4, 0.5, NULL, '2023-10-27', '2024-01-08 10:11:02'),
(140, 4, 2, 8, 0.5, NULL, '2023-10-27', '2024-01-08 10:11:11'),
(141, 2, 2, 9, 1.5, NULL, '2023-10-30', '2024-01-08 10:11:36'),
(142, 4, 2, 8, 1.5, NULL, '2023-10-30', '2024-01-08 10:11:44'),
(143, 4, 2, 4, 1.5, NULL, '2023-10-31', '2024-01-08 10:11:54'),
(144, 4, 2, 4, 1.5, NULL, '2023-11-02', '2024-01-08 10:12:10'),
(145, 3, 2, 28, 1.5, NULL, '2023-11-03', '2024-01-08 10:12:20'),
(146, 3, 2, 28, 1.5, NULL, '2023-11-06', '2024-01-08 10:12:32'),
(147, 2, 2, 9, 1.5, NULL, '2023-11-06', '2024-01-08 10:12:40'),
(148, 4, 2, 8, 1.5, NULL, '2023-11-06', '2024-01-08 10:12:48'),
(161, 3, 28, 29, 1.5, NULL, '2023-11-07', '2024-01-11 09:36:33'),
(162, 5, 28, 29, 1, NULL, '2023-11-07', '2024-01-11 09:36:40'),
(163, 2, 28, 5, 1.5, NULL, '2023-11-07', '2024-01-11 09:37:08'),
(164, 4, 28, 4, 1.5, NULL, '2023-11-07', '2024-01-11 09:37:18'),
(165, 3, 28, 31, 1.5, NULL, '2023-11-08', '2024-01-11 09:37:41'),
(166, 2, 28, 5, 1.5, NULL, '2023-11-08', '2024-01-11 09:37:50'),
(167, 4, 28, 28, 1.5, NULL, '2023-11-08', '2024-01-11 09:38:12'),
(168, 5, 28, 3, 1, NULL, '2023-11-08', '2024-01-11 09:38:30'),
(169, 3, 28, 29, 1.5, NULL, '2023-11-09', '2024-01-11 09:38:51'),
(170, 2, 28, 5, 1.5, NULL, '2023-11-09', '2024-01-11 09:39:05'),
(171, 4, 28, 4, 1.5, NULL, '2023-11-09', '2024-01-11 09:39:11'),
(172, 4, 28, 29, 1, NULL, '2023-11-09', '2024-01-11 09:39:17'),
(173, 3, 28, 6, 1.5, NULL, '2023-11-10', '2024-01-11 09:40:39'),
(174, 2, 28, 9, 1, NULL, '2023-11-10', '2024-01-11 09:40:58'),
(175, 4, 28, 8, 1, NULL, '2023-11-10', '2024-01-11 09:41:18'),
(176, 4, 28, 31, 0.5, NULL, '2023-11-10', '2024-01-11 09:41:28'),
(177, 5, 28, 31, 1, NULL, '2023-11-10', '2024-01-11 09:41:34'),
(178, 3, 28, 6, 1.5, NULL, '2023-11-13', '2024-01-11 09:42:17'),
(179, 2, 28, 9, 1.5, NULL, '2023-11-13', '2024-01-11 09:42:24'),
(180, 4, 28, 25, 1.5, NULL, '2023-11-13', '2024-01-11 09:42:32'),
(181, 5, 28, 6, 1, NULL, '2023-11-13', '2024-01-11 09:43:01'),
(182, 3, 28, 29, 1.5, NULL, '2023-11-14', '2024-01-11 09:43:28'),
(183, 2, 28, 4, 1.5, NULL, '2023-11-14', '2024-01-11 09:43:37'),
(184, 4, 28, 27, 1.5, NULL, '2023-11-14', '2024-01-11 09:43:47'),
(185, 5, 28, 31, 1, NULL, '2023-11-14', '2024-01-11 09:43:54'),
(186, 3, 28, 25, 1.5, NULL, '2023-11-15', '2024-01-11 09:44:31'),
(187, 2, 28, 26, 1.5, NULL, '2023-11-15', '2024-01-11 09:44:39'),
(188, 4, 28, 31, 1.5, NULL, '2023-11-15', '2024-01-11 09:44:58'),
(189, 5, 28, 3, 1, NULL, '2023-11-15', '2024-01-11 09:45:15'),
(190, 3, 28, 26, 1.5, NULL, '2023-11-16', '2024-01-11 09:45:38'),
(191, 2, 28, 31, 1.5, NULL, '2023-11-16', '2024-01-11 09:45:43'),
(192, 4, 28, 27, 1.5, NULL, '2023-11-16', '2024-01-11 09:45:48'),
(193, 5, 28, 29, 1, NULL, '2023-11-16', '2024-01-11 09:45:55'),
(194, 3, 28, 31, 1.5, NULL, '2023-11-17', '2024-01-11 09:46:12'),
(195, 2, 28, 26, 1.5, NULL, '2023-11-17', '2024-01-11 09:46:19'),
(196, 4, 28, 27, 1.5, NULL, '2023-11-17', '2024-01-11 09:46:27'),
(197, 5, 28, 27, 1, NULL, '2023-11-17', '2024-01-11 09:46:35'),
(198, 6, 28, 28, 2.5, NULL, '2024-01-06', '2024-01-11 09:48:15'),
(199, 6, 28, 28, 4, NULL, '2023-11-18', '2024-01-11 09:49:23'),
(200, 6, 28, 28, 4, NULL, '2023-11-23', '2024-01-11 09:50:51'),
(201, 6, 28, 28, 3.5, NULL, '2023-12-10', '2024-01-11 09:51:20'),
(202, 3, 28, 26, 1.5, NULL, '2023-11-20', '2024-01-11 09:53:17'),
(203, 2, 28, 9, 1.5, NULL, '2023-11-20', '2024-01-11 09:53:23'),
(204, 4, 28, 8, 1.5, NULL, '2023-11-20', '2024-01-11 09:53:28'),
(205, 5, 28, 3, 1, NULL, '2023-11-20', '2024-01-11 09:53:46'),
(206, 3, 28, 26, 1.5, NULL, '2023-11-21', '2024-01-11 09:54:10'),
(207, 2, 28, 25, 1.5, NULL, '2023-11-21', '2024-01-11 09:54:16'),
(208, 4, 28, 27, 1.5, NULL, '2023-11-21', '2024-01-11 09:54:23'),
(209, 5, 28, 28, 1, NULL, '2023-11-21', '2024-01-11 09:54:36'),
(210, 3, 28, 31, 1.5, NULL, '2023-11-22', '2024-01-11 09:55:04'),
(211, 2, 28, 27, 1.5, NULL, '2023-11-22', '2024-01-11 09:55:10'),
(212, 4, 28, 25, 1.5, NULL, '2023-11-22', '2024-01-11 09:55:19'),
(213, 5, 28, 26, 0.5, NULL, '2023-11-22', '2024-01-11 09:55:32'),
(214, 5, 28, 27, 0.5, NULL, '2023-11-22', '2024-01-11 09:55:38'),
(215, 3, 28, 29, 1.5, NULL, '2023-11-23', '2024-01-11 09:55:53'),
(216, 2, 28, 31, 1.5, NULL, '2023-11-23', '2024-01-11 09:55:59'),
(217, 4, 28, 25, 1.5, NULL, '2023-11-23', '2024-01-11 09:56:05'),
(218, 5, 28, 29, 1, NULL, '2023-11-23', '2024-01-11 09:56:13'),
(219, 3, 28, 25, 1.5, NULL, '2023-11-24', '2024-01-11 09:56:29'),
(220, 2, 28, 26, 1.5, NULL, '2023-11-24', '2024-01-11 09:56:47'),
(221, 4, 28, 31, 1.5, NULL, '2023-11-24', '2024-01-11 09:58:24'),
(222, 3, 28, 28, 1.5, NULL, '2023-11-27', '2024-01-11 10:00:11'),
(223, 2, 28, 26, 1.5, NULL, '2023-11-27', '2024-01-11 10:00:46'),
(224, 4, 28, 25, 1.5, NULL, '2023-11-27', '2024-01-11 10:00:54'),
(225, 4, 28, 26, 1.5, NULL, '2023-11-28', '2024-01-11 10:01:39'),
(226, 3, 28, 28, 1.5, NULL, '2023-11-29', '2024-01-11 10:01:56'),
(227, 2, 28, 31, 1.5, NULL, '2023-11-29', '2024-01-11 10:02:09'),
(228, 4, 28, 4, 1.5, NULL, '2023-11-29', '2024-01-11 10:02:16'),
(229, 5, 28, 3, 1, NULL, '2023-11-29', '2024-01-11 10:02:22'),
(230, 3, 28, 29, 1.5, NULL, '2023-11-30', '2024-01-11 10:05:46'),
(231, 2, 28, 4, 1.5, NULL, '2023-11-30', '2024-01-11 10:05:52'),
(232, 4, 28, 31, 1.5, NULL, '2023-11-30', '2024-01-11 10:06:00'),
(233, 5, 28, 29, 1, NULL, '2023-11-30', '2024-01-11 10:06:06'),
(234, 3, 28, 29, 1.5, NULL, '2023-12-01', '2024-01-11 10:06:28'),
(235, 2, 28, 25, 1.5, NULL, '2023-12-01', '2024-01-11 10:06:32'),
(236, 4, 28, 4, 1.5, NULL, '2023-12-01', '2024-01-11 10:06:50'),
(237, 5, 28, 26, 1, NULL, '2023-12-01', '2024-01-11 10:07:00'),
(238, 3, 28, 26, 1.5, NULL, '2023-12-04', '2024-01-11 10:22:49'),
(239, 2, 28, 27, 1.5, NULL, '2023-12-04', '2024-01-11 10:24:39'),
(240, 4, 28, 25, 1.5, NULL, '2023-12-04', '2024-01-11 10:26:00'),
(241, 5, 28, 3, 1, NULL, '2023-12-04', '2024-01-11 10:26:39'),
(242, 3, 28, 25, 1.5, NULL, '2023-12-05', '2024-01-11 10:27:04'),
(243, 2, 28, 28, 1.5, NULL, '2023-12-05', '2024-01-11 10:27:27'),
(244, 4, 28, 27, 1.5, NULL, '2023-12-05', '2024-01-11 10:27:32'),
(246, 5, 28, 30, 1, NULL, '2023-12-05', '2024-01-11 10:27:59'),
(247, 3, 28, 26, 1.5, NULL, '2023-12-06', '2024-01-11 10:29:31'),
(248, 2, 28, 25, 1.5, NULL, '2023-12-06', '2024-01-11 10:29:36'),
(249, 4, 28, 27, 1.5, NULL, '2023-12-06', '2024-01-11 10:29:42'),
(250, 5, 28, 3, 1, NULL, '2023-12-06', '2024-01-11 10:29:50'),
(251, 3, 28, 29, 1.5, NULL, '2023-12-07', '2024-01-11 10:30:06'),
(252, 2, 28, 5, 1.5, NULL, '2023-12-07', '2024-01-11 10:30:13'),
(253, 4, 28, 31, 1.5, NULL, '2023-12-07', '2024-01-11 10:30:24'),
(254, 5, 28, 30, 1, NULL, '2023-12-07', '2024-01-11 10:30:29'),
(255, 3, 28, 29, 1.5, NULL, '2023-12-08', '2024-01-11 10:30:45'),
(256, 2, 28, 27, 1.5, NULL, '2023-12-08', '2024-01-11 10:30:51'),
(257, 4, 28, 26, 1.5, NULL, '2023-12-08', '2024-01-11 10:30:59'),
(258, 5, 28, 27, 1, NULL, '2023-12-08', '2024-01-11 10:31:07'),
(259, 5, 28, 30, 1, NULL, '2023-12-08', '2024-01-11 10:31:41'),
(260, 3, 28, 28, 1.5, NULL, '2023-12-11', '2024-01-11 10:32:37'),
(261, 2, 28, 27, 1.5, NULL, '2023-12-11', '2024-01-11 10:32:41'),
(262, 4, 28, 25, 1.5, NULL, '2023-12-11', '2024-01-11 10:32:49'),
(263, 5, 28, 30, 1, NULL, '2023-12-11', '2024-01-11 10:32:54'),
(264, 5, 28, 30, 1, NULL, '2023-12-11', '2024-01-11 10:32:56'),
(265, 3, 28, 25, 1.5, NULL, '2023-12-11', '2024-01-11 10:33:05'),
(266, 2, 28, 5, 1.5, NULL, '2023-12-11', '2024-01-11 10:33:14'),
(267, 4, 28, 27, 1.5, NULL, '2023-12-11', '2024-01-11 10:33:19'),
(268, 5, 28, 30, 1, NULL, '2023-12-11', '2024-01-11 10:33:25'),
(269, 3, 28, 25, 1.5, NULL, '2023-12-13', '2024-01-11 10:34:28'),
(270, 2, 28, 31, 1.5, NULL, '2023-12-13', '2024-01-11 10:34:41'),
(271, 4, 28, 28, 1.5, NULL, '2023-12-13', '2024-01-11 10:34:44'),
(272, 5, 28, 30, 1, NULL, '2023-12-13', '2024-01-11 10:34:51'),
(274, 2, 28, 5, 1.5, NULL, '2023-12-14', '2024-01-11 10:35:13'),
(275, 4, 28, 25, 1.5, NULL, '2023-12-14', '2024-01-11 10:35:18'),
(276, 5, 28, 30, 1, NULL, '2023-12-14', '2024-01-11 10:35:24'),
(277, 3, 28, 29, 1.5, NULL, '2023-12-14', '2024-01-11 10:35:32'),
(279, 3, 28, 29, 1.5, NULL, '2023-12-15', '2024-01-11 10:36:05'),
(280, 2, 28, 27, 1.5, NULL, '2023-12-15', '2024-01-11 10:36:09'),
(281, 4, 28, 25, 1.5, NULL, '2023-12-15', '2024-01-11 10:36:14'),
(282, 5, 28, 30, 1, NULL, '2023-12-15', '2024-01-11 10:36:21'),
(283, 3, 28, 25, 1.5, NULL, '2023-12-18', '2024-01-11 10:36:55'),
(284, 2, 28, 9, 1.5, NULL, '2023-12-18', '2024-01-11 10:37:00'),
(285, 4, 28, 28, 1.5, NULL, '2023-12-18', '2024-01-11 10:37:05'),
(286, 5, 28, 30, 1, NULL, '2023-12-18', '2024-01-11 10:37:13'),
(287, 3, 28, 30, 1.5, NULL, '2023-12-19', '2024-01-11 10:37:36'),
(288, 2, 28, 4, 1.5, NULL, '2023-12-19', '2024-01-11 10:37:40'),
(289, 4, 28, 26, 1.5, NULL, '2023-12-19', '2024-01-11 10:37:45'),
(290, 4, 28, 30, 1, NULL, '2023-12-19', '2024-01-11 10:37:48'),
(291, 3, 28, 30, 1.5, NULL, '2023-12-20', '2024-01-11 10:37:57'),
(292, 2, 28, 25, 1.5, NULL, '2023-12-20', '2024-01-11 10:38:11'),
(293, 4, 28, 28, 1.5, NULL, '2023-12-20', '2024-01-11 10:38:17'),
(294, 5, 28, 30, 1, NULL, '2023-12-20', '2024-01-11 10:38:26'),
(295, 3, 28, 29, 1.5, NULL, '2023-12-21', '2024-01-11 10:38:59'),
(296, 2, 28, 4, 1.5, NULL, '2023-12-21', '2024-01-11 10:39:04'),
(297, 4, 28, 25, 1.5, NULL, '2023-12-21', '2024-01-11 10:39:10'),
(298, 5, 28, 30, 1, NULL, '2023-12-21', '2024-01-11 10:39:17'),
(299, 3, 28, 4, 1.5, NULL, '2024-01-02', '2024-01-11 10:40:58'),
(300, 2, 28, 26, 1.5, NULL, '2024-01-02', '2024-01-11 10:41:36'),
(301, 4, 28, 28, 1.5, NULL, '2024-01-02', '2024-01-11 10:41:42'),
(302, 5, 28, 30, 1, NULL, '2024-01-02', '2024-01-11 10:41:49'),
(303, 3, 28, 4, 1.5, NULL, '2024-01-03', '2024-01-11 10:42:06'),
(305, 4, 28, 28, 1.5, NULL, '2024-01-03', '2024-01-11 10:42:19'),
(306, 5, 28, 30, 1, NULL, '2024-01-03', '2024-01-11 10:42:34'),
(308, 3, 28, 29, 1.5, NULL, '2024-01-04', '2024-01-11 10:44:14'),
(309, 2, 28, 5, 1.5, NULL, '2024-01-04', '2024-01-11 10:44:23'),
(310, 4, 28, 4, 1.5, NULL, '2024-01-04', '2024-01-11 10:44:27'),
(311, 5, 28, 30, 1, NULL, '2024-01-04', '2024-01-11 10:44:36'),
(312, 3, 28, 27, 1.5, NULL, '2024-01-05', '2024-01-11 10:45:04'),
(313, 2, 28, 25, 1.5, NULL, '2024-01-05', '2024-01-11 10:45:11'),
(314, 4, 28, 26, 1.5, NULL, '2024-01-05', '2024-01-11 10:45:20'),
(315, 5, 28, 30, 1, NULL, '2024-01-05', '2024-01-11 10:45:24'),
(316, 3, 28, 27, 1.5, NULL, '2024-01-08', '2024-01-11 10:45:54'),
(317, 2, 28, 30, 1.5, NULL, '2024-01-08', '2024-01-11 10:45:59'),
(318, 4, 28, 5, 1.5, NULL, '2024-01-08', '2024-01-11 10:46:06'),
(319, 5, 28, 30, 1, NULL, '2024-01-08', '2024-01-11 10:46:12'),
(320, 3, 28, 28, 1.5, NULL, '2024-01-09', '2024-01-11 10:52:37'),
(321, 2, 28, 26, 1.5, NULL, '2024-01-09', '2024-01-11 10:52:42'),
(322, 4, 28, 27, 1.5, NULL, '2024-01-09', '2024-01-11 10:53:07'),
(323, 5, 28, 30, 1, NULL, '2024-01-09', '2024-01-11 10:53:14'),
(324, 3, 28, 28, 1.5, NULL, '2024-01-10', '2024-01-11 10:53:44'),
(325, 2, 28, 26, 1.5, NULL, '2024-01-10', '2024-01-11 10:53:50'),
(326, 4, 28, 27, 1.5, NULL, '2024-01-10', '2024-01-11 10:53:56'),
(327, 5, 28, 30, 1, NULL, '2024-01-10', '2024-01-11 10:54:03'),
(328, 3, 28, 29, 1.5, NULL, '2024-01-11', '2024-01-11 10:54:20'),
(329, 2, 28, 6, 1.5, NULL, '2024-01-11', '2024-01-11 10:55:05'),
(330, 4, 28, 30, 1.5, NULL, '2024-01-11', '2024-01-11 10:55:23'),
(331, 5, 28, 29, 1, NULL, '2024-01-11', '2024-01-11 10:55:34'),
(332, 3, 28, 27, 1.5, NULL, '2024-01-12', '2024-01-11 10:55:55'),
(333, 2, 28, 30, 1.5, NULL, '2024-01-12', '2024-01-11 10:56:04'),
(334, 4, 28, 25, 1.5, NULL, '2024-01-12', '2024-01-11 10:56:10'),
(336, 1, 28, 3, 2, 'Rozliczenie zaległych godzin (listopad - styczeń)', '2024-01-12', '2024-01-11 10:57:10'),
(337, 3, 30, 25, 1.5, NULL, '2024-01-15', '2024-01-15 11:34:58'),
(338, 2, 30, 5, 1.5, NULL, '2024-01-15', '2024-01-15 11:35:37'),
(339, 4, 30, 26, 1.5, NULL, '2024-01-15', '2024-01-15 11:36:21'),
(340, 5, 30, 30, 1.5, NULL, '2024-01-15', '2024-01-15 11:36:42'),
(341, 3, 30, 28, 1.5, NULL, '2024-01-16', '2024-01-15 11:37:55'),
(342, 2, 30, 5, 1.5, NULL, '2024-01-16', '2024-01-15 11:38:13'),
(343, 4, 30, 27, 1.5, NULL, '2024-01-16', '2024-01-15 11:38:41'),
(344, 5, 30, 30, 1.5, NULL, '2024-01-16', '2024-01-15 11:38:58'),
(345, 3, 30, 25, 1.5, NULL, '2024-01-17', '2024-01-15 11:39:51'),
(346, 2, 30, 5, 1.5, NULL, '2024-01-17', '2024-01-15 11:40:07'),
(347, 4, 30, 27, 1.5, NULL, '2024-01-17', '2024-01-15 11:40:28'),
(348, 5, 30, 30, 1.5, NULL, '2024-01-17', '2024-01-15 11:40:47'),
(349, 5, 30, 26, 1.5, NULL, '2024-01-17', '2024-01-15 11:41:20'),
(352, 2, 30, 30, 1.5, NULL, '2024-01-18', '2024-01-15 11:42:52'),
(354, 5, 30, 30, 1.5, NULL, '2024-01-18', '2024-01-15 11:43:34'),
(355, 5, 30, 29, 1.5, NULL, '2024-01-18', '2024-01-15 11:43:51'),
(361, 3, 30, 30, 0.5, NULL, '2024-01-15', '2024-01-15 12:29:38');

-- --------------------------------------------------------

--
-- Struktura tabeli dla tabeli `workers`
--

CREATE TABLE `workers` (
  `id` int(11) NOT NULL,
  `name` text DEFAULT NULL,
  `surname` text DEFAULT NULL,
  `password` text DEFAULT NULL
) ENGINE=InnoDB DEFAULT CHARSET=utf8mb4 COLLATE=utf8mb4_general_ci;

--
-- Dumping data for table `workers`
--

INSERT INTO `workers` (`id`, `name`, `surname`, `password`) VALUES
(1, 'Igor', 'Manoryk', '25195078985541290000'),
(2, 'Grzegorz', 'Studniarz', '67685136012979905000'),
(3, 'Mateusz', 'Bieniek', '1234567890'),
(4, 'Anna', 'Poloczek', '905150c4d8c55e7788dddcd65c11698b28b39c9ee294c212fd64ef477006995c'),
(5, 'Sebastian', 'Czop', '7095c274f87716295ac912266cad6e48cee744318297d9c02f43f9921311e676'),
(6, 'Szymon', 'Śliwa', '779aa14720a1c0631bdfad590ad4f475681e0dda690c6d3286ed707c868b3881'),
(7, 'Paweł', 'Duda', 'df4195e43645aba736a251e8b27b8b01995a08708749a4044883304ee313845f'),
(8, 'Paweł', 'Małek', '3b193a3b815a794c9c8be5e9a4839e67f7bc82a5b2ebe66735e0ef78281cb097'),
(9, 'Fabian', 'Wróbel', 'c322ef5bfa347981f95ae92e98f0293cfc8be01f5088bbf5ccd8c3070b566fe9'),
(10, 'Krzysztof', 'Kwiczała', 'f78831150db8ef5ba2aecfa121ea7a6a16d388677fcd61fb35559712ab84f83a'),
(11, 'Patryk', 'Zarzycki', '44a87786bad35a85ebc62d9695d3ba8f593bfd11656765d601526d06ff9cef9b'),
(12, 'Kacper', 'Partyka', 'abcf91a1a3001eb1e821cc56616e59ceeeb27da4d40558cff995f1f9c53e9aed'),
(13, 'Patryk', 'Bednarek', '0f9d48c1bcb305c05f24bf7b728c2d985dd59fcfd76a61f1c33e739e75b4d87f'),
(14, 'Monika', 'Gołata', 'e31c8aeb8ea75df67f2dde1eb0954cd6fdf48cb961889018d976c230d22d196b'),
(15, 'Konrad', 'Zdziarski', 'ea8aae9374aca650b74ca577c4a2768dd44ed80887aae68988ee5137a853252f'),
(16, 'Szymon', 'Łukasz', 'c0331fbe2da6b0fcb035748656179bb93aa7ae0f7698cab3367547e3cd44b704'),
(17, 'Maksym', 'Wołyniec', 'f06e4b1bb1b9074f371ced7f27e7aa50564964313f6c9ceede8a82e57fbace62'),
(18, 'Kacper', 'Skorek', 'cfa5a7b56948d3aced5cb01d53f0e906e7db4538a89e8af2ab1ebf084d8aafbf'),
(19, 'Matteo', 'Ross', '28b4763e46b4024b8d866f0e128bf246a2c461893c80c6240443822f5be03d59'),
(20, 'Mateusz', 'Załóg', '911e926e3ca7176f51f3bb1ed1d8d362f22519342d2d5aedb2dcc7691765dbde'),
(21, 'Bartosz', 'Szypuła', '333c0a83d338308a078e96b7f56ab87869555f9c3563b570e284821503c5431e'),
(22, 'Jakub', 'Kozyra', '96f181b4d944718b8afb5f8b513f6c08985643157f095d3e961825ebffb8b0dd'),
(23, 'Jakub', 'Belcerek', 'e8f325d8a61d16f7f274dbf9c2fbd05ac995ffcd3b7ece9fd60a3c3da0ed8f18'),
(24, 'Dawid', 'Topczewski', 'f8511343ba5d4e6783595bf7f932800b084d26e79fec9b47ae9656e2a7a04e94'),
(25, 'Patryk', 'Kula', '275be7e9740b52e444b734185dd327084eaa52267038abbebdba384744c76766'),
(26, 'Tobiasz', 'Stefaniuk', '56068cc2ba695d429d3aa39e2f9611584cbb113752a1be1015c816e7a880dd0a'),
(27, 'Franciszek', 'Gołąbek', '263b49e969b73ed22202556f6fd57e90274eb6a847e7e84a076f23aab99324dc'),
(28, 'Szymon', 'Wójcik', '9671d0d5a3037d579b9067e6e3bf8780f47542c6d227c4a1f1749585807642ee'),
(29, 'Victoria', 'Wedekind', '3339d335a9d4d68a3a4e870f25ffeac19f96b2472b1996d30b69f26fe60bcefd'),
(30, 'Oskar', 'Szmurło', '6dcfb3a7a02513f63f306d0286af3eced99834db56122c1a94f2a715dbb411ad'),
(31, 'Kuba', 'Pudełko', 'a0bb657c1492181cefd22d762caa0a4de214449dbcb977db53b16a23dd9cc716');

--
-- Indeksy dla zrzutów tabel
--

--
-- Indeksy dla tabeli `activities`
--
ALTER TABLE `activities`
  ADD PRIMARY KEY (`id`);

--
-- Indeksy dla tabeli `articles`
--
ALTER TABLE `articles`
  ADD PRIMARY KEY (`id`),
  ADD KEY `FK_company_id` (`company_id`);

--
-- Indeksy dla tabeli `articles_sellment`
--
ALTER TABLE `articles_sellment`
  ADD PRIMARY KEY (`id`),
  ADD KEY `article_id` (`article_id`),
  ADD KEY `order_id` (`order_id`);

--
-- Indeksy dla tabeli `clients`
--
ALTER TABLE `clients`
  ADD PRIMARY KEY (`id`);

--
-- Indeksy dla tabeli `coffee_subscription`
--
ALTER TABLE `coffee_subscription`
  ADD PRIMARY KEY (`id`),
  ADD KEY `FK_client_id` (`client_id`);

--
-- Indeksy dla tabeli `companies`
--
ALTER TABLE `companies`
  ADD PRIMARY KEY (`id`);

--
-- Indeksy dla tabeli `lessons`
--
ALTER TABLE `lessons`
  ADD PRIMARY KEY (`id`);

--
-- Indeksy dla tabeli `logs`
--
ALTER TABLE `logs`
  ADD PRIMARY KEY (`id`),
  ADD KEY `worker_id` (`worker_id`),
  ADD KEY `client_id` (`client_id`);

--
-- Indeksy dla tabeli `orders`
--
ALTER TABLE `orders`
  ADD PRIMARY KEY (`id`),
  ADD KEY `lesson_id` (`lesson_id`);

--
-- Indeksy dla tabeli `payment_methods`
--
ALTER TABLE `payment_methods`
  ADD PRIMARY KEY (`id`);

--
-- Indeksy dla tabeli `permissions`
--
ALTER TABLE `permissions`
  ADD PRIMARY KEY (`id`),
  ADD KEY `FK_worker_id` (`worker_id`),
  ADD KEY `FK_role_id` (`role_id`);

--
-- Indeksy dla tabeli `products_category`
--
ALTER TABLE `products_category`
  ADD PRIMARY KEY (`id`);

--
-- Indeksy dla tabeli `products_category_connection`
--
ALTER TABLE `products_category_connection`
  ADD PRIMARY KEY (`id`),
  ADD KEY `product_id` (`product_id`),
  ADD KEY `category_id` (`category_id`);

--
-- Indeksy dla tabeli `products_options`
--
ALTER TABLE `products_options`
  ADD PRIMARY KEY (`id`),
  ADD KEY `category_id` (`category_id`);

--
-- Indeksy dla tabeli `products_options_list`
--
ALTER TABLE `products_options_list`
  ADD PRIMARY KEY (`id`),
  ADD KEY `articles_sellment_id` (`articles_sellment_id`),
  ADD KEY `category_id` (`category_id`),
  ADD KEY `option_id` (`option_id`);

--
-- Indeksy dla tabeli `roles`
--
ALTER TABLE `roles`
  ADD PRIMARY KEY (`id`);

--
-- Indeksy dla tabeli `sellment_close`
--
ALTER TABLE `sellment_close`
  ADD PRIMARY KEY (`id`),
  ADD KEY `issuer_worker_id` (`issuer_worker_id`),
  ADD KEY `ending_order_id` (`ending_order_id`);

--
-- Indeksy dla tabeli `version`
--
ALTER TABLE `version`
  ADD PRIMARY KEY (`id`);

--
-- Indeksy dla tabeli `version_feature`
--
ALTER TABLE `version_feature`
  ADD PRIMARY KEY (`id`),
  ADD KEY `version_id` (`version_id`);

--
-- Indeksy dla tabeli `worked_hours`
--
ALTER TABLE `worked_hours`
  ADD PRIMARY KEY (`id`),
  ADD KEY `worked_hours_ibfk_1` (`activity_id`),
  ADD KEY `worked_hours_ibfk_2` (`admin_id`),
  ADD KEY `worked_hours_ibfk_3` (`worker_id`);

--
-- Indeksy dla tabeli `workers`
--
ALTER TABLE `workers`
  ADD PRIMARY KEY (`id`);

--
-- AUTO_INCREMENT for dumped tables
--

--
-- AUTO_INCREMENT for table `activities`
--
ALTER TABLE `activities`
  MODIFY `id` int(11) NOT NULL AUTO_INCREMENT, AUTO_INCREMENT=8;

--
-- AUTO_INCREMENT for table `articles`
--
ALTER TABLE `articles`
  MODIFY `id` int(11) NOT NULL AUTO_INCREMENT, AUTO_INCREMENT=118;

--
-- AUTO_INCREMENT for table `articles_sellment`
--
ALTER TABLE `articles_sellment`
  MODIFY `id` int(11) NOT NULL AUTO_INCREMENT, AUTO_INCREMENT=4803;

--
-- AUTO_INCREMENT for table `clients`
--
ALTER TABLE `clients`
  MODIFY `id` int(11) NOT NULL AUTO_INCREMENT, AUTO_INCREMENT=3;

--
-- AUTO_INCREMENT for table `coffee_subscription`
--
ALTER TABLE `coffee_subscription`
  MODIFY `id` int(11) NOT NULL AUTO_INCREMENT, AUTO_INCREMENT=4;

--
-- AUTO_INCREMENT for table `companies`
--
ALTER TABLE `companies`
  MODIFY `id` int(11) NOT NULL AUTO_INCREMENT, AUTO_INCREMENT=3;

--
-- AUTO_INCREMENT for table `lessons`
--
ALTER TABLE `lessons`
  MODIFY `id` int(11) NOT NULL AUTO_INCREMENT, AUTO_INCREMENT=14;

--
-- AUTO_INCREMENT for table `logs`
--
ALTER TABLE `logs`
  MODIFY `id` int(11) NOT NULL AUTO_INCREMENT;

--
-- AUTO_INCREMENT for table `orders`
--
ALTER TABLE `orders`
  MODIFY `id` int(11) NOT NULL AUTO_INCREMENT, AUTO_INCREMENT=3766;

--
-- AUTO_INCREMENT for table `payment_methods`
--
ALTER TABLE `payment_methods`
  MODIFY `id` int(11) NOT NULL AUTO_INCREMENT, AUTO_INCREMENT=3;

--
-- AUTO_INCREMENT for table `permissions`
--
ALTER TABLE `permissions`
  MODIFY `id` int(11) NOT NULL AUTO_INCREMENT, AUTO_INCREMENT=12;

--
-- AUTO_INCREMENT for table `products_category`
--
ALTER TABLE `products_category`
  MODIFY `id` int(11) NOT NULL AUTO_INCREMENT, AUTO_INCREMENT=2;

--
-- AUTO_INCREMENT for table `products_category_connection`
--
ALTER TABLE `products_category_connection`
  MODIFY `id` int(11) NOT NULL AUTO_INCREMENT, AUTO_INCREMENT=5;

--
-- AUTO_INCREMENT for table `products_options`
--
ALTER TABLE `products_options`
  MODIFY `id` int(11) NOT NULL AUTO_INCREMENT, AUTO_INCREMENT=4;

--
-- AUTO_INCREMENT for table `products_options_list`
--
ALTER TABLE `products_options_list`
  MODIFY `id` int(11) NOT NULL AUTO_INCREMENT, AUTO_INCREMENT=29;

--
-- AUTO_INCREMENT for table `roles`
--
ALTER TABLE `roles`
  MODIFY `id` int(11) NOT NULL AUTO_INCREMENT, AUTO_INCREMENT=3;

--
-- AUTO_INCREMENT for table `sellment_close`
--
ALTER TABLE `sellment_close`
  MODIFY `id` int(11) NOT NULL AUTO_INCREMENT, AUTO_INCREMENT=86;

--
-- AUTO_INCREMENT for table `version`
--
ALTER TABLE `version`
  MODIFY `id` int(11) NOT NULL AUTO_INCREMENT, AUTO_INCREMENT=2;

--
-- AUTO_INCREMENT for table `version_feature`
--
ALTER TABLE `version_feature`
  MODIFY `id` int(11) NOT NULL AUTO_INCREMENT, AUTO_INCREMENT=7;

--
-- AUTO_INCREMENT for table `worked_hours`
--
ALTER TABLE `worked_hours`
  MODIFY `id` int(11) NOT NULL AUTO_INCREMENT, AUTO_INCREMENT=363;

--
-- AUTO_INCREMENT for table `workers`
--
ALTER TABLE `workers`
  MODIFY `id` int(11) NOT NULL AUTO_INCREMENT, AUTO_INCREMENT=32;

--
-- Constraints for dumped tables
--

--
-- Constraints for table `articles`
--
ALTER TABLE `articles`
  ADD CONSTRAINT `FK_company_id` FOREIGN KEY (`company_id`) REFERENCES `companies` (`id`);

--
-- Constraints for table `articles_sellment`
--
ALTER TABLE `articles_sellment`
  ADD CONSTRAINT `articles_sellment_ibfk_1` FOREIGN KEY (`article_id`) REFERENCES `articles` (`id`),
  ADD CONSTRAINT `articles_sellment_ibfk_2` FOREIGN KEY (`order_id`) REFERENCES `orders` (`id`);

--
-- Constraints for table `coffee_subscription`
--
ALTER TABLE `coffee_subscription`
  ADD CONSTRAINT `FK_client_id` FOREIGN KEY (`client_id`) REFERENCES `clients` (`id`);

--
-- Constraints for table `logs`
--
ALTER TABLE `logs`
  ADD CONSTRAINT `logs_ibfk_1` FOREIGN KEY (`worker_id`) REFERENCES `workers` (`id`),
  ADD CONSTRAINT `logs_ibfk_2` FOREIGN KEY (`client_id`) REFERENCES `clients` (`id`),
  ADD CONSTRAINT `logs_ibfk_3` FOREIGN KEY (`client_id`) REFERENCES `clients` (`id`);

--
-- Constraints for table `orders`
--
ALTER TABLE `orders`
  ADD CONSTRAINT `orders_ibfk_1` FOREIGN KEY (`lesson_id`) REFERENCES `lessons` (`id`);

--
-- Constraints for table `permissions`
--
ALTER TABLE `permissions`
  ADD CONSTRAINT `FK_role_id` FOREIGN KEY (`role_id`) REFERENCES `roles` (`id`),
  ADD CONSTRAINT `FK_worker_id` FOREIGN KEY (`worker_id`) REFERENCES `workers` (`id`);

--
-- Constraints for table `products_category_connection`
--
ALTER TABLE `products_category_connection`
  ADD CONSTRAINT `products_category_connection_ibfk_1` FOREIGN KEY (`product_id`) REFERENCES `articles` (`id`),
  ADD CONSTRAINT `products_category_connection_ibfk_2` FOREIGN KEY (`category_id`) REFERENCES `products_category` (`id`);

--
-- Constraints for table `products_options`
--
ALTER TABLE `products_options`
  ADD CONSTRAINT `products_options_ibfk_1` FOREIGN KEY (`category_id`) REFERENCES `products_category` (`id`);

--
-- Constraints for table `products_options_list`
--
ALTER TABLE `products_options_list`
  ADD CONSTRAINT `products_options_list_ibfk_1` FOREIGN KEY (`articles_sellment_id`) REFERENCES `articles_sellment` (`id`),
  ADD CONSTRAINT `products_options_list_ibfk_2` FOREIGN KEY (`category_id`) REFERENCES `products_category` (`id`),
  ADD CONSTRAINT `products_options_list_ibfk_3` FOREIGN KEY (`articles_sellment_id`) REFERENCES `articles_sellment` (`id`),
  ADD CONSTRAINT `products_options_list_ibfk_4` FOREIGN KEY (`category_id`) REFERENCES `products_category` (`id`),
  ADD CONSTRAINT `products_options_list_ibfk_5` FOREIGN KEY (`option_id`) REFERENCES `products_options` (`id`);

--
-- Constraints for table `sellment_close`
--
ALTER TABLE `sellment_close`
  ADD CONSTRAINT `sellment_close_ibfk_1` FOREIGN KEY (`issuer_worker_id`) REFERENCES `workers` (`id`),
  ADD CONSTRAINT `sellment_close_ibfk_2` FOREIGN KEY (`ending_order_id`) REFERENCES `orders` (`id`);

--
-- Constraints for table `version_feature`
--
ALTER TABLE `version_feature`
  ADD CONSTRAINT `version_feature_ibfk_1` FOREIGN KEY (`version_id`) REFERENCES `version` (`id`);

--
-- Constraints for table `worked_hours`
--
ALTER TABLE `worked_hours`
  ADD CONSTRAINT `worked_hours_ibfk_1` FOREIGN KEY (`activity_id`) REFERENCES `activities` (`id`),
  ADD CONSTRAINT `worked_hours_ibfk_2` FOREIGN KEY (`admin_id`) REFERENCES `workers` (`id`),
  ADD CONSTRAINT `worked_hours_ibfk_3` FOREIGN KEY (`worker_id`) REFERENCES `workers` (`id`);
COMMIT;

/*!40101 SET CHARACTER_SET_CLIENT=@OLD_CHARACTER_SET_CLIENT */;
/*!40101 SET CHARACTER_SET_RESULTS=@OLD_CHARACTER_SET_RESULTS */;
/*!40101 SET COLLATION_CONNECTION=@OLD_COLLATION_CONNECTION */;
